Rank,Player,Position,Nation Code,Nation,Club,Age,Born,Matches Played,Starts,Minutes Played,90s Played,Goals,Assists,Goals + Assists,Non-Penalty Goals,Penalties Scored,Penalties Attempted,Yellow Cards,Red Cards,Goals per 90,Assists per 90,G+A per 90,Shots,Shots on Target,Tackles Won,Interceptions,Score,Dream XI
1,Kylian Mbappé,FW,fr,France,Real Madrid,27,1998,7,7,605,6.7,8,3,11,7,1,2,1,0,1.19,0.45,1.64,41,23,1,0,0.92,Yes
2,Lionel Messi,FW,ar,Argentina,Inter Miami,39,1987,7,6,620,6.9,8,4,12,8,0,2,0,0,1.16,0.58,1.74,35,18,10,0,0.8981,Yes
3,Unai Simón,GK,es,Spain,Athletic Club,29,1997,7,7,630,7.0,0,0,0,0,0,0,0,0,0.0,0.0,0.0,0,0,0,0,0.8633,Yes
4,Dayot Upamecano,DF,fr,France,Bayern Munich,27,1998,7,7,615,6.8,0,0,0,0,0,0,0,0,0.0,0.0,0.0,4,2,12,15,0.771,Yes
5,Achraf Hakimi,DF,ma,Morocco,PSG,27,1998,6,6,570,6.3,1,2,3,1,0,0,1,0,0.16,0.32,0.47,14,4,10,5,0.7403,Yes
6,Marc Cucurella,DF,es,Spain,Chelsea,27,1998,7,7,630,7.0,0,2,2,0,0,0,1,0,0.0,0.29,0.29,5,3,4,7,0.659,Yes
7,Aymeric Laporte,DF,es,Spain,Athletic Club,32,1994,7,7,629,7.0,0,1,1,0,0,0,1,0,0.0,0.14,0.14,5,2,3,14,0.6522,Yes
8,Cristian Romero,DF,ar,Argentina,Tottenham,28,1998,6,6,539,6.0,1,0,1,1,0,0,1,0,0.17,0.0,0.17,3,1,10,11,0.6378,No
9,Erling Haaland,FW,no,Norway,Manchester City,25,2000,5,5,465,5.2,7,0,7,7,0,0,0,0,1.35,0.0,1.35,20,13,0,1,0.5761,Yes
10,Harry Kane,FW,eng,England,Bayern Munich,32,1993,7,7,652,7.2,6,1,7,4,2,2,0,0,0.83,0.14,0.97,23,12,3,1,0.568,No
11,Pedro Porro,DF,es,Spain,Tottenham,26,1999,5,5,443,4.9,2,0,2,2,0,0,0,0,0.41,0.0,0.41,7,3,11,8,0.5625,No
12,Khuliso Mudau,DF,za,South Africa,Sundowns,31,1995,4,4,360,4.0,0,0,0,0,0,0,0,0,0.0,0.0,0.0,0,0,8,11,0.5409,No
13,Manuel Akanji,DF,ch,Switzerland,Inter,30,1995,6,6,600,6.7,0,0,0,0,0,0,0,0,0.0,0.0,0.0,1,1,9,6,0.5164,No
14,Mikel Oyarzabal,FW,es,Spain,Real Sociedad,29,1997,7,7,540,6.0,5,1,6,4,1,1,0,0,0.83,0.17,1.0,23,12,5,1,0.5117,No
15,Douglas Santos,DF,br,Brazil,Zenit,32,1994,5,5,441,4.9,0,0,0,0,0,0,1,0,0.0,0.0,0.0,2,0,10,6,0.4927,No
16,Jude Bellingham,MF,eng,England,Real Madrid,23,2003,7,7,602,6.7,6,1,7,6,0,0,1,0,0.9,0.15,1.05,19,13,10,3,0.4922,Yes
17,Rayan Aït-Nouri,DF,dz,Algeria,Manchester City,25,2001,4,3,284,3.2,0,0,0,0,0,0,0,0,0.0,0.0,0.0,1,0,13,5,0.4913,No
18,Juan Cáceres,DF,py,Paraguay,Dynamo Moskva,26,2000,5,5,436,4.8,0,0,0,0,0,0,1,0,0.0,0.0,0.0,2,1,11,5,0.4904,No
19,Marvin Senaya,DF,gh,Ghana,Auxerre,25,2001,4,4,278,3.1,0,0,0,0,0,0,0,0,0.0,0.0,0.0,2,0,12,6,0.4904,No
20,Timothy Castagne,DF,be,Belgium,Fulham,30,1995,6,5,478,5.3,0,1,1,0,0,0,1,0,0.0,0.19,0.19,3,1,7,8,0.4826,No
21,Mohamed Hany,DF,eg,Egypt,Al Ahly,30,1996,5,5,480,5.3,0,1,1,0,0,0,0,0,0.0,0.19,0.19,4,0,9,6,0.4815,No
22,Michael Olise,MF,fr,France,Bayern Munich,24,2001,7,7,556,6.2,0,5,5,0,0,0,1,0,0.0,0.81,0.81,20,5,8,3,0.4806,Yes
23,Lisandro Martínez,DF,ar,Argentina,Manchester Utd,28,1998,6,6,581,6.5,1,1,2,1,0,0,1,0,0.15,0.15,0.31,4,2,7,6,0.4659,No
24,Ezri Konsa,DF,eng,England,Aston Villa,28,1997,7,6,557,6.2,0,0,0,0,0,0,0,0,0.0,0.0,0.0,3,2,5,8,0.4606,No
25,Djed Spence,DF,eng,England,Tottenham,25,2000,7,3,314,3.5,0,0,0,0,0,0,0,0,0.0,0.0,0.0,2,2,10,5,0.4325,No
26,Denis Zakaria,DF,ch,Switzerland,Monaco,29,1996,4,4,357,4.0,0,0,0,0,0,0,2,0,0.0,0.0,0.0,5,2,5,9,0.4258,No
27,Jules Koundé,DF,fr,France,Barcelona,27,1998,7,7,598,6.6,0,0,0,0,0,0,0,0,0.0,0.0,0.0,2,0,8,3,0.4233,No
28,Merchas Doski,DF,iq,Iraq,Viktoria Plzeň,26,1999,3,3,270,3.0,0,0,0,0,0,0,1,0,0.0,0.0,0.0,1,0,9,6,0.4206,No
29,Vinicius Júnior,FW,br,Brazil,Real Madrid,26,2000,5,5,440,4.9,4,1,5,4,0,0,0,0,0.82,0.2,1.02,17,11,1,1,0.4197,No
30,Stefan Posch,DF,at,Austria,Mainz 05,29,1997,4,4,331,3.7,0,0,0,0,0,0,2,0,0.0,0.0,0.0,3,0,4,10,0.4191,No
31,Kristoffer Ajer,DF,no,Norway,Brentford,28,1998,5,5,480,5.3,0,0,0,0,0,0,1,0,0.0,0.0,0.0,2,1,8,4,0.4124,No
32,Júnior Alonso,DF,py,Paraguay,Atlético Mineiro,33,1993,5,4,390,4.3,0,0,0,0,0,0,1,0,0.0,0.0,0.0,3,1,9,4,0.4088,No
33,Krépin Diatta,DF,sn,Senegal,Monaco,27,1999,4,4,390,4.3,0,0,0,0,0,0,0,0,0.0,0.0,0.0,1,0,10,3,0.4079,No
34,Ousmane Dembélé,MF,fr,France,PSG,29,1997,7,7,547,6.1,5,2,7,5,0,0,0,0,0.82,0.33,1.15,20,10,2,0,0.4067,Yes
35,Alex Freeman,DF,us,United States,Villarreal,21,2004,5,4,374,4.2,1,1,2,1,0,0,0,0,0.24,0.24,0.48,4,1,6,7,0.4066,No
36,Gideon Mensah,DF,gh,Ghana,Auxerre,27,1998,4,4,360,4.0,0,0,0,0,0,0,0,0,0.0,0.0,0.0,0,0,5,8,0.4034,No
37,Ramy Bensebaini,DF,dz,Algeria,Dortmund,31,1995,4,4,360,4.0,0,0,0,0,0,0,0,0,0.0,0.0,0.0,2,0,6,7,0.4025,No
38,Ricardo Rodríguez,DF,ch,Switzerland,Real Betis,33,1992,6,6,517,5.7,0,1,1,0,0,0,0,0,0.0,0.17,0.17,1,0,7,4,0.4006,No
39,Nahuel Molina,DF,ar,Argentina,Atlético Madrid,28,1998,6,5,465,5.2,0,0,0,0,0,0,0,0,0.0,0.0,0.0,1,0,3,8,0.3889,No
40,Pico,DF,cv,Cabo Verde,Shamrock,34,1992,4,4,390,4.3,0,0,0,0,0,0,0,0,0.0,0.0,0.0,2,0,5,7,0.3888,No
41,Elliot Anderson,MF,eng,England,Nottingham,23,2002,7,7,620,6.9,0,1,1,0,0,0,1,0,0.0,0.15,0.15,7,1,18,8,0.3832,No
42,Bruno Guimarães,MF,br,Brazil,Newcastle,28,1997,5,5,416,4.6,0,4,4,0,0,1,0,0,0.0,0.87,0.87,8,2,6,2,0.3736,No
43,Richie Laryea,DF,ca,Canada,Toronto FC,31,1995,5,5,429,4.8,0,0,0,0,0,0,1,0,0.0,0.0,0.0,2,1,9,2,0.3734,No
44,Alexis Mac Allister,MF,ar,Argentina,Liverpool,27,1998,7,6,630,7.0,1,1,2,1,0,0,0,0,0.14,0.14,0.29,13,4,12,9,0.3688,No
45,Martin Ødegaard,MF,no,Norway,Arsenal,27,1998,5,5,470,5.2,0,4,4,0,0,0,0,0,0.0,0.77,0.77,9,3,4,3,0.3681,No
46,Pau Cubarsí,DF,es,Spain,Barcelona,19,2007,7,7,630,7.0,0,0,0,0,0,0,1,0,0.0,0.0,0.0,4,2,4,4,0.3659,No
47,Noussair Mazraoui,DF,ma,Morocco,Manchester Utd,28,1997,6,5,477,5.3,0,0,0,0,0,0,0,0,0.0,0.0,0.0,0,0,8,2,0.3648,No
48,Diney,DF,cv,Cabo Verde,Al Bataeh,31,1995,4,4,390,4.3,0,0,0,0,0,0,1,0,0.0,0.0,0.0,4,2,7,4,0.3638,No
49,Nico Elvedi,DF,ch,Switzerland,Gladbach,29,1996,6,6,600,6.7,0,0,0,0,0,0,1,0,0.0,0.0,0.0,3,0,2,6,0.3589,No
50,Yazan Al-Arab,DF,jo,Jordan,FC Seoul,30,1996,3,3,270,3.0,0,0,0,0,0,0,1,0,0.0,0.0,0.0,0,0,1,11,0.3573,No
51,Aaron Wan-Bissaka,DF,cd,Congo DR,West Ham,28,1997,4,4,354,3.9,0,0,0,0,0,0,0,0,0.0,0.0,0.0,0,0,4,7,0.3558,No
52,Brahim Díaz,MF,ma,Morocco,Real Madrid,26,1999,6,6,457,5.1,0,4,4,0,0,0,0,0,0.0,0.79,0.79,6,1,2,4,0.3528,No
53,Ali Abdi,DF,tn,Tunisia,Nice,32,1993,3,3,269,3.0,0,0,0,0,0,0,0,0,0.0,0.0,0.0,1,0,8,4,0.3511,No
54,Nathan Ngoy,DF,be,Belgium,Lille,23,2003,4,4,335,3.7,0,0,0,0,0,0,0,1,0.0,0.0,0.0,1,0,4,7,0.3503,No
55,Brandon Mechele,DF,be,Belgium,Club Brugge,33,1993,6,6,570,6.3,0,0,0,0,0,0,1,0,0.0,0.0,0.0,5,1,4,4,0.3485,No
56,Daniel Muñoz,DF,co,Colombia,Crystal Palace,30,1996,5,4,394,4.4,2,0,2,2,0,0,0,0,0.46,0.0,0.46,3,2,3,7,0.3449,No
57,Nikola Katić,DF,ba,Bosnia–Herz,Schalke 04,29,1996,4,4,317,3.5,0,0,0,0,0,0,1,0,0.0,0.0,0.0,2,0,6,5,0.3434,No
58,Yasser Ibrahim,DF,eg,Egypt,Al Ahly,33,1993,5,4,467,5.2,1,0,1,1,0,0,2,0,0.19,0.0,0.19,1,1,6,3,0.3403,No
59,Willian Pacho,DF,ec,Ecuador,PSG,24,2001,4,4,360,4.0,0,0,0,0,0,0,0,0,0.0,0.0,0.0,1,1,2,8,0.3359,No
60,Josip Šutalo,DF,hr,Croatia,Ajax,26,2000,4,4,360,4.0,0,0,0,0,0,0,0,0,0.0,0.0,0.0,1,0,4,6,0.3342,No
61,Gustaf Lagerbielke,DF,se,Sweden,Braga,26,2000,4,4,360,4.0,0,0,0,0,0,0,0,0,0.0,0.0,0.0,3,1,5,5,0.3334,No
62,Nicolás Tagliafico,DF,ar,Argentina,Lyon,33,1992,6,4,356,4.0,0,0,0,0,0,0,0,0,0.0,0.0,0.0,0,0,4,6,0.333,No
63,Torbjørn Heggem,DF,no,Norway,Bologna,27,1999,5,5,443,4.9,0,0,0,0,0,0,0,0,0.0,0.0,0.0,1,1,7,2,0.3325,No
64,Antonee Robinson,DFMF,us,United States,Fulham,28,1997,4,4,348,3.9,0,0,0,0,0,0,1,0,0.0,0.0,0.0,0,0,4,6,0.3307,No
65,Marc Guéhi,DF,eng,England,Manchester City,26,2000,7,6,574,6.4,0,0,0,0,0,0,1,0,0.0,0.0,0.0,1,0,1,6,0.3288,No
66,Saud Abdulhamid,DF,sa,Saudi Arabia,Lens,26,1999,3,3,269,3.0,0,0,0,0,0,0,1,0,0.0,0.0,0.0,2,0,9,2,0.327,No
67,Danilo,DF,br,Brazil,Flamengo,35,1991,5,4,405,4.5,0,0,0,0,0,0,2,0,0.0,0.0,0.0,1,0,2,7,0.3256,No
68,Anthony Gordon,MF,eng,England,Barcelona,25,2001,6,5,396,4.4,1,3,4,1,0,0,0,0,0.23,0.68,0.91,6,4,3,3,0.3248,No
69,Davinson Sánchez,DF,co,Colombia,Galatasaray,30,1996,5,5,480,5.3,0,0,0,0,0,0,1,0,0.0,0.0,0.0,6,2,2,6,0.324,No
70,Issa Diop,DF,ma,Morocco,Fulham,29,1997,5,5,476,5.3,1,0,1,1,0,0,3,0,0.19,0.0,0.19,1,1,1,7,0.3237,No
71,Nico O'Reilly,DF,eng,England,Manchester City,21,2005,7,5,461,5.1,0,0,0,0,0,0,1,0,0.0,0.0,0.0,7,1,3,5,0.3177,No
72,Alessandro Circati,DF,au,Australia,Parma,22,2003,4,4,390,4.3,0,0,0,0,0,0,1,0,0.0,0.0,0.0,3,0,7,2,0.3171,No
73,Alistair Johnston,DF,ca,Canada,Celtic,27,1998,5,5,450,5.0,0,0,0,0,0,0,1,0,0.0,0.0,0.0,5,2,2,6,0.3153,No
74,Cristiano Ronaldo,FW,pt,Portugal,Al-Nassr,41,1985,5,5,440,4.9,3,0,3,2,1,1,0,0,0.61,0.0,0.61,18,9,1,1,0.3153,No
75,Maxim De Cuyper,DF,be,Belgium,Brighton,25,2000,6,5,442,4.9,0,0,0,0,0,0,1,0,0.0,0.0,0.0,10,6,2,6,0.313,No
76,Rodri,MF,es,Spain,Manchester City,30,1996,7,7,626,7.0,0,0,0,0,0,0,0,0,0.0,0.0,0.0,7,0,20,3,0.3107,No
77,Matías Galarza,MF,py,Paraguay,Atlanta Utd,24,2002,4,4,388,4.3,1,1,2,1,0,0,2,0,0.23,0.23,0.46,2,1,11,7,0.3103,No
78,Mbekezeli Mbokazi,DF,za,South Africa,Chicago Fire,20,2005,4,4,360,4.0,0,0,0,0,0,0,0,0,0.0,0.0,0.0,4,1,5,4,0.31,No
79,Jonathan David,FW,ca,Canada,Juventus,26,2000,5,5,420,4.7,3,0,3,3,0,0,1,0,0.64,0.0,0.64,18,8,1,3,0.3087,No
80,Jorge Sánchez,DF,mx,Mexico,PAOK,28,1997,4,4,348,3.9,0,1,1,0,0,0,1,0,0.0,0.26,0.26,1,1,4,5,0.3074,No
81,Emmanuel Agbadou,DF,ci,Côte d'Ivoire,Beşiktaş,29,1997,3,3,270,3.0,0,0,0,0,0,0,0,0,0.0,0.0,0.0,3,1,6,4,0.3064,No
82,Martin Expérience,DFMF,ht,Haiti,Nancy,27,1999,3,3,270,3.0,0,0,0,0,0,0,0,0,0.0,0.0,0.0,1,0,6,4,0.3064,No
83,Sherel Floranus,DF,cw,Curaçao,Zwolle,27,1998,3,3,270,3.0,0,0,0,0,0,0,0,0,0.0,0.0,0.0,2,0,6,4,0.3064,No
84,Aubrey Modiba,DF,za,South Africa,Sundowns,30,1995,4,4,346,3.8,0,0,0,0,0,0,1,0,0.0,0.0,0.0,5,1,5,4,0.306,No
85,Abdallah Nasib,DF,jo,Jordan,Al-Zawra'a SC,32,1994,3,3,260,2.9,0,0,0,0,0,0,0,0,0.0,0.0,0.0,0,0,3,7,0.306,No
86,Florian Wirtz,MF,de,Germany,Liverpool,23,2003,4,4,361,4.0,0,3,3,0,0,0,0,0,0.0,0.75,0.75,10,1,6,2,0.3056,No
87,Leandro Trossard,MFFW,be,Belgium,Arsenal,31,1994,6,6,506,5.6,2,2,4,2,0,0,0,0,0.36,0.36,0.71,17,3,1,4,0.305,No
88,Deniz Undav,FW,de,Germany,Stuttgart,29,1996,4,1,151,1.7,3,2,5,3,0,0,0,0,1.79,1.19,2.98,6,4,0,0,0.3041,No
89,Piero Hincapié,DF,ec,Ecuador,Arsenal,24,2002,4,4,339,3.8,0,0,0,0,0,0,1,1,0.0,0.0,0.0,3,0,5,4,0.3039,No
90,Raúl Jiménez,FW,mx,Mexico,Fulham,35,1991,4,4,317,3.5,3,0,3,2,1,1,0,0,0.85,0.0,0.85,18,7,1,0,0.3022,No
91,Alan Franco,DF,ec,Ecuador,Atlético Mineiro,27,1998,4,4,251,2.8,0,0,0,0,0,0,2,0,0.0,0.0,0.0,0,0,6,4,0.3009,No
92,Jhon Lucumí,DF,co,Colombia,Bologna,28,1998,5,5,478,5.3,0,0,0,0,0,0,1,0,0.0,0.0,0.0,2,0,2,5,0.3001,No
93,João Cancelo,DF,pt,Portugal,Barcelona,32,1994,5,5,312,3.5,0,1,1,0,0,0,0,0,0.0,0.29,0.29,3,0,4,5,0.2969,No
94,Cody Gakpo,FW,nl,Netherlands,Liverpool,27,1999,4,4,368,4.1,3,1,4,3,0,0,0,0,0.73,0.24,0.98,10,6,1,2,0.2967,No
95,Charles De Ketelaere,FWMF,be,Belgium,Atalanta,25,2001,5,5,350,3.9,3,1,4,3,0,0,0,0,0.77,0.26,1.03,6,5,4,5,0.2965,No
96,Bukayo Saka,MF,eng,England,Arsenal,24,2001,6,2,268,3.0,0,3,3,0,0,0,0,0,0.0,1.01,1.01,13,7,7,1,0.2954,No
97,Jesús Gallardo,DF,mx,Mexico,Toluca,31,1994,5,4,373,4.1,0,0,0,0,0,0,0,0,0.0,0.0,0.0,4,0,1,7,0.2938,No
98,Renato Veiga,DF,pt,Portugal,Villarreal,22,2003,5,5,450,5.0,0,0,0,0,0,0,2,0,0.0,0.0,0.0,2,0,1,6,0.2928,No
99,Aurélien Tchouaméni,MF,fr,France,Real Madrid,26,2000,4,4,360,4.0,0,1,1,0,0,0,1,0,0.0,0.25,0.25,3,0,14,6,0.2921,No
100,Fredrik Aursnes,MFDF,no,Norway,Benfica,30,1995,6,3,304,3.4,0,0,0,0,0,0,0,0,0.0,0.0,0.0,2,0,8,1,0.2913,No
101,Ramy Rabia,DF,eg,Egypt,Al Ain,33,1993,5,3,372,4.1,0,0,0,0,0,0,0,0,0.0,0.0,0.0,1,1,5,3,0.2902,No
102,Malik Tillman,MF,us,United States,Leverkusen,24,2002,5,4,356,4.0,2,1,3,2,0,0,1,0,0.51,0.25,0.76,8,4,7,5,0.2899,No
103,Luc De Fougerolles,DF,ca,Canada,Fulham,20,2005,5,4,372,4.1,0,0,0,0,0,0,2,0,0.0,0.0,0.0,3,1,6,2,0.2894,No
104,Rúben Dias,DF,pt,Portugal,Manchester City,29,1997,4,4,360,4.0,0,0,0,0,0,0,1,0,0.0,0.0,0.0,0,0,3,5,0.2884,No
105,Ivan Perišić,MFDF,hr,Croatia,PSV,37,1989,4,4,360,4.0,1,1,2,1,0,0,2,0,0.25,0.25,0.5,2,2,4,4,0.2875,No
106,Ismaila Sarr,MFFW,sn,Senegal,Crystal Palace,28,1998,4,4,364,4.0,4,1,5,4,0,0,0,0,0.99,0.25,1.24,17,6,1,2,0.286,No
107,Konrad Laimer,MFDF,at,Austria,Bayern Munich,29,1997,4,4,360,4.0,0,1,1,0,0,0,1,0,0.0,0.25,0.25,1,0,6,2,0.2859,No
108,Roberto Alvarado,FWMF,mx,Mexico,Guadalajara,27,1998,5,5,428,4.8,0,3,3,0,0,0,0,0,0.0,0.63,0.63,5,0,3,2,0.2853,No
109,Joshua Kimmich,DF,de,Germany,Bayern Munich,31,1995,4,4,351,3.9,0,2,2,0,0,0,0,0,0.0,0.51,0.51,5,1,4,4,0.2849,No
110,Lee Gi-hyuk,DF,kr,Korea Republic,Gangwon FC,26,2000,3,3,270,3.0,0,0,0,0,0,0,1,0,0.0,0.0,0.0,0,0,4,5,0.2848,No
111,Mohamed Amine Ben Hamida,DF,tn,Tunisia,Espérance Tunis,30,1995,3,2,202,2.2,0,0,0,0,0,0,0,0,0.0,0.0,0.0,0,0,9,1,0.2842,No
112,Tarik Muharemovic,DF,ba,Bosnia–Herz,Sassuolo,23,2003,3,3,259,2.9,0,0,0,0,0,0,0,1,0.0,0.0,0.0,1,0,1,8,0.2841,No
113,Lautaro Martínez,FW,ar,Argentina,Inter,28,1997,7,4,310,3.4,3,1,4,2,1,1,1,0,0.87,0.29,1.16,10,4,1,1,0.2836,No
114,Ahmed Fatouh,DF,eg,Egypt,Zamalek SC,28,1998,3,3,267,3.0,0,0,0,0,0,0,1,0,0.0,0.0,0.0,1,1,5,4,0.283,No
115,Rustam Ashurmatov,DF,uz,Uzbekistan,Esteghlal,30,1996,3,3,256,2.8,0,0,0,0,0,0,0,0,0.0,0.0,0.0,0,0,2,7,0.2824,No
116,Gabriel Gudmundsson,MFDF,se,Sweden,Leeds United,27,1999,4,4,330,3.7,0,0,0,0,0,0,1,0,0.0,0.0,0.0,0,0,3,5,0.2797,No
117,Sead Kolašinac,DF,ba,Bosnia–Herz,Atalanta,33,1993,4,4,337,3.7,0,1,1,0,0,0,0,0,0.0,0.27,0.27,0,0,6,2,0.2792,No
118,William Saliba,DF,fr,France,Arsenal,25,2001,6,6,479,5.3,0,0,0,0,0,0,0,0,0.0,0.0,0.0,1,0,0,6,0.2788,No
119,Facundo Medina,DF,ar,Argentina,Marseille,27,1999,4,3,257,2.9,0,1,1,0,0,0,1,0,0.0,0.35,0.35,0,0,7,2,0.2785,No
120,Adrien Rabiot,MF,fr,France,Milan,31,1995,6,6,495,5.5,0,1,1,0,0,0,1,0,0.0,0.18,0.18,9,1,7,11,0.275,No
121,Edson Álvarez,MFDF,mx,Mexico,West Ham,28,1997,4,2,240,2.7,0,0,0,0,0,0,1,0,0.0,0.0,0.0,2,0,6,3,0.2744,No
122,Breel Embolo,FW,ch,Switzerland,Rennes,29,1997,6,6,501,5.6,2,2,4,1,1,1,2,1,0.36,0.36,0.72,10,5,0,2,0.2739,No
123,Jan Paul van Hecke,DF,nl,Netherlands,Brighton,26,2000,4,4,390,4.3,1,0,1,1,0,0,0,0,0.23,0.0,0.23,3,2,3,4,0.2738,No
124,Andrés Cubas,MF,py,Paraguay,Vancouver,30,1996,5,5,480,5.3,0,0,0,0,0,0,1,0,0.0,0.0,0.0,1,0,13,11,0.2729,No
125,Kai Havertz,FW,de,Germany,Arsenal,27,1999,4,4,353,3.9,3,0,3,2,1,1,1,0,0.76,0.0,0.76,12,7,2,1,0.2729,No
126,Denzel Dumfries,DFMF,nl,Netherlands,Inter,30,1996,4,4,390,4.3,0,2,2,0,0,0,0,0,0.0,0.46,0.46,5,2,6,1,0.2713,No
127,Folarin Balogun,FW,us,United States,Monaco,25,2001,4,4,312,3.5,3,0,3,3,0,0,1,1,0.87,0.0,0.87,14,5,0,1,0.2697,No
128,Julián Quiñones,FWMF,mx,Mexico,Al-Qadsiah,29,1997,5,5,410,4.6,4,1,5,4,0,0,0,0,0.88,0.22,1.1,14,6,0,0,0.2694,No
129,Gabriel Magalhães,DF,br,Brazil,Arsenal,28,1997,5,5,450,5.0,0,1,1,0,0,0,0,0,0.0,0.2,0.2,1,0,2,4,0.2687,No
130,Patrick Berg,MF,no,Norway,Bodø/Glimt,28,1997,6,4,445,4.9,0,2,2,0,0,0,1,0,0.0,0.4,0.4,3,0,7,2,0.2678,No
131,Enzo Fernández,MF,ar,Argentina,Chelsea,25,2001,6,6,570,6.3,2,0,2,2,0,0,0,0,0.32,0.0,0.32,12,4,7,6,0.2676,No
132,Tim Ream,DF,us,United States,Charlotte,38,1987,4,4,360,4.0,0,0,0,0,0,0,0,0,0.0,0.0,0.0,0,0,1,6,0.2667,No
133,Ime Okon,DF,za,South Africa,Hannover 96,22,2004,4,4,360,4.0,0,0,0,0,0,0,0,0,0.0,0.0,0.0,1,0,2,5,0.2659,No
134,Josip Stanišić,DFMF,hr,Croatia,Bayern Munich,26,2000,4,4,360,4.0,0,1,1,0,0,0,0,0,0.0,0.25,0.25,0,0,2,5,0.2659,No
135,Aïssa Mandi,DF,dz,Algeria,Lille,34,1991,4,4,360,4.0,0,0,0,0,0,0,0,0,0.0,0.0,0.0,0,0,3,4,0.265,No
136,Chris Richards,DF,us,United States,Crystal Palace,26,2000,4,4,360,4.0,0,0,0,0,0,0,1,0,0.0,0.0,0.0,1,0,3,4,0.265,No
137,Armando Obispo,DF,cw,Curaçao,PSV,27,1999,3,3,270,3.0,0,0,0,0,0,0,0,0,0.0,0.0,0.0,0,0,1,7,0.2639,No
138,Guillermo Varela,DF,uy,Uruguay,Flamengo,33,1993,3,3,270,3.0,0,0,0,0,0,0,1,0,0.0,0.0,0.0,2,0,1,7,0.2639,No
139,Nathaniel Brown,DF,de,Germany,Frankfurt,23,2003,3,3,282,3.1,1,1,2,1,0,0,0,0,0.32,0.32,0.64,3,2,6,2,0.2632,No
140,Guéla Doué,DF,ci,Côte d'Ivoire,Strasbourg,23,2002,4,3,277,3.1,0,0,0,0,0,0,1,0,0.0,0.0,0.0,1,0,5,3,0.2626,No
141,Abdukodir Khusanov,DF,uz,Uzbekistan,Manchester City,22,2004,3,3,270,3.0,0,0,0,0,0,0,2,0,0.0,0.0,0.0,0,0,3,5,0.2623,No
142,David Møller Wolfe,DF,no,Norway,Wolves,24,2002,5,5,430,4.8,0,1,1,0,0,0,0,0,0.0,0.21,0.21,0,0,3,3,0.262,No
143,Mohannad Abu Taha,DF,jo,Jordan,Al-Quwa Al-Jawiya,23,2003,3,3,264,2.9,0,0,0,0,0,0,1,0,0.0,0.0,0.0,1,0,2,6,0.2613,No
144,Johan Manzambi,MFFW,ch,Switzerland,Freiburg,20,2005,4,2,199,2.2,3,2,5,3,0,0,0,0,1.36,0.9,2.26,6,3,0,0,0.2612,No
145,Amar Dedić,DF,ba,Bosnia–Herz,Benfica,23,2002,3,3,270,3.0,0,0,0,0,0,0,1,0,0.0,0.0,0.0,2,1,7,1,0.2589,No
146,Romelu Lukaku,FW,be,Belgium,Napoli,33,1993,6,1,233,2.6,3,1,4,3,0,0,1,0,1.16,0.39,1.55,6,3,0,0,0.2576,No
147,Pedro Vite,MF,ec,Ecuador,UNAM,24,2002,4,4,360,4.0,0,1,1,0,0,0,0,0,0.0,0.25,0.25,4,1,11,5,0.2554,No
148,Matheus Cunha,FW,br,Brazil,Manchester Utd,27,1999,5,4,290,3.2,3,0,3,3,0,0,0,0,0.93,0.0,0.93,11,5,3,3,0.255,No
149,Alexander Isak,FW,se,Sweden,Liverpool,26,1999,4,4,357,4.0,1,3,4,1,0,0,0,0,0.25,0.76,1.01,8,6,2,0,0.2544,No
150,Deveron Fonville,DF,cw,Curaçao,NEC Nijmegen,23,2003,3,3,241,2.7,0,0,0,0,0,0,0,0,0.0,0.0,0.0,0,0,3,5,0.2538,No
151,Gustavo Gómez,DF,py,Paraguay,Palmeiras,33,1993,5,5,480,5.3,0,0,0,0,0,0,0,0,0.0,0.0,0.0,2,0,3,2,0.2532,No
152,Johan Mojica,DF,co,Colombia,Mallorca,33,1992,4,4,390,4.3,0,0,0,0,0,0,1,0,0.0,0.0,0.0,3,2,3,3,0.2504,No
153,Nathan Saliba,MF,ca,Canada,Anderlecht,22,2004,3,2,182,2.0,1,2,3,1,0,0,1,0,0.49,0.99,1.48,3,1,4,4,0.2504,No
154,Nuno Mendes,DF,pt,Portugal,PSG,24,2002,5,5,395,4.4,1,0,1,1,0,0,0,0,0.23,0.0,0.23,3,1,6,0,0.2494,No
155,Marquinhos,DF,br,Brazil,PSG,32,1994,5,5,450,5.0,0,0,0,0,0,0,0,0,0.0,0.0,0.0,2,0,2,3,0.2453,No
156,Julian Ryerson,DF,no,Norway,Dortmund,28,1997,4,4,223,2.5,0,0,0,0,0,0,0,0,0.0,0.0,0.0,0,0,8,0,0.2444,No
157,Yoane Wissa,FW,cd,Congo DR,Newcastle,29,1996,4,4,360,4.0,3,0,3,2,1,1,0,0,0.75,0.0,0.75,11,3,1,0,0.242,No
158,Mostafa Ziko,FWMF,eg,Egypt,Pyramids FC,29,1997,5,5,370,4.1,2,1,3,2,0,0,0,0,0.49,0.24,0.73,8,3,4,2,0.2419,No
159,Felix Nmecha,MF,de,Germany,Dortmund,25,2000,4,4,270,3.0,1,1,2,1,0,0,0,0,0.33,0.33,0.67,8,3,9,2,0.2399,No
160,Ricardo Adé,DF,ht,Haiti,LDU Quito,36,1990,3,3,270,3.0,0,0,0,0,0,0,0,0,0.0,0.0,0.0,4,1,2,5,0.2398,No
161,Montassar Talbi,DF,tn,Tunisia,Lorient,28,1998,3,3,270,3.0,0,0,0,0,0,0,0,0,0.0,0.0,0.0,1,0,2,5,0.2398,No
162,Hannes Delcroix,DF,ht,Haiti,Lugano,27,1999,3,3,270,3.0,0,0,0,0,0,0,0,0,0.0,0.0,0.0,0,0,3,4,0.2389,No
163,Ró-Ró,DF,qa,Qatar,Al Sadd,35,1990,3,3,270,3.0,0,0,0,0,0,0,0,0,0.0,0.0,0.0,3,1,4,3,0.2381,No
164,Ramin Rezaeian,DFMF,ir,IR Iran,Foolad,36,1990,3,3,270,3.0,2,1,3,2,0,0,0,0,0.67,0.33,1.0,4,2,5,2,0.2373,No
165,Ismael Saibari,FW,ma,Morocco,PSV,25,2001,5,5,381,4.2,3,0,3,3,0,0,0,0,0.71,0.0,0.71,10,3,2,0,0.2371,No
166,Dani Olmo,MF,es,Spain,Barcelona,28,1998,7,5,417,4.6,0,2,2,0,0,0,0,0,0.0,0.43,0.43,13,2,5,1,0.237,No
167,Abdülkerim Bardakcı,DF,tr,Türkiye,Galatasaray,31,1994,3,3,265,2.9,0,0,0,0,0,0,0,0,0.0,0.0,0.0,3,1,5,2,0.2358,No
168,Lucas Digne,DF,fr,France,Aston Villa,32,1993,5,5,418,4.6,0,0,0,0,0,0,0,0,0.0,0.0,0.0,2,1,3,2,0.2352,No
169,Bekhruz Karimov,DF,uz,Uzbekistan,FC Surkhon,18,2007,2,2,179,2.0,0,0,0,0,0,0,0,0,0.0,0.0,0.0,2,0,5,3,0.2342,No
170,Nicolás Otamendi,DF,ar,Argentina,Benfica,38,1988,6,1,170,1.9,0,0,0,0,0,0,0,0,0.0,0.0,0.0,1,0,2,6,0.2341,No
171,Viktor Gyökeres,FW,se,Sweden,Arsenal,28,1998,4,4,360,4.0,1,2,3,1,0,0,1,0,0.25,0.5,0.75,12,6,1,0,0.2339,No
172,Nicolas Raskin,MF,be,Belgium,Rangers,25,2001,6,3,341,3.8,0,2,2,0,0,0,0,0,0.0,0.53,0.53,2,1,5,2,0.2327,No
173,Mohamed Salah,FWMF,eg,Egypt,Liverpool,34,1992,5,5,425,4.7,1,2,3,1,0,0,0,0,0.21,0.42,0.64,9,4,0,2,0.2324,No
174,Bradley Barcola,MF,fr,France,PSG,23,2002,7,4,339,3.8,2,1,3,2,0,0,1,0,0.53,0.27,0.8,10,5,4,1,0.2307,No
175,Moussa Niakhaté,DF,sn,Senegal,Lyon,30,1996,4,4,390,4.3,0,1,1,0,0,0,0,0,0.0,0.23,0.23,1,0,1,4,0.2288,No
176,Reece James,DF,eng,England,Chelsea,26,1999,4,3,311,3.5,0,0,0,0,0,0,0,0,0.0,0.0,0.0,1,0,3,3,0.2275,No
177,Jordy Bos,MFDF,au,Australia,Feyenoord,23,2002,4,4,308,3.4,0,0,0,0,0,0,1,0,0.0,0.0,0.0,5,2,3,3,0.2266,No
178,Neil El Aynaoui,MF,ma,Morocco,Roma,25,2001,6,6,562,6.2,0,0,0,0,0,0,0,0,0.0,0.0,0.0,7,2,9,8,0.2248,No
179,Ayase Ueda,FW,jp,Japan,Feyenoord,27,1998,4,4,321,3.6,2,1,3,2,0,0,0,0,0.56,0.28,0.84,9,4,1,0,0.2225,No
180,Désiré Doué,MF,fr,France,PSG,21,2005,7,3,355,3.9,1,1,2,1,0,0,0,0,0.25,0.25,0.51,13,8,6,2,0.2222,No
181,Sidny Lopes Cabral,DF,cv,Cabo Verde,Benfica,23,2002,3,3,285,3.2,1,0,1,1,0,0,2,0,0.32,0.0,0.32,4,2,2,4,0.2208,No
182,Hans Vanaken,MF,be,Belgium,Club Brugge,33,1992,6,3,319,3.5,1,2,3,1,0,0,0,0,0.28,0.56,0.85,5,1,1,1,0.2203,No
183,Ryan Gravenberch,MF,nl,Netherlands,Liverpool,24,2002,4,4,345,3.8,0,2,2,0,0,0,0,0,0.0,0.52,0.52,5,0,1,6,0.2199,No
184,Álex Baena,MFFW,es,Spain,Atlético Madrid,24,2001,6,6,407,4.5,1,1,2,1,0,0,1,0,0.22,0.22,0.44,12,5,5,2,0.2198,No
185,Victor Lindelöf,DFMF,se,Sweden,Aston Villa,32,1994,4,4,356,4.0,0,0,0,0,0,0,0,0,0.0,0.0,0.0,2,0,1,4,0.2189,No
186,Youri Tielemans,MF,be,Belgium,Aston Villa,29,1997,5,5,474,5.3,2,0,2,1,1,1,0,0,0.38,0.0,0.38,11,3,6,2,0.217,No
187,Odilon Kossounou,DF,ci,Côte d'Ivoire,Atalanta,25,2001,4,3,272,3.0,0,0,0,0,0,0,0,0,0.0,0.0,0.0,0,0,3,3,0.2162,No
188,Andrés Andrade Cedeño,DF,pa,Panama,LASK,27,1998,3,3,270,3.0,0,0,0,0,0,0,1,0,0.0,0.0,0.0,0,0,3,3,0.2156,No
189,Shoja' Khalilzadeh,DF,ir,IR Iran,Tractor,37,1989,3,3,270,3.0,0,0,0,0,0,0,1,0,0.0,0.0,0.0,2,0,3,3,0.2156,No
190,Boualem Khoukhi,DF,qa,Qatar,Al Sadd,36,1990,3,3,270,3.0,1,0,1,1,0,0,0,0,0.33,0.0,0.33,3,1,3,3,0.2156,No
191,Chadi Riad,DF,ma,Morocco,Crystal Palace,23,2003,4,4,344,3.8,0,1,1,0,0,0,0,0,0.0,0.26,0.26,1,0,1,4,0.2154,No
192,Mohanad Lasheen,MF,eg,Egypt,,30,1996,4,4,359,4.0,0,0,0,0,0,0,2,0,0.0,0.0,0.0,2,0,11,8,0.2153,No
193,Crysencio Summerville,FW,nl,Netherlands,West Ham,24,2001,4,2,253,2.8,2,2,4,2,0,0,1,0,0.71,0.71,1.42,2,2,2,2,0.2153,No
194,Mathías Olivera,DF,uy,Uruguay,Napoli,28,1997,3,3,270,3.0,0,0,0,0,0,0,1,0,0.0,0.0,0.0,1,0,4,2,0.2148,No
195,Lamine Yamal,MFFW,es,Spain,Barcelona,19,2007,7,6,494,5.5,1,0,1,1,0,0,0,0,0.18,0.0,0.18,27,12,9,2,0.2124,No
196,Marcos Llorente,DF,es,Spain,Atlético Madrid,31,1995,3,2,187,2.1,0,1,1,0,0,0,0,0,0.0,0.48,0.48,0,0,6,1,0.2123,No
197,Dan Ndoye,MFFW,ch,Switzerland,Nottingham,25,2000,6,5,406,4.5,2,0,2,2,0,0,0,0,0.44,0.0,0.44,16,8,5,4,0.2104,No
198,Pedri,MF,es,Spain,Barcelona,23,2002,7,5,440,4.9,0,0,0,0,0,0,1,0,0.0,0.0,0.0,5,2,8,10,0.2104,No
199,Ruben Vargas,MF,ch,Switzerland,Sevilla,27,1998,6,3,284,3.2,2,1,3,2,0,0,0,0,0.63,0.32,0.95,6,4,2,2,0.2094,No
200,Soufiane Rahimi,FW,ma,Morocco,Al Ain,30,1996,6,0,163,1.8,2,1,3,2,0,0,0,0,1.1,0.55,1.66,6,4,2,0,0.2079,No
201,Brian Brobbey,FW,nl,Netherlands,Sunderland,24,2002,4,3,223,2.5,3,0,3,3,0,0,0,0,1.21,0.0,1.21,4,3,1,0,0.2078,No
202,Abdulelah Al-Amri,DF,sa,Saudi Arabia,,29,1997,3,3,239,2.7,1,0,1,1,0,0,1,0,0.38,0.0,0.38,4,2,2,4,0.2074,No
203,Harry Souttar,DF,au,Australia,Leicester City,27,1998,4,4,390,4.3,0,0,0,0,0,0,1,0,0.0,0.0,0.0,1,1,0,4,0.2063,No
204,Hannibal Mejbri,MF,tn,Tunisia,Burnley,23,2003,3,3,270,3.0,0,2,2,0,0,0,0,0,0.0,0.67,0.67,3,1,4,1,0.2057,No
205,Pape Gueye,MF,sn,Senegal,Villarreal,27,1999,4,3,234,2.6,2,1,3,2,0,0,1,0,0.77,0.38,1.15,8,3,1,4,0.2055,No
206,Virgil van Dijk,DF,nl,Netherlands,Liverpool,35,1991,4,4,390,4.3,1,1,2,1,0,0,0,0,0.23,0.23,0.46,2,2,1,3,0.2054,No
207,Derek Cornelius,DF,ca,Canada,Marseille,28,1997,4,4,315,3.5,0,0,0,0,0,0,1,0,0.0,0.0,0.0,5,1,3,2,0.2053,No
208,Tomáš Holeš,DF,cz,Czechia,Slavia Prague,33,1993,2,2,153,1.7,0,0,0,0,0,0,0,0,0.0,0.0,0.0,0,0,3,4,0.205,No
209,José Canale,DF,py,Paraguay,Lanús,29,1996,4,1,161,1.8,0,0,0,0,0,0,0,0,0.0,0.0,0.0,0,0,6,1,0.2048,No
210,Andreas Schjelderup,FW,no,Norway,Benfica,22,2004,6,2,252,2.8,1,3,4,1,0,0,0,0,0.36,1.07,1.43,3,2,3,5,0.2039,No
211,Arthur Masuaku,DF,cd,Congo DR,Lens,32,1993,4,4,315,3.5,0,1,1,0,0,0,0,0,0.0,0.29,0.29,0,0,5,0,0.2036,No
212,Luis Romo,MF,mx,Mexico,Guadalajara,31,1995,4,4,264,2.9,1,1,2,1,0,0,0,0,0.34,0.34,0.68,3,1,4,4,0.2023,No
213,Nicolas Pépé,FW,ci,Côte d'Ivoire,Villarreal,31,1995,4,3,234,2.6,2,1,3,2,0,0,1,0,0.77,0.38,1.15,6,3,0,3,0.2013,No
214,Steven Moreira,DF,cv,Cabo Verde,Columbus Crew,31,1994,4,3,301,3.3,0,0,0,0,0,0,0,0,0.0,0.0,0.0,2,0,3,2,0.2012,No
215,Rodrigo De Paul,MF,ar,Argentina,Inter Miami,32,1994,6,5,422,4.7,0,1,1,0,0,0,1,0,0.0,0.21,0.21,2,1,4,6,0.2011,No
216,Joel Ordóñez,DF,ec,Ecuador,Club Brugge,22,2004,3,3,225,2.5,0,0,0,0,0,0,0,0,0.0,0.0,0.0,2,0,5,1,0.2009,No
217,Riyad Mahrez,MF,dz,Algeria,Al-Ahli,35,1991,4,3,262,2.9,2,1,3,2,0,0,0,0,0.69,0.34,1.03,6,3,2,1,0.1995,No
218,Hassan Al Tambakti,DF,sa,Saudi Arabia,Al-Hilal,27,1999,3,3,212,2.4,0,0,0,0,0,0,0,0,0.0,0.0,0.0,0,0,3,3,0.1987,No
219,Jonathan Tah,DF,de,Germany,Bayern Munich,30,1996,4,4,372,4.1,0,0,0,0,0,0,0,0,0.0,0.0,0.0,1,1,3,1,0.1985,No
220,Joris Kayembe,DFFW,cd,Congo DR,Genk,31,1994,4,0,45,0.5,0,0,0,0,0,0,0,0,0.0,0.0,0.0,1,0,4,4,0.1961,No
221,Milad Mohammadi,DF,ir,IR Iran,Persepolis,32,1993,3,2,205,2.3,0,0,0,0,0,0,0,0,0.0,0.0,0.0,1,1,4,2,0.1959,No
222,David Alaba,DF,at,Austria,Real Madrid,34,1992,4,4,275,3.1,0,1,1,0,0,0,0,0,0.0,0.33,0.33,2,0,1,4,0.1954,No
223,Jhon Arias,MF,co,Colombia,Palmeiras,28,1997,5,5,377,4.2,1,0,1,1,0,0,1,0,0.24,0.0,0.24,9,4,9,2,0.1954,No
224,Chancel Mbemba,DF,cd,Congo DR,Lille,31,1994,4,4,360,4.0,0,1,1,0,0,0,1,0,0.0,0.25,0.25,1,0,3,1,0.195,No
225,Yan Diomandé,MFFW,ci,Côte d'Ivoire,RB Leipzig,19,2006,4,4,329,3.7,0,1,1,0,0,0,0,0,0.0,0.27,0.27,4,0,6,4,0.1943,No
226,Elijah Just,MF,nz,New Zealand,Motherwell,26,2000,3,3,264,2.9,3,0,3,3,0,0,1,0,1.02,0.0,1.02,7,5,3,2,0.194,No
227,Finn Surman,DF,nz,New Zealand,Portland Timbers,22,2003,3,3,270,3.0,1,0,1,1,0,0,0,0,0.33,0.0,0.33,2,1,1,4,0.1939,No
228,Lee Han-beom,DF,kr,Korea Republic,Midtjylland,24,2002,3,3,270,3.0,0,0,0,0,0,0,0,0,0.0,0.0,0.0,2,0,2,3,0.1931,No
229,João Paulo Fernandes,DF,cv,Cabo Verde,FCSB,28,1998,2,1,105,1.2,0,0,0,0,0,0,0,0,0.0,0.0,0.0,2,0,1,6,0.1927,No
230,Granit Xhaka,MF,ch,Switzerland,Sunderland,33,1992,6,6,600,6.7,1,0,1,0,1,1,2,0,0.15,0.0,0.15,9,2,4,4,0.1911,No
231,Declan Rice,MF,eng,England,Arsenal,27,1999,6,6,467,5.2,0,1,1,0,0,0,2,0,0.0,0.19,0.19,6,3,3,5,0.191,No
232,Micky van de Ven,DFMF,nl,Netherlands,Tottenham,25,2001,3,3,265,2.9,0,0,0,0,0,0,1,0,0.0,0.0,0.0,3,1,3,2,0.1908,No
233,João Neves,MF,pt,Portugal,PSG,21,2004,5,4,390,4.3,1,0,1,1,0,0,0,0,0.23,0.0,0.23,3,1,7,4,0.1906,No
234,Remo Freuler,MF,ch,Switzerland,Bologna,34,1992,6,6,592,6.6,0,0,0,0,0,0,0,0,0.0,0.0,0.0,2,1,5,8,0.1891,No
235,Ibrahim Sangaré,MF,ci,Côte d'Ivoire,Nottingham,28,1997,4,3,268,3.0,0,1,1,0,0,0,0,0,0.0,0.34,0.34,1,0,5,6,0.1888,No
236,Yan Valery,DF,tn,Tunisia,Young Boys,27,1999,3,3,251,2.8,0,0,0,0,0,0,0,0,0.0,0.0,0.0,0,0,1,4,0.1884,No
237,Jean-Kevin Duverne,DF,ht,Haiti,Gent,29,1997,2,2,169,1.9,0,1,1,0,0,0,0,0,0.0,0.53,0.53,1,0,2,4,0.1871,No
238,Rafik Belghali,DF,dz,Algeria,Hellas Verona,24,2002,4,4,331,3.7,1,0,1,1,0,0,0,0,0.27,0.0,0.27,3,1,3,1,0.1866,No
239,Yasin Ayari,MF,se,Sweden,Brighton,22,2003,4,4,339,3.8,2,0,2,2,0,0,1,0,0.53,0.0,0.53,7,3,4,3,0.1841,No
240,Kaishū Sano,MF,jp,Japan,Mainz 05,25,2000,3,3,270,3.0,1,1,2,1,0,0,1,0,0.33,0.33,0.67,1,1,2,4,0.1832,No
241,Hamdy Fathy,DFMF,eg,Egypt,Al-Wakrah,31,1994,4,3,238,2.6,0,0,0,0,0,0,1,0,0.0,0.0,0.0,0,0,3,2,0.183,No
242,Cyle Larin,FW,ca,Canada,Mallorca,31,1995,4,2,190,2.1,2,0,2,2,0,0,2,0,0.95,0.0,0.95,9,4,0,0,0.1825,No
243,Casemiro,MF,br,Brazil,Manchester Utd,34,1992,5,5,379,4.2,1,0,1,1,0,0,2,0,0.24,0.0,0.24,4,2,5,6,0.1824,No
244,Noor Al Rawabdeh,MF,jo,Jordan,Selangor FA,29,1997,3,3,270,3.0,0,1,1,0,0,0,0,0,0.0,0.33,0.33,1,0,7,2,0.1824,No
245,Hwang In-beom,MF,kr,Korea Republic,Feyenoord,29,1996,3,3,263,2.9,1,1,2,1,0,0,0,0,0.34,0.34,0.68,4,2,2,4,0.1822,No
246,Julio Enciso,FW,py,Paraguay,Strasbourg,22,2004,5,5,386,4.3,1,2,3,1,0,0,0,0,0.23,0.47,0.7,8,1,5,1,0.1818,No
247,Weston McKennie,MF,us,United States,Juventus,27,1998,5,5,443,4.9,0,0,0,0,0,0,1,0,0.0,0.0,0.0,5,1,7,7,0.1808,No
248,Carlens Arcus,MFDF,ht,Haiti,Angers,30,1996,3,2,146,1.6,0,0,0,0,0,0,1,0,0.0,0.0,0.0,0,0,3,3,0.1796,No
249,Liberato Cacace,DF,nz,New Zealand,Wrexham,25,2000,3,3,220,2.4,0,0,0,0,0,0,0,0,0.0,0.0,0.0,1,1,2,3,0.1786,No
250,Keito Nakamura,MF,jp,Japan,Reims,25,2000,4,4,307,3.4,1,1,2,1,0,0,0,0,0.29,0.29,0.59,5,2,3,1,0.1786,No
251,Kevin Pina,MF,cv,Cabo Verde,Krasnodar,29,1997,4,4,349,3.9,1,0,1,1,0,0,1,0,0.26,0.0,0.26,5,1,7,3,0.178,No
252,Gustavo Puerta,MF,co,Colombia,Racing Sant,22,2003,5,5,469,5.2,0,1,1,0,0,0,1,0,0.0,0.19,0.19,14,5,3,3,0.1779,No
253,Gonzalo Montiel,DF,ar,Argentina,River Plate,29,1997,5,1,135,1.5,0,1,1,0,0,0,1,0,0.0,0.67,0.67,1,0,3,3,0.1764,No
254,Emam Ashour,MF,eg,Egypt,Al Ahly,28,1998,5,5,362,4.0,2,0,2,2,0,0,0,0,0.5,0.0,0.5,10,2,2,4,0.1741,No
255,Anass Salah-Eddine,DF,ma,Morocco,PSV,24,2002,4,2,212,2.4,0,0,0,0,0,0,0,0,0.0,0.0,0.0,1,0,5,0,0.1737,No
256,Luis Díaz,FWMF,co,Colombia,Bayern Munich,29,1997,5,5,478,5.3,1,1,2,1,0,0,0,0,0.19,0.19,0.38,19,6,0,1,0.1734,No
257,Johan Vásquez,DF,mx,Mexico,Genoa,27,1998,4,4,360,4.0,0,0,0,0,0,0,1,0,0.0,0.0,0.0,1,0,1,2,0.1734,No
258,Marwan Attia,MF,eg,Egypt,Al Ahly,27,1998,5,4,434,4.8,0,1,1,0,0,0,2,0,0.0,0.21,0.21,4,0,3,3,0.1728,No
259,Axel Tuanzebe,DF,cd,Congo DR,Burnley,28,1997,4,4,360,4.0,0,0,0,0,0,0,0,0,0.0,0.0,0.0,0,0,2,1,0.1725,No
260,Juan Manuel Sanabria,DF,uy,Uruguay,Atlético San Luis,26,2000,3,2,204,2.3,0,0,0,0,0,0,1,0,0.0,0.0,0.0,3,0,4,1,0.1723,No
261,Maxi Araújo,FWMF,uy,Uruguay,Sporting CP,26,2000,3,3,250,2.8,2,1,3,2,0,0,0,0,0.72,0.36,1.08,4,3,0,0,0.1711,No
262,Bruno Fernandes,MF,pt,Portugal,Manchester Utd,31,1994,5,5,422,4.7,0,1,1,0,0,0,0,0,0.0,0.21,0.21,9,3,5,0,0.1711,No
263,Xaver Schlager,MF,at,Austria,RB Leipzig,28,1997,4,4,238,2.6,0,1,1,0,0,0,0,0,0.0,0.38,0.38,1,0,3,7,0.1711,No
264,Frenkie de Jong,MF,nl,Netherlands,Barcelona,29,1997,4,4,328,3.6,0,0,0,0,0,0,0,0,0.0,0.0,0.0,1,0,7,8,0.1708,No
265,Moteb Al-Harbi,DF,sa,Saudi Arabia,Al-Hilal,26,2000,3,2,188,2.1,0,0,0,0,0,0,0,0,0.0,0.0,0.0,0,0,1,4,0.1701,No
266,Sander Berge,MF,no,Norway,Fulham,28,1998,5,5,480,5.3,0,0,0,0,0,0,0,0,0.0,0.0,0.0,0,0,4,9,0.1695,No
267,Michael Amir Murillo,DFMF,pa,Panama,Beşiktaş,30,1996,3,3,270,3.0,0,0,0,0,0,0,0,0,0.0,0.0,0.0,5,1,3,1,0.1689,No
268,José Córdoba,DF,pa,Panama,Norwich City,25,2001,3,3,270,3.0,0,0,0,0,0,0,0,0,0.0,0.0,0.0,0,0,3,1,0.1689,No
269,Ladislav Krejčí,DF,cz,Czechia,Wolves,27,1999,3,3,270,3.0,1,0,1,1,0,0,1,0,0.33,0.0,0.33,5,1,3,1,0.1689,No
270,Nathan Patterson,DF,sct,Scotland,Everton,24,2001,3,2,185,2.1,0,0,0,0,0,0,0,0,0.0,0.0,0.0,0,0,2,3,0.1684,No
271,Abdulla Abdullaev,DF,uz,Uzbekistan,Dibba Al Fujairah,28,1997,2,2,180,2.0,0,0,0,0,0,0,0,0,0.0,0.0,0.0,0,0,2,3,0.167,No
272,Lucas Paquetá,MF,br,Brazil,Flamengo,28,1997,4,4,233,2.6,0,1,1,0,0,0,0,0,0.0,0.39,0.39,5,1,4,5,0.167,No
273,Omar Rekik,DF,tn,Tunisia,NK Maribor,24,2001,2,2,180,2.0,1,0,1,1,0,0,0,0,0.5,0.0,0.5,1,1,2,3,0.167,No
274,Petar Sučić,MFFW,hr,Croatia,Inter,22,2003,4,3,289,3.2,1,1,2,1,0,0,1,0,0.31,0.31,0.62,3,2,2,1,0.166,No
275,Deroy Duarte,MF,cv,Cabo Verde,Ludogorets,27,1999,4,2,264,2.9,1,0,1,1,0,0,0,0,0.34,0.0,0.34,3,2,5,6,0.1657,No
276,Joshua Brenet,DF,cw,Curaçao,Kayserispor,32,1994,2,2,179,2.0,0,0,0,0,0,0,0,0,0.0,0.0,0.0,0,0,4,1,0.165,No
277,Stephen Eustáquio,MF,ca,Canada,Porto,29,1996,5,4,392,4.4,1,0,1,1,0,0,0,0,0.23,0.0,0.23,4,1,5,3,0.1642,No
278,Diego Gómez,MF,py,Paraguay,Brighton,23,2003,4,4,304,3.4,0,0,0,0,0,0,2,0,0.0,0.0,0.0,6,0,6,9,0.164,No
279,Iliman Ndiaye,FW,sn,Senegal,Everton,26,2000,3,1,114,1.3,1,2,3,1,0,0,0,0,0.79,1.58,2.37,3,2,0,2,0.1639,No
280,Silvan Widmer,DF,ch,Switzerland,Mainz 05,33,1993,5,1,175,1.9,0,0,0,0,0,0,0,0,0.0,0.0,0.0,0,0,4,1,0.1638,No
281,Kim Min-jae,DF,kr,Korea Republic,Bayern Munich,29,1996,3,3,245,2.7,0,0,0,0,0,0,0,0,0.0,0.0,0.0,1,1,2,2,0.1625,No
282,Rayan,FWMF,br,Brazil,Bournemouth,19,2006,4,3,288,3.2,0,1,1,0,0,0,0,0,0.0,0.31,0.31,5,2,4,3,0.1617,No
283,Ryan Mendes,FWMF,cv,Cabo Verde,76 Iğdır Belediyespor,36,1990,4,4,330,3.7,0,1,1,0,0,0,0,0,0.0,0.27,0.27,6,0,2,5,0.1611,No
284,Oğuz Aydın,DF,tr,Türkiye,Fenerbahçe,25,2000,1,1,89,1.0,0,0,0,0,0,0,0,0,0.0,0.0,0.0,0,0,6,0,0.1605,No
285,César Montes,DF,mx,Mexico,Loko Moscow,29,1997,4,4,314,3.5,0,0,0,0,0,0,0,1,0.0,0.0,0.0,1,1,1,2,0.16,No
286,Daichi Kamada,MF,jp,Japan,Crystal Palace,29,1996,4,4,329,3.7,2,0,2,2,0,0,1,0,0.55,0.0,0.55,3,2,3,1,0.1593,No
287,Maxence Lacroix,DF,fr,France,Crystal Palace,26,2000,2,1,151,1.7,0,0,0,0,0,0,0,0,0.0,0.0,0.0,0,0,2,3,0.1585,No
288,Ali Lajami,DF,sa,Saudi Arabia,Al-Hilal,30,1996,3,1,149,1.7,0,0,0,0,0,0,0,0,0.0,0.0,0.0,0,0,2,3,0.158,No
289,Jonas Adjetey,DF,gh,Ghana,Wolfsburg,22,2003,3,3,225,2.5,0,0,0,0,0,0,0,0,0.0,0.0,0.0,2,1,3,1,0.1559,No
290,Tim Payne,DF,nz,New Zealand,Wellington,32,1994,3,3,224,2.5,0,1,1,0,0,0,0,0,0.0,0.4,0.4,1,0,3,1,0.1556,No
291,Houssem Aouar,MF,dz,Algeria,Al-Ittihad,28,1998,3,2,173,1.9,0,2,2,0,0,0,0,0,0.0,1.04,1.04,3,1,1,0,0.155,No
292,Amad Diallo,MFFW,ci,Côte d'Ivoire,Manchester Utd,24,2002,4,2,185,2.1,2,0,2,2,0,0,0,0,0.97,0.0,0.97,8,4,4,2,0.155,No
293,Ismail Jakobs,DF,sn,Senegal,Galatasaray,26,1999,3,2,219,2.4,0,0,0,0,0,0,0,0,0.0,0.0,0.0,1,0,2,2,0.1549,No
294,Musa Al-Taamari,FW,jo,Jordan,Rennes,29,1997,3,2,215,2.4,1,1,2,1,0,0,0,0,0.42,0.42,0.84,8,3,0,0,0.1548,No
295,Azzedine Ounahi,MF,ma,Morocco,Girona,26,2000,6,5,435,4.8,2,0,2,2,0,0,1,0,0.41,0.0,0.41,5,3,1,1,0.1547,No
296,Livano Comenencia,MF,cw,Curaçao,Zürich,22,2004,3,3,233,2.6,1,0,1,1,0,0,1,0,0.39,0.0,0.39,5,2,1,11,0.1545,No
297,Nico Schlotterbeck,DF,de,Germany,Dortmund,26,1999,2,2,135,1.5,1,0,1,1,0,0,0,0,0.67,0.0,0.67,2,2,2,3,0.1539,No
298,Theo Hernández,DF,fr,France,Al-Hilal,28,1997,4,2,212,2.4,0,0,0,0,0,0,0,0,0.0,0.0,0.0,3,0,1,3,0.1537,No
299,Erik Lira,MF,mx,Mexico,Cruz Azul,26,2000,4,4,345,3.8,0,1,1,0,0,0,0,0,0.0,0.26,0.26,0,0,3,2,0.1533,No
300,Isak Hien,DF,se,Sweden,Atalanta,27,1999,3,3,216,2.4,0,0,0,0,0,0,1,0,0.0,0.0,0.0,0,0,3,1,0.1532,No
301,Tyler Adams,MF,us,United States,Bournemouth,27,1999,4,4,341,3.8,0,0,0,0,0,0,1,0,0.0,0.0,0.0,0,0,5,8,0.1527,No
302,Sadio Mané,MFFW,sn,Senegal,Al-Nassr,34,1992,4,4,362,4.0,0,1,1,0,0,0,0,0,0.0,0.25,0.25,6,3,2,3,0.1524,No
303,Leandro Paredes,MF,ar,Argentina,Boca Juniors,32,1994,6,4,398,4.4,0,0,0,0,0,0,1,0,0.0,0.0,0.0,4,1,6,5,0.151,No
304,Israel Reyes,DF,mx,Mexico,América,26,2000,4,2,202,2.2,0,0,0,0,0,0,0,0,0.0,0.0,0.0,2,0,1,3,0.1508,No
305,Marcel Sabitzer,MF,at,Austria,Dortmund,32,1994,4,4,360,4.0,1,0,1,1,0,0,1,0,0.25,0.0,0.25,5,2,2,6,0.1496,No
306,Hiroki Ito,DF,jp,Japan,Bayern Munich,27,1999,4,4,360,4.0,0,0,0,0,0,0,0,0,0.0,0.0,0.0,1,0,2,0,0.1492,No
307,Sebastián Cáceres,DF,uy,Uruguay,América,26,1999,3,3,270,3.0,0,0,0,0,0,0,0,0,0.0,0.0,0.0,3,0,1,2,0.1473,No
308,Vladimír Coufal,MFDF,cz,Czechia,Hoffenheim,33,1992,3,3,270,3.0,0,1,1,0,0,0,0,0,0.0,0.33,0.33,1,0,1,2,0.1473,No
309,Akam Hashim,DF,iq,Iraq,Al-Zawra'a SC,27,1998,3,3,270,3.0,0,0,0,0,0,0,0,0,0.0,0.0,0.0,1,0,1,2,0.1473,No
310,Marko Arnautović,FW,at,Austria,Red Star,37,1989,4,1,144,1.6,2,0,2,1,1,1,1,0,1.25,0.0,1.25,3,3,0,0,0.1467,No
311,Thomas Meunier,DF,be,Belgium,Lille,34,1991,3,2,190,2.1,0,1,1,0,0,0,0,0,0.0,0.47,0.47,2,1,2,2,0.1465,No
312,Connor Metcalfe,MF,au,Australia,St Pauli,26,1999,4,3,315,3.5,1,0,1,1,0,0,0,0,0.29,0.0,0.29,5,2,5,2,0.1464,No
313,Jerome Opoku,DF,gh,Ghana,Başakşehir,27,1998,3,3,270,3.0,0,0,0,0,0,0,0,0,0.0,0.0,0.0,0,0,2,1,0.1464,No
314,Marin Pongračić,DF,hr,Croatia,Fiorentina,28,1997,3,3,270,3.0,0,0,0,0,0,0,0,0,0.0,0.0,0.0,1,0,3,0,0.1456,No
315,Ghislain Konan,DF,ci,Côte d'Ivoire,Gil Vicente FC,30,1995,3,3,269,3.0,0,0,0,0,0,0,0,0,0.0,0.0,0.0,4,0,3,0,0.1453,No
316,Auston Trusty,DF,us,United States,Celtic,27,1998,2,1,101,1.1,1,0,1,1,0,0,0,0,0.89,0.0,0.89,3,2,1,4,0.1449,No
317,Sebastian Berhalter,MF,us,United States,Vancouver,25,2001,5,1,187,2.1,1,1,2,1,0,0,1,0,0.48,0.48,0.96,3,1,0,3,0.1445,No
318,Ihsan Haddad,DF,jo,Jordan,Al-Hussein SC,32,1994,3,3,260,2.9,0,1,1,0,0,0,0,0,0.0,0.35,0.35,1,0,1,2,0.1443,No
319,Sherzod Nasrullaev,DFMF,uz,Uzbekistan,FC Nasaf,27,1998,3,3,180,2.0,0,0,0,0,0,0,1,0,0.0,0.0,0.0,1,1,2,2,0.1436,No
320,Bilal El Khannouss,MFFW,ma,Morocco,Stuttgart,22,2004,6,6,461,5.1,0,0,0,0,0,0,1,0,0.0,0.0,0.0,6,4,7,1,0.1434,No
321,Wilfried Singo,DF,ci,Côte d'Ivoire,Galatasaray,25,2000,2,2,171,1.9,0,1,1,0,0,0,0,0,0.0,0.53,0.53,2,0,0,4,0.1427,No
322,Julián Álvarez,FW,ar,Argentina,Atlético Madrid,26,2000,7,4,501,5.6,1,0,1,1,0,0,0,0,0.18,0.0,0.18,11,5,4,3,0.1425,No
323,Exequiel Palacios,DF,ar,Argentina,Leverkusen,27,1998,1,1,90,1.0,0,0,0,0,0,0,0,0,0.0,0.0,0.0,0,0,0,5,0.1425,No
324,Nathan Aké,DF,nl,Netherlands,Manchester City,31,1995,3,2,170,1.9,0,0,0,0,0,0,0,0,0.0,0.0,0.0,1,0,0,4,0.1424,No
325,Mateo Kovačić,MF,hr,Croatia,Manchester City,32,1994,4,3,270,3.0,0,1,1,0,0,0,0,0,0.0,0.33,0.33,5,4,3,2,0.1424,No
326,Karim Hafez,DF,eg,Egypt,Pyramids FC,30,1996,3,2,172,1.9,0,1,1,0,0,0,0,0,0.0,0.52,0.52,1,0,1,3,0.1421,No
327,Paul Okon-Engstler,MF,au,Australia,Sydney FC,21,2005,4,2,197,2.2,0,1,1,0,0,0,0,0,0.0,0.46,0.46,0,0,2,5,0.1418,No
328,Ellyes Skhiri,MFDF,tn,Tunisia,Frankfurt,31,1995,3,3,250,2.8,0,0,0,0,0,0,0,0,0.0,0.0,0.0,0,0,1,2,0.1414,No
329,Jiovany Ramos,DF,pa,Panama,Puerto Cabello,29,1997,2,2,166,1.8,0,0,0,0,0,0,0,0,0.0,0.0,0.0,2,0,1,3,0.1404,No
330,Promise David,FW,ca,Canada,Union SG,25,2001,4,0,80,0.9,1,1,2,1,0,0,0,0,1.13,1.13,2.25,5,3,1,1,0.1402,No
331,Teboho Mokoena,MF,za,South Africa,Sundowns,29,1997,3,3,270,3.0,1,0,1,0,1,1,2,0,0.33,0.0,0.33,4,2,3,5,0.1399,No
332,Juriën Gaari,DF,cw,Curaçao,Abha,32,1993,2,2,166,1.8,0,0,0,0,0,0,1,0,0.0,0.0,0.0,2,0,2,2,0.1396,No
333,Omar Alderete,DF,py,Paraguay,Sunderland,29,1996,4,4,320,3.6,0,0,0,0,0,0,0,0,0.0,0.0,0.0,1,0,0,2,0.1393,No
334,Moisés Caicedo,MF,ec,Ecuador,Chelsea,24,2001,4,4,360,4.0,0,0,0,0,0,0,1,0,0.0,0.0,0.0,4,1,6,4,0.1388,No
335,Hussein Ali,DF,iq,Iraq,Pogoń Szczecin,24,2002,2,2,162,1.8,0,0,0,0,0,0,0,0,0.0,0.0,0.0,1,0,2,2,0.1384,No
336,Zeki Çelik,DF,tr,Türkiye,Roma,29,1997,2,2,163,1.8,0,0,0,0,0,0,0,0,0.0,0.0,0.0,1,1,3,1,0.1379,No
337,Nizar Al Rashdan,MF,jo,Jordan,Qatar SC,27,1999,3,3,255,2.8,1,0,1,1,0,0,0,0,0.35,0.0,0.35,2,1,5,2,0.1377,No
338,Mikel Merino,MF,es,Spain,Arsenal,30,1996,7,1,153,1.7,2,0,2,2,0,0,0,0,1.18,0.0,1.18,5,3,2,3,0.1371,No
339,Abbosbek Fayzullayev,MF,uz,Uzbekistan,Başakşehir,22,2003,3,3,220,2.4,1,0,1,1,0,0,0,0,0.41,0.0,0.41,3,2,6,1,0.136,No
340,Luka Modrić,MF,hr,Croatia,Milan,40,1985,4,4,317,3.5,0,1,1,0,0,0,1,0,0.0,0.28,0.28,1,0,3,0,0.1359,No
341,Arthur Theate,DF,be,Belgium,Frankfurt,26,2000,3,2,228,2.5,0,0,0,0,0,0,0,0,0.0,0.0,0.0,5,1,0,3,0.1359,No
342,Rodrigo Bentancur,MF,uy,Uruguay,Tottenham,29,1997,3,3,270,3.0,0,0,0,0,0,0,1,0,0.0,0.0,0.0,4,0,5,7,0.1357,No
343,Lewis Ferguson,MF,sct,Scotland,Bologna,26,1999,3,3,270,3.0,0,0,0,0,0,0,0,0,0.0,0.0,0.0,2,1,7,4,0.1357,No
344,Saeid Ezatolahi,MF,ir,IR Iran,Al-Ahli Dubai FC,29,1996,3,3,264,2.9,0,0,0,0,0,0,2,0,0.0,0.0,0.0,6,2,5,7,0.1348,No
345,Samuel Moutoussamy,MF,cd,Congo DR,Atromitos,29,1996,4,4,330,3.7,0,0,0,0,0,0,1,0,0.0,0.0,0.0,3,0,8,1,0.1344,No
346,Andy Robertson,DF,sct,Scotland,Liverpool,32,1994,3,3,225,2.5,0,0,0,0,0,0,1,0,0.0,0.0,0.0,0,0,1,2,0.1342,No
347,Rafael Leão,MF,pt,Portugal,Milan,27,1999,5,1,158,1.8,1,1,2,1,0,0,0,0,0.57,0.57,1.14,4,1,0,2,0.1336,No
348,Jamal Musiala,MF,de,Germany,Bayern Munich,23,2003,4,3,270,3.0,1,0,1,1,0,0,1,0,0.33,0.0,0.33,6,1,5,1,0.1332,No
349,Leo Østigård,DF,no,Norway,Genoa,26,1999,5,1,146,1.6,1,0,1,1,0,0,0,0,0.62,0.0,0.62,3,1,3,1,0.1329,No
350,Fabián Ruiz Peña,MF,es,Spain,PSG,30,1996,7,3,260,2.9,1,0,1,1,0,0,0,0,0.35,0.0,0.35,8,2,3,4,0.1318,No
351,Joško Gvardiol,DF,hr,Croatia,Manchester City,24,2002,4,2,139,1.5,0,0,0,0,0,0,0,0,0.0,0.0,0.0,1,0,2,2,0.1317,No
352,Miguel Almirón,MFFW,py,Paraguay,Atlanta Utd,32,1994,4,4,282,3.1,0,0,0,0,0,0,1,1,0.0,0.0,0.0,4,0,7,3,0.1308,No
353,Pedro Neto,MF,pt,Portugal,Chelsea,26,2000,5,5,350,3.9,0,1,1,0,0,0,0,0,0.0,0.26,0.26,1,0,2,0,0.1307,No
354,Lucas Herrington,DF,au,Australia,Colorado Rapids,18,2007,2,2,210,2.3,0,0,0,0,0,0,0,0,0.0,0.0,0.0,0,0,1,2,0.1298,No
355,Mauricio,MF,py,Paraguay,Palmeiras,25,2001,4,0,173,1.9,1,0,1,1,0,0,0,0,0.52,0.0,0.52,4,3,6,1,0.1291,No
356,Michael Boxall,DF,nz,New Zealand,Minnesota Utd,37,1988,3,2,207,2.3,0,0,0,0,0,0,0,0,0.0,0.0,0.0,0,0,1,2,0.129,No
357,Leroy Sané,MF,de,Germany,Galatasaray,30,1996,4,4,326,3.6,1,0,1,1,0,0,0,0,0.28,0.0,0.28,6,2,3,2,0.128,No
358,Gonzalo Plata,FW,ec,Ecuador,Flamengo,25,2000,4,4,360,4.0,1,0,1,1,0,0,1,0,0.25,0.0,0.25,8,5,5,2,0.1279,No
359,Trézéguet,MF,eg,Egypt,Al Ahly,31,1994,4,1,164,1.8,1,1,2,1,0,0,0,0,0.55,0.55,1.1,8,3,0,1,0.1278,No
360,Homam Ahmed,DF,qa,Qatar,Cultural Leonesa,26,1999,2,2,122,1.4,0,1,1,0,0,0,0,1,0.0,0.74,0.74,1,0,1,3,0.1276,No
361,Nicolás González,FWMF,ar,Argentina,Atlético Madrid,28,1998,6,0,214,2.4,0,1,1,0,0,0,0,0,0.0,0.42,0.42,7,1,3,1,0.1276,No
362,Franck Kessié,MF,ci,Côte d'Ivoire,Al-Ahli,29,1996,4,4,346,3.8,1,0,1,1,0,0,1,0,0.26,0.0,0.26,4,2,4,0,0.1276,No
363,Morgan Rogers,MF,eng,England,Aston Villa,23,2002,6,2,249,2.8,0,1,1,0,0,0,0,0,0.0,0.36,0.36,3,1,3,0,0.126,No
364,Manu Koné,MF,fr,France,Roma,25,2001,5,4,385,4.3,0,0,0,0,0,0,1,0,0.0,0.0,0.0,6,2,5,3,0.1257,No
365,Issa Laye,MFDF,qa,Qatar,Al-Arabi,28,1997,3,3,270,3.0,0,0,0,0,0,0,0,0,0.0,0.0,0.0,1,0,1,1,0.1239,No
366,Ángelo Preciado,DFMF,ec,Ecuador,Atlético Mineiro,28,1998,4,0,109,1.2,0,0,0,0,0,0,0,0,0.0,0.0,0.0,0,0,1,3,0.1238,No
367,Barış Alper Yılmaz,MFFW,tr,Türkiye,Galatasaray,26,2000,3,2,179,2.0,1,1,2,1,0,0,0,0,0.5,0.5,1.01,2,1,0,0,0.1233,No
368,Malo Gusto,DFMF,fr,France,Chelsea,23,2003,4,0,32,0.4,0,0,0,0,0,0,0,0,0.0,0.0,0.0,0,0,3,2,0.1232,No
369,Jack Hendry,DF,sct,Scotland,Al-Ettifaq,31,1995,3,3,270,3.0,0,0,0,0,0,0,0,0,0.0,0.0,0.0,0,0,2,0,0.1231,No
370,Ali Nemati,DF,ir,IR Iran,Foolad,30,1996,3,3,270,3.0,0,0,0,0,0,0,1,0,0.0,0.0,0.0,1,0,2,0,0.1231,No
371,Habib Diarra,MF,sn,Senegal,Sunderland,22,2004,3,2,143,1.6,2,0,2,2,0,0,0,0,1.26,0.0,1.26,4,2,2,1,0.1223,No
372,Takehiro Tomiyasu,DF,jp,Japan,Ajax,27,1998,3,2,184,2.0,0,0,0,0,0,0,0,0,0.0,0.0,0.0,1,0,1,2,0.1223,No
373,Nicolas Seiwald,MF,at,Austria,RB Leipzig,25,2001,4,4,315,3.5,0,0,0,0,0,0,0,0,0.0,0.0,0.0,3,0,5,4,0.1222,No
374,Fares Chaïbi,MF,dz,Algeria,Frankfurt,23,2002,4,4,360,4.0,0,0,0,0,0,0,1,0,0.0,0.0,0.0,9,3,5,3,0.1221,No
375,Grant Hanley,DF,sct,Scotland,Hibernian,34,1991,2,2,180,2.0,0,0,0,0,0,0,0,0,0.0,0.0,0.0,0,0,2,1,0.1203,No
376,Arda Güler,MF,tr,Türkiye,Real Madrid,21,2005,3,3,270,3.0,1,0,1,1,0,0,0,0,0.33,0.0,0.33,12,4,3,2,0.1199,No
377,Anthony Elanga,MFFW,se,Sweden,Newcastle,24,2002,4,2,217,2.4,2,0,2,2,0,0,0,0,0.83,0.0,0.83,3,3,0,2,0.1197,No
378,Lucas Bergvall,MF,se,Sweden,Tottenham,20,2006,4,1,181,2.0,0,1,1,0,0,0,1,0,0.0,0.5,0.5,2,0,2,2,0.1195,No
379,Lamine Camara,MF,sn,Senegal,Monaco,22,2004,4,3,248,2.8,0,1,1,0,0,0,1,0,0.0,0.36,0.36,3,0,1,2,0.1192,No
380,Chemsdine Talbi,MF,ma,Morocco,Sunderland,21,2005,5,1,179,2.0,0,1,1,0,0,0,0,0,0.0,0.5,0.5,2,0,2,2,0.1192,No
381,Amir Al Ammari,MF,iq,Iraq,Cracovia,28,1997,3,3,247,2.7,0,1,1,0,0,0,2,0,0.0,0.36,0.36,0,0,1,2,0.119,No
382,Thomas Partey,MF,gh,Ghana,Villarreal,33,1993,3,3,270,3.0,0,0,0,0,0,0,0,0,0.0,0.0,0.0,2,0,4,6,0.119,No
383,Husam Abu Dahab,DF,jo,Jordan,Al-Salmiya SC,26,2000,2,2,178,2.0,0,0,0,0,0,0,1,0,0.0,0.0,0.0,0,0,3,0,0.1189,No
384,Frans Dhia Putros,DF,iq,Iraq,Persib Bandung,33,1993,1,1,90,1.0,0,0,0,0,0,0,0,0,0.0,0.0,0.0,0,0,2,2,0.1175,No
385,Saleh Hardani,DF,ir,IR Iran,Esteghlal,27,1998,2,1,90,1.0,0,0,0,0,0,0,0,0,0.0,0.0,0.0,0,0,2,2,0.1175,No
386,Danley Jean-Jacques,MF,ht,Haiti,Philadelphia,26,2000,3,3,259,2.9,0,0,0,0,0,0,1,0,0.0,0.0,0.0,0,0,6,3,0.1174,No
387,Chris Wood,FW,nz,New Zealand,Nottingham,34,1991,3,3,270,3.0,0,2,2,0,0,0,0,0,0.0,0.67,0.67,5,2,1,0,0.1174,No
388,Gustavo Velásquez,DF,py,Paraguay,Cerro Porteño,35,1991,5,2,246,2.7,0,0,0,0,0,0,0,0,0.0,0.0,0.0,0,0,1,1,0.117,No
389,Ritsu Doan,MF,jp,Japan,Frankfurt,28,1998,4,4,278,3.1,0,1,1,0,0,0,0,0,0.0,0.32,0.32,1,0,1,1,0.1169,No
390,Sphephelo Sithole,MF,za,South Africa,Tondela,27,1999,3,3,229,2.5,0,0,0,0,0,0,0,1,0.0,0.0,0.0,0,0,5,5,0.1164,No
391,Daizen Maeda,MF,jp,Japan,Celtic,28,1997,3,3,244,2.7,1,0,1,1,0,0,0,0,0.37,0.0,0.37,2,1,3,2,0.1161,No
392,Ivan Bašić,MF,ba,Bosnia–Herz,FC Astana,24,2002,3,2,179,2.0,0,1,1,0,0,0,0,0,0.0,0.5,0.5,4,0,1,3,0.1158,No
393,Kalidou Koulibaly,DF,sn,Senegal,Al-Hilal,35,1991,2,2,161,1.8,0,0,0,0,0,0,0,0,0.0,0.0,0.0,0,0,1,2,0.1156,No
394,Romano Schmid,MFFW,at,Austria,Werder Bremen,26,2000,4,4,263,2.9,1,0,1,1,0,0,0,0,0.34,0.0,0.34,2,1,4,0,0.1155,No
395,Jacob Italiano,DF,au,Australia,Grazer AK,24,2001,2,2,163,1.8,0,0,0,0,0,0,1,0,0.0,0.0,0.0,1,0,2,1,0.1154,No
396,Ferdi Kadioglu,DF,tr,Türkiye,Brighton,26,1999,2,2,159,1.8,0,0,0,0,0,0,0,0,0.0,0.0,0.0,1,0,2,1,0.1142,No
397,Marcus Pedersen,DF,no,Norway,Torino,26,2000,4,1,236,2.6,1,0,1,1,0,0,0,0,0.38,0.0,0.38,1,1,2,0,0.1132,No
398,Kevin De Bruyne,MF,be,Belgium,Napoli,35,1991,5,5,382,4.2,1,0,1,1,0,0,1,0,0.24,0.0,0.24,20,5,2,0,0.1128,No
399,Phillipp Mwene,DF,at,Austria,Mainz 05,32,1994,2,2,147,1.6,0,0,0,0,0,0,0,0,0.0,0.0,0.0,1,0,0,3,0.1124,No
400,Tajon Buchanan,MF,ca,Canada,Villarreal,27,1999,5,5,376,4.2,0,0,0,0,0,0,0,0,0.0,0.0,0.0,6,3,5,1,0.1111,No
401,Martin Baturina,MFFW,hr,Croatia,Como,23,2003,4,4,321,3.6,1,0,1,1,0,0,0,0,0.28,0.0,0.28,3,1,2,1,0.1106,No
402,Juninho Bacuna,MF,cw,Curaçao,Volendam,28,1997,3,3,254,2.8,0,0,0,0,0,0,2,0,0.0,0.0,0.0,5,1,4,5,0.1101,No
403,Christ Inao Oulaï,MF,ci,Côte d'Ivoire,Trabzonspor,20,2006,4,2,208,2.3,0,0,0,0,0,0,0,0,0.0,0.0,0.0,2,0,4,6,0.11,No
404,Sultan Al-Brake,DF,qa,Qatar,Al Duhail SC,30,1996,2,1,141,1.6,0,0,0,0,0,0,0,0,0.0,0.0,0.0,0,0,1,2,0.1098,No
405,Alexandr Sojka,MFDF,cz,Czechia,Viktoria Plzeň,23,2003,3,2,141,1.6,0,1,1,0,0,0,0,0,0.0,0.64,0.64,0,0,1,2,0.1098,No
406,Jamiro Monteiro,MF,cv,Cabo Verde,Zwolle,32,1993,4,3,281,3.1,0,0,0,0,0,0,0,0,0.0,0.0,0.0,5,1,4,4,0.1073,No
407,Caleb Yirenkyi,MF,gh,Ghana,Nordsjælland,20,2006,4,3,264,2.9,1,0,1,1,0,0,2,0,0.34,0.0,0.34,2,1,1,3,0.1057,No
408,Idrissa Gueye,MF,sn,Senegal,Everton,36,1989,4,4,361,4.0,0,0,0,0,0,0,0,0,0.0,0.0,0.0,5,1,4,2,0.1056,No
409,Akmal Mozgovoy,MF,uz,Uzbekistan,Pakhtakor Tashkent FK,27,1999,3,2,216,2.4,0,1,1,0,0,0,0,0,0.0,0.42,0.42,1,0,0,2,0.1045,No
410,Saman Ghoddos,MF,ir,IR Iran,Al-Ittihad Kalba,32,1993,3,3,208,2.3,0,0,0,0,0,0,0,0,0.0,0.0,0.0,4,0,4,5,0.1034,No
411,Jefferson Lerma,MF,co,Colombia,Crystal Palace,31,1994,5,5,410,4.6,0,0,0,0,0,0,1,0,0.0,0.0,0.0,5,1,1,5,0.1027,No
412,Christian Pulisic,MF,us,United States,Milan,27,1998,4,3,223,2.5,0,1,1,0,0,0,0,0,0.0,0.4,0.4,4,2,1,0,0.1022,No
413,Tijjani Reijnders,MF,nl,Netherlands,Manchester City,27,1998,3,3,199,2.2,0,1,1,0,0,0,0,0,0.0,0.45,0.45,4,2,0,2,0.1021,No
414,Robin Hranáč,DF,cz,Czechia,Hoffenheim,26,2000,3,3,270,3.0,0,0,0,0,0,0,0,0,0.0,0.0,0.0,0,0,0,1,0.1014,No
415,Nabil Bentaleb,MF,dz,Algeria,Lille,31,1994,4,3,285,3.2,0,0,0,0,0,0,0,0,0.0,0.0,0.0,1,0,4,3,0.1012,No
416,Eren Elmalı,DF,tr,Türkiye,Galatasaray,26,2000,2,1,111,1.2,0,0,0,0,0,0,1,0,0.0,0.0,0.0,0,0,1,2,0.1011,No
417,Benjamin Tahirovic,MF,ba,Bosnia–Herz,Brøndby,23,2003,4,2,237,2.6,0,0,0,0,0,0,0,0,0.0,0.0,0.0,1,0,4,4,0.1009,No
418,Edmilson Junior,MFFW,qa,Qatar,Al Duhail SC,31,1994,3,3,210,2.3,0,1,1,0,0,0,0,0,0.0,0.43,0.43,3,2,1,0,0.1003,No
419,Antonio Nusa,FW,no,Norway,RB Leipzig,21,2005,6,4,318,3.5,1,0,1,1,0,0,1,0,0.28,0.0,0.28,6,2,2,2,0.0986,No
420,Merih Demiral,DF,tr,Türkiye,Al-Ahli,28,1998,2,2,180,2.0,0,0,0,0,0,0,0,0,0.0,0.0,0.0,6,2,1,1,0.0978,No
421,Redouane Halhal,DF,ma,Morocco,Mechelen,23,2003,2,2,180,2.0,0,0,0,0,0,0,1,0,0.0,0.0,0.0,0,0,1,1,0.0978,No
422,Steve Kapuadi,DF,cd,Congo DR,Widzew Łódź,28,1998,2,2,180,2.0,0,0,0,0,0,0,0,0,0.0,0.0,0.0,1,0,1,1,0.0978,No
423,Philipp Lienhart,DF,at,Austria,Freiburg,30,1996,2,2,180,2.0,0,0,0,0,0,0,0,0,0.0,0.0,0.0,1,0,1,1,0.0978,No
424,Mert Müldür,DF,tr,Türkiye,Fenerbahçe,27,1999,3,1,101,1.1,0,0,0,0,0,0,0,0,0.0,0.0,0.0,3,0,2,1,0.0974,No
425,Michal Sadílek,MF,cz,Czechia,Slavia Prague,27,1999,3,2,183,2.0,1,0,1,1,0,0,0,0,0.49,0.0,0.49,7,3,2,2,0.0972,No
426,Nasser Al-Dawsari,MF,sa,Saudi Arabia,Al-Hilal,27,1998,3,2,207,2.3,0,0,0,0,0,0,1,0,0.0,0.0,0.0,1,0,4,4,0.0966,No
427,Daniel Svensson,DF,se,Sweden,Dortmund,24,2002,3,1,98,1.1,0,0,0,0,0,0,0,0,0.0,0.0,0.0,1,0,2,1,0.0965,No
428,Tyler Bindon,DF,nz,New Zealand,Sheffield United,21,2005,3,1,97,1.1,0,0,0,0,0,0,0,0,0.0,0.0,0.0,2,1,2,1,0.0962,No
429,Thapelo Maseko,MFFW,za,South Africa,AEL Limassol,22,2003,3,3,242,2.7,1,0,1,1,0,0,0,0,0.37,0.0,0.37,8,1,1,2,0.0958,No
430,John Stones,DF,eng,England,Manchester City,32,1994,5,3,330,3.7,0,0,0,0,0,0,0,0,0.0,0.0,0.0,1,0,0,0,0.0955,No
431,Junya Itō,MF,jp,Japan,Genk,33,1993,4,2,216,2.4,1,0,1,1,0,0,0,0,0.42,0.0,0.42,3,1,2,1,0.0954,No
432,El Hadji Malick Diouf,DF,sn,Senegal,West Ham,21,2004,3,2,171,1.9,0,0,0,0,0,0,0,0,0.0,0.0,0.0,0,0,1,1,0.0952,No
433,John Yeboah,MF,ec,Ecuador,Venezia,26,2000,4,4,311,3.5,0,0,0,0,0,0,0,0,0.0,0.0,0.0,8,3,3,3,0.095,No
434,Noni Madueke,MF,eng,England,Arsenal,24,2002,5,4,286,3.2,0,0,0,0,0,0,0,0,0.0,0.0,0.0,6,1,4,2,0.0947,No
435,Ermin Mahmić,MF,ba,Bosnia–Herz,Slovan Liberec,21,2005,3,0,68,0.8,2,0,2,2,0,0,1,0,2.65,0.0,2.65,4,2,1,0,0.0947,No
436,Ao Tanaka,MF,jp,Japan,Leeds United,27,1998,3,2,193,2.1,0,0,0,0,0,0,0,0,0.0,0.0,0.0,2,0,6,1,0.0945,No
437,Fidel Escobar,DF,pa,Panama,Saprissa,31,1995,1,1,90,1.0,0,0,0,0,0,0,0,0,0.0,0.0,0.0,0,0,2,1,0.0942,No
438,Christopher Opéri,DF,ci,Côte d'Ivoire,Başakşehir,29,1997,1,1,90,1.0,0,0,0,0,0,0,0,0,0.0,0.0,0.0,0,0,2,1,0.0942,No
439,Miro Muheim,DFMF,ch,Switzerland,Hamburger SV,28,1998,3,0,87,1.0,0,0,0,0,0,0,1,0,0.0,0.0,0.0,0,0,1,2,0.0941,No
440,Wilson Isidor,FW,ht,Haiti,Sunderland,25,2000,3,2,186,2.1,1,0,1,1,0,0,0,0,0.48,0.0,0.48,5,2,1,1,0.0937,No
441,Nicolas Jackson,FW,sn,Senegal,Bayern Munich,25,2001,4,2,234,2.6,0,1,1,0,0,0,0,0,0.0,0.38,0.38,7,3,2,1,0.0937,No
442,Santiago Arias,DF,co,Colombia,Independiente,34,1992,1,1,86,1.0,0,0,0,0,0,0,0,0,0.0,0.0,0.0,0,0,2,1,0.093,No
443,Nilson Angulo,MF,ec,Ecuador,Sunderland,23,2003,4,2,218,2.4,1,0,1,1,0,0,0,0,0.41,0.0,0.41,2,2,1,2,0.0923,No
444,Kevin Danso,DF,at,Austria,Tottenham,27,1998,4,2,241,2.7,0,0,0,0,0,0,0,0,0.0,0.0,0.0,1,0,1,0,0.0922,No
445,Orkun Kökçü,MF,tr,Türkiye,Beşiktaş,25,2000,3,2,153,1.7,0,1,1,0,0,0,0,0,0.0,0.59,0.59,3,0,1,0,0.0921,No
446,Ayyoub Bouaddi,MF,ma,Morocco,Lille,18,2007,5,5,381,4.2,0,0,0,0,0,0,0,0,0.0,0.0,0.0,3,0,3,1,0.0918,No
447,Nikola Vlašić,MF,hr,Croatia,Torino,28,1997,3,2,189,2.1,1,0,1,1,0,0,0,0,0.48,0.0,0.48,3,1,2,1,0.0915,No
448,Kerim Alajbegović,MF,ba,Bosnia–Herz,RB Salzburg,18,2007,4,3,277,3.1,1,0,1,1,0,0,0,0,0.32,0.0,0.32,4,1,0,2,0.0909,No
449,Thalente Mbatha,MF,za,South Africa,Orlando Pirates,26,2000,4,2,260,2.9,0,0,0,0,0,0,1,0,0.0,0.0,0.0,4,1,2,5,0.0909,No
450,Noah Sadiki,MF,cd,Congo DR,Sunderland,21,2004,4,2,259,2.9,0,0,0,0,0,0,2,0,0.0,0.0,0.0,0,0,4,2,0.0908,No
451,Damián Bobadilla,MF,py,Paraguay,São Paulo,25,2001,4,2,189,2.1,0,0,0,0,0,0,0,0,0.0,0.0,0.0,0,0,3,5,0.0906,No
452,Omar Marmoush,FWMF,eg,Egypt,Manchester City,27,1999,5,3,326,3.6,0,0,0,0,0,0,0,0,0.0,0.0,0.0,11,1,3,2,0.0905,No
453,Shogo Taniguchi,DF,jp,Japan,Sint-Truiden,35,1991,3,2,232,2.6,0,0,0,0,0,0,1,0,0.0,0.0,0.0,0,0,0,1,0.0904,No
454,Ayoub Al-Oui,DF,qa,Qatar,Al-Gharafa Sports Club,21,2005,2,2,149,1.7,0,0,0,0,0,0,0,0,0.0,0.0,0.0,0,0,0,2,0.0896,No
455,Fabinho,DFMF,br,Brazil,Al-Ittihad,32,1993,3,0,71,0.8,0,0,0,0,0,0,1,0,0.0,0.0,0.0,1,0,1,2,0.0895,No
456,Mohammad Mohebi,MF,ir,IR Iran,Rostov,27,1998,3,3,244,2.7,1,0,1,1,0,0,0,0,0.37,0.0,0.37,2,1,1,1,0.0894,No
457,João Félix,MF,pt,Portugal,Al-Nassr,26,1999,3,3,201,2.2,0,0,0,0,0,0,0,0,0.0,0.0,0.0,6,1,4,3,0.089,No
458,Oh Hyeon-gyu,FW,kr,Korea Republic,Beşiktaş,25,2001,3,1,129,1.4,1,0,1,1,0,0,0,0,0.7,0.0,0.7,4,2,0,0,0.0888,No
459,Eldor Shomurodov,FW,uz,Uzbekistan,Başakşehir,31,1995,3,3,269,3.0,1,0,1,1,0,0,0,0,0.33,0.0,0.33,4,2,4,0,0.0888,No
460,Haissem Hassan,MF,eg,Egypt,Oviedo,24,2002,2,1,126,1.4,0,1,1,0,0,0,2,0,0.0,0.71,0.71,1,0,1,0,0.0881,No
461,Enner Valencia,FW,ec,Ecuador,Pachuca,36,1989,4,4,287,3.2,0,0,0,0,0,0,0,0,0.0,0.0,0.0,10,6,1,0,0.0879,No
462,Yannick,MF,cv,Cabo Verde,Farense,30,1995,2,0,32,0.4,0,1,1,0,0,0,0,0,0.0,2.81,2.81,1,0,1,2,0.0878,No
463,Fiston Mayele,FW,cd,Congo DR,Pyramids FC,32,1994,2,0,42,0.5,1,0,1,1,0,0,0,0,2.14,0.0,2.14,5,1,0,0,0.0872,No
464,Jason Geria,DF,au,Australia,Albirex Niigata,33,1993,2,0,62,0.7,0,0,0,0,0,0,0,0,0.0,0.0,0.0,0,0,1,2,0.0869,No
465,Sergiño Dest,MF,us,United States,PSV,25,2000,5,4,297,3.3,0,0,0,0,0,0,0,0,0.0,0.0,0.0,3,1,1,5,0.0863,No
466,Mohamed Kanno,MF,sa,Saudi Arabia,Al-Hilal,31,1994,3,2,225,2.5,0,0,0,0,0,0,1,0,0.0,0.0,0.0,3,2,4,2,0.0858,No
467,Hossein Kanaanizadegan,DF,ir,IR Iran,Persepolis,32,1994,2,2,135,1.5,0,0,0,0,0,0,1,0,0.0,0.0,0.0,1,1,0,2,0.0856,No
468,Aiden O'Neill,MF,au,Australia,NYCFC,28,1998,4,4,360,4.0,0,0,0,0,0,0,0,0,0.0,0.0,0.0,2,0,2,2,0.0854,No
469,Cameron Burgess,DF,au,Australia,Swansea City,30,1995,2,2,135,1.5,0,0,0,0,0,0,0,0,0.0,0.0,0.0,0,0,1,1,0.0847,No
470,Amine Gouiri,FW,dz,Algeria,Marseille,26,2000,4,3,251,2.8,1,0,1,1,0,0,0,0,0.36,0.0,0.36,3,2,1,0,0.0839,No
471,Jovo Lukić,FW,ba,Bosnia–Herz,Univ. Cluj,27,1998,2,1,67,0.7,1,0,1,1,0,0,1,0,1.34,0.0,1.34,3,2,1,0,0.0839,No
472,Hazem Mastouri,FW,tn,Tunisia,D. Makhachkala,29,1997,1,1,89,1.0,1,0,1,1,0,0,0,0,1.01,0.0,1.01,3,2,0,1,0.0839,No
473,Luis Suárez,FW,co,Colombia,Sporting CP,28,1997,5,3,331,3.7,0,1,1,0,0,0,1,0,0.0,0.27,0.27,9,0,4,0,0.0839,No
474,Waldemar Anton,DFMF,de,Germany,Dortmund,29,1996,2,0,50,0.6,0,0,0,0,0,0,0,0,0.0,0.0,0.0,1,1,1,2,0.0834,No
475,İsmail Yüksek,MF,tr,Türkiye,Fenerbahçe,27,1999,2,2,139,1.5,0,0,0,0,0,0,0,0,0.0,0.0,0.0,5,0,5,2,0.0834,No
476,Marcus Rashford,MF,eng,England,Barcelona,28,1997,5,2,178,2.0,1,0,1,1,0,0,0,0,0.51,0.0,0.51,12,5,2,0,0.0832,No
477,Ali Olwan,MF,jo,Jordan,Al-Sailiya SC,26,2000,3,3,268,3.0,1,0,1,1,0,0,0,0,0.34,0.0,0.34,6,3,0,1,0.0829,No
478,Ernest Nuamah,MF,gh,Ghana,Lyon,22,2003,3,1,89,1.0,0,1,1,0,0,0,0,0,0.0,1.01,1.01,0,0,1,0,0.0828,No
479,Aleksandar Pavlovic,MF,de,Germany,Bayern Munich,22,2004,4,4,272,3.0,0,0,0,0,0,0,1,0,0.0,0.0,0.0,4,1,3,2,0.0827,No
480,Agustín Canobbio,FW,uy,Uruguay,Fluminense,27,1998,3,2,224,2.5,1,0,1,1,0,0,0,1,0.4,0.0,0.4,4,1,3,2,0.0823,No
481,Saša Kalajdžić,FW,at,Austria,LASK,29,1997,3,1,77,0.9,1,0,1,1,0,0,0,0,1.17,0.0,1.17,4,1,0,0,0.0823,No
482,Fredrik André Bjørkan,DF,no,Norway,Bodø/Glimt,27,1998,1,1,45,0.5,0,0,0,0,0,0,0,0,0.0,0.0,0.0,0,0,1,2,0.0819,No
483,Nestory Irankunda,FWMF,au,Australia,Watford,20,2006,4,3,261,2.9,1,0,1,1,0,0,0,0,0.34,0.0,0.34,6,2,0,1,0.0819,No
484,Joe Bell,MF,nz,New Zealand,Viking,27,1999,3,3,243,2.7,0,0,0,0,0,0,0,0,0.0,0.0,0.0,1,0,2,4,0.0818,No
485,Cristian Martínez,MFFW,pa,Panama,Kiryat Shmona,29,1997,3,3,242,2.7,0,0,0,0,0,0,0,0,0.0,0.0,0.0,1,0,4,1,0.0816,No
486,Roger Ibanez,DF,br,Brazil,Al-Ahli,27,1998,1,1,45,0.5,0,0,0,0,0,0,1,0,0.0,0.0,0.0,0,0,2,1,0.0811,No
487,Teun Koopmeiners,DFMF,nl,Netherlands,Juventus,28,1998,4,0,122,1.4,0,0,0,0,0,0,0,0,0.0,0.0,0.0,2,0,1,1,0.081,No
488,Ibrahim Bayesh,MFFW,iq,Iraq,Al Dhafra SCC,26,2000,3,3,235,2.6,0,0,0,0,0,0,0,0,0.0,0.0,0.0,1,0,4,1,0.0806,No
489,Thelo Aasgaard,MF,no,Norway,Rangers,24,2002,1,1,90,1.0,1,0,1,1,0,0,0,0,1.0,0.0,1.0,2,1,1,3,0.0804,No
490,Fabian Rieder,MFFW,ch,Switzerland,Augsburg,24,2002,5,3,302,3.4,0,0,0,0,0,0,0,0,0.0,0.0,0.0,7,2,3,1,0.0804,No
491,Moïse Bombito,DF,ca,Canada,Nice,26,2000,3,2,193,2.1,0,0,0,0,0,0,0,0,0.0,0.0,0.0,1,1,0,1,0.0791,No
492,Nadhir Benbouali,FW,dz,Algeria,Győr,26,2000,1,0,45,0.5,1,0,1,1,0,0,0,0,2.0,0.0,2.0,2,2,1,0,0.079,No
493,Brian Cipenga,MFFW,cd,Congo DR,Castellón,28,1998,2,2,146,1.6,1,0,1,1,0,0,0,0,0.62,0.0,0.62,6,1,2,0,0.0785,No
494,Aziz Behich,MF,au,Australia,Melb City,35,1990,3,2,217,2.4,0,0,0,0,0,0,0,0,0.0,0.0,0.0,1,1,4,1,0.078,No
495,Jean-Ricner Bellegarde,MF,ht,Haiti,Wolves,28,1998,3,3,260,2.9,0,0,0,0,0,0,1,0,0.0,0.0,0.0,6,0,2,3,0.0776,No
496,Aziz Gʻaniyev,MF,uz,Uzbekistan,,28,1998,2,1,122,1.4,0,0,0,0,0,0,0,0,0.0,0.0,0.0,1,0,6,0,0.0776,No
497,Ante Budimir,FW,hr,Croatia,Osasuna,34,1991,3,2,155,1.7,1,0,1,1,0,0,0,0,0.58,0.0,0.58,3,1,1,0,0.0774,No
498,Ayman Hussein,FW,iq,Iraq,Al-Karma,30,1996,2,2,115,1.3,1,0,1,1,0,0,0,0,0.78,0.0,0.78,3,1,0,0,0.0774,No
499,Juan Quintero,FWMF,co,Colombia,River Plate,33,1993,4,0,121,1.3,0,1,1,0,0,0,0,0,0.0,0.74,0.74,4,0,0,0,0.0774,No
500,Hélio Varela,FW,cv,Cabo Verde,Maccabi Tel Aviv,24,2002,3,0,104,1.2,1,0,1,1,0,0,0,0,0.87,0.0,0.87,3,1,0,0,0.0774,No
501,Takefusa Kubo,MF,jp,Japan,Real Sociedad,25,2001,1,1,74,0.8,0,1,1,0,0,0,0,0,0.0,1.22,1.22,1,0,0,1,0.0773,No
502,Jaouen Hadjam,DF,dz,Algeria,Young Boys,23,2003,3,1,109,1.2,0,0,0,0,0,0,0,0,0.0,0.0,0.0,1,0,1,1,0.0772,No
503,David Raum,DF,de,Germany,RB Leipzig,28,1998,2,1,108,1.2,0,0,0,0,0,0,0,0,0.0,0.0,0.0,1,1,1,1,0.0769,No
504,Nadiem Amiri,MF,de,Germany,Mainz 05,29,1996,2,0,42,0.5,0,1,1,0,0,0,0,0,0.0,2.14,2.14,2,1,1,0,0.076,No
505,Kevin Rodríguez,FW,ec,Ecuador,Union SG,26,2000,4,0,118,1.3,0,1,1,0,0,0,0,0,0.0,0.76,0.76,6,1,1,0,0.0758,No
506,Antonio Rüdiger,DF,de,Germany,Real Madrid,33,1993,4,2,262,2.9,0,0,0,0,0,0,0,0,0.0,0.0,0.0,1,0,0,0,0.0758,No
507,Marko Stamenic,MF,nz,New Zealand,Swansea City,24,2002,3,3,269,3.0,0,0,0,0,0,0,1,0,0.0,0.0,0.0,3,0,1,4,0.0756,No
508,Gessime Yassine,MF,ma,Morocco,Strasbourg,20,2005,3,0,80,0.9,1,0,1,1,0,0,0,0,1.13,0.0,1.13,2,1,2,1,0.0756,No
509,John McGinn,MF,sct,Scotland,Aston Villa,31,1994,3,3,259,2.9,1,0,1,1,0,0,0,0,0.35,0.0,0.35,3,1,0,0,0.0749,No
510,Thiago Almada,MF,ar,Argentina,Atlético Madrid,25,2001,5,3,241,2.7,0,0,0,0,0,0,1,0,0.0,0.0,0.0,5,2,4,0,0.0748,No
511,Tshepang Moremi,MF,za,South Africa,Orlando Pirates,25,2000,2,0,34,0.4,0,1,1,0,0,0,0,0,0.0,2.65,2.65,0,0,1,0,0.0748,No
512,César Blackman,MFDF,pa,Panama,Slovan Bratislava,28,1998,2,2,178,2.0,0,0,0,0,0,0,1,0,0.0,0.0,0.0,2,1,0,1,0.0747,No
513,Jeremy Doku,MF,be,Belgium,Manchester City,24,2002,5,4,309,3.4,0,0,0,0,0,0,0,0,0.0,0.0,0.0,3,1,1,3,0.0747,No
514,Derrick Luckassen,DF,gh,Ghana,Pafos FC,31,1995,2,2,180,2.0,1,0,1,1,0,0,0,0,0.5,0.0,0.5,1,1,1,0,0.0745,No
515,Stjepan Radeljić,DF,ba,Bosnia–Herz,Rijeka,28,1997,2,2,180,2.0,0,0,0,0,0,0,1,0,0.0,0.0,0.0,1,0,1,0,0.0745,No
516,Ibrahima Konaté,DF,fr,France,Liverpool,27,1999,1,0,15,0.2,0,0,0,0,0,0,0,0,0.0,0.0,0.0,0,0,0,3,0.0741,No
517,Federico Valverde,MF,uy,Uruguay,Real Madrid,27,1998,3,3,236,2.6,0,0,0,0,0,0,0,0,0.0,0.0,0.0,10,2,2,3,0.0741,No
518,Ali Ahmed,MF,ca,Canada,Norwich City,25,2000,4,3,234,2.6,0,0,0,0,0,0,0,0,0.0,0.0,0.0,2,1,2,3,0.0738,No
519,Oswin Appollis,MFFW,za,South Africa,Orlando Pirates,24,2001,4,3,255,2.8,0,0,0,0,0,0,0,0,0.0,0.0,0.0,4,1,3,1,0.0735,No
520,Meschak Elia,FWMF,cd,Congo DR,Alanyaspor,28,1997,2,0,46,0.5,0,1,1,0,0,0,0,0,0.0,1.96,1.96,2,1,0,1,0.0732,No
521,Khojiakbar Alijonov,MF,uz,Uzbekistan,Pakhtakor Tashkent FK,29,1997,2,1,135,1.5,0,0,0,0,0,0,0,0,0.0,0.0,0.0,0,0,2,5,0.0728,No
522,Štěpán Chaloupek,DF,cz,Czechia,Slavia Prague,23,2003,1,1,90,1.0,0,0,0,0,0,0,0,0,0.0,0.0,0.0,0,0,0,2,0.0725,No
523,Deiver Machado,DF,co,Colombia,Nantes,32,1993,1,1,90,1.0,0,0,0,0,0,0,0,0,0.0,0.0,0.0,0,0,0,2,0.0725,No
524,Gonçalo Ramos,FW,pt,Portugal,PSG,25,2001,2,0,36,0.4,1,0,1,1,0,0,0,0,2.5,0.0,2.5,2,1,0,0,0.0725,No
525,Marcos Senesi,DF,ar,Argentina,Bournemouth,29,1997,1,1,90,1.0,0,0,0,0,0,0,0,0,0.0,0.0,0.0,1,0,0,2,0.0725,No
526,Antoine Semenyo,MFFW,gh,Ghana,Manchester City,26,2000,4,4,360,4.0,0,0,0,0,0,0,0,0,0.0,0.0,0.0,6,0,2,0,0.0721,No
527,Riechedly Bazoer,DF,cw,Curaçao,Konyaspor,29,1996,1,1,90,1.0,0,0,0,0,0,0,0,0,0.0,0.0,0.0,0,0,1,1,0.0717,No
528,Mark McKenzie,DF,us,United States,Toulouse,27,1999,1,1,90,1.0,0,0,0,0,0,0,0,0,0.0,0.0,0.0,0,0,1,1,0.0717,No
529,Miles Robinson,DF,us,United States,FC Cincinnati,29,1997,1,1,90,1.0,0,0,0,0,0,0,0,0,0.0,0.0,0.0,1,0,1,1,0.0717,No
530,Ahmed Fathy,MF,qa,Qatar,Al-Arabi,33,1993,3,1,150,1.7,0,0,0,0,0,0,2,0,0.0,0.0,0.0,0,0,3,3,0.0716,No
531,Gabriel Martinelli,MF,br,Brazil,Arsenal,25,2001,4,1,143,1.6,1,0,1,1,0,0,0,0,0.63,0.0,0.63,2,1,0,2,0.0714,No
532,Jorge Gutiérrez,DF,pa,Panama,Dep. La Guaira,27,1998,1,1,87,1.0,0,0,0,0,0,0,0,0,0.0,0.0,0.0,0,0,1,1,0.0708,No
533,Ozan Kabak,DF,tr,Türkiye,Hoffenheim,26,2000,1,1,90,1.0,0,0,0,0,0,0,0,0,0.0,0.0,0.0,0,0,2,0,0.0708,No
534,Ibrahim Maza,MFFW,dz,Algeria,Leverkusen,20,2005,4,4,351,3.9,0,0,0,0,0,0,0,0,0.0,0.0,0.0,11,3,2,0,0.0708,No
535,Joe Scally,DF,us,United States,Gladbach,23,2002,2,1,87,1.0,0,0,0,0,0,0,0,0,0.0,0.0,0.0,0,0,1,1,0.0708,No
536,Tsuyoshi Watanabe,DF,jp,Japan,Feyenoord,29,1997,2,1,90,1.0,0,0,0,0,0,0,0,0,0.0,0.0,0.0,0,0,2,0,0.0708,No
537,Ayumu Seko,DF,jp,Japan,Le Havre,26,2000,2,1,86,1.0,0,0,0,0,0,0,0,0,0.0,0.0,0.0,0,0,1,1,0.0705,No
538,Alexis Saelemaekers,MF,be,Belgium,Milan,27,1999,4,1,83,0.9,1,0,1,1,0,0,0,0,1.08,0.0,1.08,4,1,2,0,0.0694,No
539,Leandro Bacuna,MF,cw,Curaçao,76 Iğdır Belediyespor,34,1991,3,3,270,3.0,0,0,0,0,0,0,1,0,0.0,0.0,0.0,6,1,3,0,0.069,No
540,Carlos Harvey,MF,pa,Panama,Minnesota Utd,26,2000,3,3,267,3.0,0,0,0,0,0,0,1,0,0.0,0.0,0.0,5,0,3,0,0.0686,No
541,Ngal'Ayel Mukau,MF,cd,Congo DR,Lille,21,2004,4,3,195,2.2,0,0,0,0,0,0,0,0,0.0,0.0,0.0,1,0,2,3,0.0682,No
542,Alidu Seidu,DF,gh,Ghana,Rennes,26,2000,1,0,78,0.9,0,0,0,0,0,0,1,0,0.0,0.0,0.0,0,0,1,1,0.0682,No
543,Dostonbek Khamdamov,MF,uz,Uzbekistan,Pakhtakor Tashkent FK,29,1996,2,1,103,1.1,0,0,0,0,0,0,0,0,0.0,0.0,0.0,2,0,4,2,0.0681,No
544,Kai Trewin,DFMF,au,Australia,NYCFC,25,2001,1,0,75,0.8,0,0,0,0,0,0,0,0,0.0,0.0,0.0,1,0,0,2,0.0681,No
545,Anis Ben Slimane,MFFW,tn,Tunisia,Norwich City,25,2001,3,3,240,2.7,0,0,0,0,0,0,0,0,0.0,0.0,0.0,1,1,2,2,0.068,No
546,Vitinha,MF,pt,Portugal,PSG,26,2000,5,5,376,4.2,0,0,0,0,0,0,0,0,0.0,0.0,0.0,4,0,0,2,0.0678,No
547,Memphis,FWMF,nl,Netherlands,Corinthians,32,1994,3,0,54,0.6,0,1,1,0,0,0,1,0,0.0,1.67,1.67,0,0,0,0,0.0677,No
548,Petar Musa,FW,hr,Croatia,FC Dallas,28,1998,2,2,110,1.2,1,0,1,1,0,0,0,0,0.82,0.0,0.82,1,1,0,0,0.0676,No
549,Manaf Younis,DF,iq,Iraq,Al-Shorta,29,1996,1,0,75,0.8,0,0,0,0,0,0,0,0,0.0,0.0,0.0,0,0,1,1,0.0673,No
550,Cucho,FWMF,co,Colombia,Real Betis,27,1999,2,0,50,0.6,0,1,1,0,0,0,0,0,0.0,1.8,1.8,1,0,0,0,0.0671,No
551,Ibrahim Mbaye,MF,sn,Senegal,PSG,18,2008,4,1,157,1.7,1,0,1,1,0,0,0,0,0.57,0.0,0.57,4,1,0,1,0.0668,No
552,Mohamed Manai,DF,qa,Qatar,Al-Shamal Sports Club,23,2002,3,0,69,0.8,0,0,0,0,0,0,0,0,0.0,0.0,0.0,0,0,0,2,0.0664,No
553,Lee Kang-in,FW,kr,Korea Republic,PSG,25,2001,3,3,270,3.0,0,1,1,0,0,0,1,0,0.0,0.33,0.33,4,1,0,0,0.066,No
554,Amar Memić,MF,ba,Bosnia–Herz,Viktoria Plzeň,25,2001,4,2,224,2.5,0,0,0,0,0,0,0,0,0.0,0.0,0.0,3,1,2,2,0.0657,No
555,Zaid Tahseen,DF,iq,Iraq,Pakhtakor Tashkent FK,25,2001,2,2,149,1.7,0,0,0,0,0,0,1,0,0.0,0.0,0.0,2,0,1,0,0.0655,No
556,Can Uzun,MF,tr,Türkiye,Frankfurt,20,2005,2,0,38,0.4,0,1,1,0,0,0,0,0,0.0,2.37,2.37,4,1,0,0,0.0654,No
557,Tani Oluwaseyi,FW,ca,Canada,Villarreal,26,2000,5,3,259,2.9,0,0,0,0,0,0,0,0,0.0,0.0,0.0,8,4,3,0,0.0651,No
558,Alexander Bernhardsson,MF,se,Sweden,Holstein Kiel,27,1998,3,3,217,2.4,0,0,0,0,0,0,0,0,0.0,0.0,0.0,1,1,2,2,0.0647,No
559,Gilberto Mora,MF,mx,Mexico,Tijuana,17,2008,4,3,213,2.4,0,0,0,0,0,0,0,0,0.0,0.0,0.0,5,0,2,2,0.0641,No
560,José Luis Rodríguez,MFFW,pa,Panama,FC Juárez,28,1998,3,3,233,2.6,0,0,0,0,0,0,0,0,0.0,0.0,0.0,3,1,3,0,0.0637,No
561,Diogo Dalot,DFMF,pt,Portugal,Manchester Utd,27,1999,2,0,65,0.7,0,0,0,0,0,0,0,0,0.0,0.0,0.0,1,0,2,0,0.0636,No
562,Zaid Ismail,MF,iq,Iraq,Al-Talaba,24,2002,2,2,117,1.3,0,0,0,0,0,0,0,0,0.0,0.0,0.0,0,0,4,1,0.0635,No
563,Liam Millar,MF,ca,Canada,Hull City,26,1999,3,2,162,1.8,0,0,0,0,0,0,1,0,0.0,0.0,0.0,1,0,4,0,0.0634,No
564,Hakan Çalhanoğlu,MF,tr,Türkiye,Inter,32,1994,2,2,180,2.0,0,0,0,0,0,0,0,0,0.0,0.0,0.0,11,2,3,1,0.0626,No
565,James Rodríguez,FWMF,co,Colombia,Minnesota Utd,35,1991,5,5,313,3.5,0,0,0,0,0,0,0,0,0.0,0.0,0.0,6,3,1,1,0.0619,No
566,Ismaël Koné,MF,ca,Canada,Sassuolo,24,2002,2,2,146,1.6,0,0,0,0,0,0,0,0,0.0,0.0,0.0,2,0,2,3,0.061,No
567,Ko Itakura,DF,jp,Japan,Ajax,29,1997,2,2,128,1.4,0,1,1,0,0,0,0,0,0.0,0.7,0.7,0,0,0,1,0.0602,No
568,Djibril Sow,MF,ch,Switzerland,Sevilla,29,1997,4,2,253,2.8,0,0,0,0,0,0,0,0,0.0,0.0,0.0,2,1,1,2,0.0599,No
569,Scott McTominay,MF,sct,Scotland,Napoli,29,1996,3,3,270,3.0,0,0,0,0,0,0,0,0,0.0,0.0,0.0,8,3,2,0,0.059,No
570,Musab Al Juwayr,MFFW,sa,Saudi Arabia,Al-Qadsiah,23,2003,3,2,152,1.7,0,0,0,0,0,0,0,0,0.0,0.0,0.0,0,0,3,1,0.0586,No
571,Ivan Šunjić,MF,ba,Bosnia–Herz,Pafos FC,29,1996,4,3,196,2.2,0,0,0,0,0,0,0,0,0.0,0.0,0.0,1,1,3,0,0.0583,No
572,Jaminton Campaz,FWMF,co,Colombia,Rosario Central,26,2000,3,0,75,0.8,1,0,1,1,0,0,0,0,1.2,0.0,1.2,6,3,1,0,0.0582,No
573,Kenan Yıldız,MF,tr,Türkiye,Juventus,21,2005,3,2,218,2.4,0,0,0,0,0,0,0,0,0.0,0.0,0.0,14,1,2,1,0.0582,No
574,Álvaro Fidalgo,MF,mx,Mexico,Real Betis,29,1997,3,1,96,1.1,1,0,1,1,0,0,0,0,0.94,0.0,0.94,3,2,0,1,0.058,No
575,Paul Wanner,MF,at,Austria,PSV,20,2005,4,2,234,2.6,0,0,0,0,0,0,0,0,0.0,0.0,0.0,1,0,1,2,0.0572,No
576,Ryan Christie,MF,sct,Scotland,Bournemouth,31,1995,3,1,95,1.1,0,0,0,0,0,0,1,0,0.0,0.0,0.0,2,0,3,2,0.057,No
577,Malick Thiaw,DFMF,de,Germany,Newcastle,24,2001,2,0,42,0.5,0,0,0,0,0,0,0,0,0.0,0.0,0.0,0,0,2,0,0.0569,No
578,Jesper Karlström,MF,se,Sweden,Udinese,31,1995,2,2,138,1.5,0,0,0,0,0,0,0,0,0.0,0.0,0.0,1,0,3,1,0.0566,No
579,Manuel Ugarte,MF,uy,Uruguay,Manchester Utd,25,2001,3,3,184,2.0,0,0,0,0,0,0,0,0,0.0,0.0,0.0,3,1,1,3,0.0566,No
580,Gio Reyna,MF,us,United States,Gladbach,23,2002,5,1,131,1.5,1,0,1,1,0,0,0,0,0.69,0.0,0.69,2,1,0,0,0.0564,No
581,Mohammed Abu Al-Shamat,MF,sa,Saudi Arabia,Al-Qadsiah,23,2002,3,1,136,1.5,0,0,0,0,0,0,0,0,0.0,0.0,0.0,1,1,3,1,0.0563,No
582,Mattias Svanberg,MF,se,Sweden,Wolfsburg,27,1999,2,0,16,0.2,1,0,1,1,0,0,0,0,5.63,0.0,5.63,3,2,1,1,0.0563,No
583,Assim Madibo,MF,qa,Qatar,Al-Wakrah,29,1996,2,2,131,1.5,0,0,0,0,0,0,0,1,0.0,0.0,0.0,0,0,1,4,0.0555,No
584,Kōki Ogawa,FW,jp,Japan,NEC Nijmegen,28,1997,3,0,42,0.5,0,1,1,0,0,0,0,0,0.0,2.14,2.14,3,0,0,0,0.0546,No
585,Ahmed Maknzi,DF,iq,Iraq,Al-Karma,24,2001,1,0,33,0.4,0,0,0,0,0,0,0,0,0.0,0.0,0.0,0,0,2,0,0.0543,No
586,Otabek Shukurov,MF,uz,Uzbekistan,Baniyas FC,30,1996,3,3,237,2.6,0,0,0,0,0,0,0,0,0.0,0.0,0.0,2,0,2,0,0.0543,No
587,Zidane Iqbal,MF,iq,Iraq,Utrecht,23,2003,3,2,188,2.1,0,0,0,0,0,0,0,0,0.0,0.0,0.0,0,0,2,1,0.0538,No
588,Lukáš Červ,MF,cz,Czechia,Viktoria Plzeň,25,2001,2,2,163,1.8,0,0,0,0,0,0,0,0,0.0,0.0,0.0,3,2,3,0,0.0535,No
589,Esmir Bajraktarevic,MF,ba,Bosnia–Herz,PSV,21,2005,4,2,230,2.6,0,0,0,0,0,0,0,0,0.0,0.0,0.0,3,2,0,3,0.0532,No
590,Pathé Ciss,DF,sn,Senegal,Rayo Vallecano,32,1994,4,1,184,2.0,0,0,0,0,0,0,0,0,0.0,0.0,0.0,2,1,0,0,0.0531,No
591,Giovani Lo Celso,MF,ar,Argentina,Real Betis,30,1996,1,1,59,0.7,1,0,1,1,0,0,0,0,1.53,0.0,1.53,1,1,0,1,0.0526,No
592,Dennis Hadžikadunić,DF,ba,Bosnia–Herz,Sampdoria,28,1998,1,0,27,0.3,0,1,1,0,0,0,0,0,0.0,3.33,3.33,0,0,2,0,0.0525,No
593,Salem Al-Dawsari,MF,sa,Saudi Arabia,Al-Hilal,34,1991,3,3,245,2.7,0,0,0,0,0,0,1,0,0.0,0.0,0.0,3,0,1,1,0.0521,No
594,Brian Gutiérrez,MF,mx,Mexico,Guadalajara,23,2003,4,2,198,2.2,0,0,0,0,0,0,1,0,0.0,0.0,0.0,6,0,1,2,0.0519,No
595,Elisha Owusu,MF,gh,Ghana,Auxerre,28,1997,3,2,151,1.7,0,0,0,0,0,0,0,0,0.0,0.0,0.0,0,0,3,0,0.0518,No
596,Ruben Providence,MF,ht,Haiti,Almere City,25,2001,3,3,220,2.4,0,0,0,0,0,0,0,0,0.0,0.0,0.0,4,1,2,0,0.0518,No
597,Yukinari Sugawara,MF,jp,Japan,Werder Bremen,26,2000,4,1,148,1.6,0,0,0,0,0,0,0,0,0.0,0.0,0.0,2,2,3,0,0.0513,No
598,Salih Özcan,MF,tr,Türkiye,Dortmund,28,1998,2,1,100,1.1,0,0,0,0,0,0,0,0,0.0,0.0,0.0,0,0,1,4,0.051,No
599,Salim Obaid,DF,jo,Jordan,Al-Hussein SC,34,1992,3,0,21,0.2,0,0,0,0,0,0,0,0,0.0,0.0,0.0,0,0,2,0,0.0508,No
600,Nathanaël Mbuku,MFFW,cd,Congo DR,Montpellier,24,2002,3,2,143,1.6,0,0,0,0,0,0,1,0,0.0,0.0,0.0,3,2,3,0,0.0506,No
601,Jakhongir Urozov,DF,uz,Uzbekistan,FK Dinamo Samarqand,22,2004,2,1,95,1.1,0,0,0,0,0,0,0,0,0.0,0.0,0.0,0,0,0,1,0.0506,No
602,Pascal Groß,DFMF,de,Germany,Brighton,35,1991,1,0,18,0.2,0,0,0,0,0,0,0,0,0.0,0.0,0.0,1,0,2,0,0.0499,No
603,Nawaf Boushal,DF,sa,Saudi Arabia,Al-Nassr,26,1999,2,1,91,1.0,0,0,0,0,0,0,0,0,0.0,0.0,0.0,0,0,0,1,0.0495,No
604,Ehsan Hajsafi,DF,ir,IR Iran,Sepahan,36,1990,2,1,91,1.0,0,0,0,0,0,0,1,0,0.0,0.0,0.0,1,0,0,1,0.0495,No
605,Yoel Bárcenas,MF,pa,Panama,Mazatlán,32,1993,3,3,249,2.8,0,0,0,0,0,0,1,0,0.0,0.0,0.0,2,0,0,2,0.0493,No
606,Tomás Araújo,DF,pt,Portugal,Benfica,24,2002,1,1,90,1.0,0,0,0,0,0,0,1,0,0.0,0.0,0.0,0,0,0,1,0.0492,No
607,Ousmane Diomande,DF,ci,Côte d'Ivoire,Sporting CP,22,2003,1,1,90,1.0,0,0,0,0,0,0,0,0,0.0,0.0,0.0,0,0,0,1,0.0492,No
608,Nkosinathi Sibisi,DF,za,South Africa,Orlando Pirates,30,1995,1,1,90,1.0,0,0,0,0,0,0,1,0,0.0,0.0,0.0,0,0,0,1,0.0492,No
609,Kwasi Sibo,MF,gh,Ghana,Oviedo,28,1998,4,3,248,2.8,0,0,0,0,0,0,0,0,0.0,0.0,0.0,0,0,0,2,0.0492,No
610,Jackson Irvine,MF,au,Australia,St Pauli,33,1993,4,2,223,2.5,0,0,0,0,0,0,1,0,0.0,0.0,0.0,3,1,1,1,0.0489,No
611,Wagner Pina,DF,cv,Cabo Verde,Trabzonspor,23,2002,1,1,89,1.0,0,0,0,0,0,0,1,0,0.0,0.0,0.0,1,0,0,1,0.0489,No
612,Federico Viñas,FW,uy,Uruguay,Oviedo,28,1998,3,2,192,2.1,0,0,0,0,0,0,0,0,0.0,0.0,0.0,6,3,2,1,0.0488,No
613,Amadou Onana,MF,be,Belgium,Aston Villa,24,2001,4,2,106,1.2,0,0,0,0,0,0,0,0,0.0,0.0,0.0,2,0,2,2,0.0486,No
614,Florian Grillitsch,DFMF,at,Austria,Braga,30,1995,2,0,90,1.0,0,0,0,0,0,0,0,0,0.0,0.0,0.0,0,0,1,0,0.0483,No
615,Laros Duarte,MF,cv,Cabo Verde,Puskás Akad.,29,1997,4,2,166,1.8,0,0,0,0,0,0,0,0,0.0,0.0,0.0,3,3,1,2,0.0473,No
616,Richard Ríos,MF,co,Colombia,Benfica,26,2000,5,0,140,1.6,0,0,0,0,0,0,1,0,0.0,0.0,0.0,5,1,2,1,0.0468,No
617,Mohammad Abu Hasheesh,DF,jo,Jordan,Al-Karma,31,1995,1,0,6,0.1,0,0,0,0,0,0,0,0,0.0,0.0,0.0,0,0,2,0,0.0465,No
618,Mohammad Ghorbani,MF,ir,IR Iran,Al-Wahda FC,25,2001,1,1,90,1.0,0,0,0,0,0,0,0,0,0.0,0.0,0.0,2,1,2,2,0.0463,No
619,Lee Tae-seok,MF,kr,Korea Republic,Austria Wien,23,2002,2,2,113,1.3,0,0,0,0,0,0,0,0,0.0,0.0,0.0,0,0,3,0,0.0463,No
620,Luca Jaquez,DF,ch,Switzerland,Stuttgart,23,2003,2,1,78,0.9,0,0,0,0,0,0,0,0,0.0,0.0,0.0,0,0,0,1,0.0457,No
621,Ermedin Demirović,FW,ba,Bosnia–Herz,Stuttgart,28,1998,4,4,354,3.9,0,0,0,0,0,0,1,0,0.0,0.0,0.0,4,4,1,1,0.0456,No
622,Hassan Al-Haydos,MF,qa,Qatar,Al Sadd,35,1990,2,1,57,0.6,1,0,1,1,0,0,0,0,1.58,0.0,1.58,1,1,0,0,0.0456,No
623,Kamaldeen Sulemana,MFFW,gh,Ghana,Atlanta Utd,24,2002,2,2,127,1.4,0,0,0,0,0,0,0,0,0.0,0.0,0.0,1,0,2,1,0.045,No
624,Michael Gregoritsch,FW,at,Austria,Augsburg,32,1994,3,2,188,2.1,0,1,1,0,0,0,0,0,0.0,0.48,0.48,1,0,0,0,0.0449,No
625,Flaco López,FW,ar,Argentina,Palmeiras,25,2000,2,0,20,0.2,0,1,1,0,0,0,1,0,0.0,4.5,4.5,1,0,1,0,0.0449,No
626,Rani Khedira,MF,tn,Tunisia,Union Berlin,32,1994,3,2,149,1.7,0,0,0,0,0,0,1,0,0.0,0.0,0.0,1,0,1,2,0.0448,No
627,Odeh Al-Fakhouri,MFFW,jo,Jordan,Pyramids FC,20,2005,3,2,148,1.6,0,0,0,0,0,0,0,0,0.0,0.0,0.0,2,1,1,2,0.0447,No
628,Mateo Chávez,DF,mx,Mexico,AZ Alkmaar,22,2004,1,1,77,0.9,1,0,1,1,0,0,0,0,1.17,0.0,1.17,1,1,1,0,0.0446,No
629,Sofyan Amrabat,MF,ma,Morocco,Real Betis,29,1996,3,1,147,1.6,0,0,0,0,0,0,0,0,0.0,0.0,0.0,0,0,1,2,0.0445,No
630,Aaron Hickey,DF,sct,Scotland,Brentford,24,2002,1,1,74,0.8,0,0,0,0,0,0,1,0,0.0,0.0,0.0,0,0,0,1,0.0445,No
631,Akram Afif,FWMF,qa,Qatar,Al Sadd,29,1996,3,3,238,2.6,0,0,0,0,0,0,0,0,0.0,0.0,0.0,2,0,1,0,0.0444,No
632,Relebohile Mofokeng,MF,za,South Africa,Orlando Pirates,21,2004,3,2,169,1.9,0,0,0,0,0,0,0,0,0.0,0.0,0.0,3,1,2,0,0.0444,No
633,Mahmoud Saber,MF,eg,Egypt,ZED,24,2001,2,1,46,0.5,1,0,1,1,0,0,1,0,1.96,0.0,1.96,3,1,0,0,0.044,No
634,Elliot Stroud,MF,se,Sweden,Mjällby,24,2002,4,2,166,1.8,0,0,0,0,0,0,0,0,0.0,0.0,0.0,1,0,0,3,0.0439,No
635,Neymar,FWMF,br,Brazil,Santos,34,1992,2,0,39,0.4,1,0,1,0,1,1,1,0,2.31,0.0,2.31,3,2,0,0,0.043,No
636,Seol Young-woo,MF,kr,Korea Republic,Red Star,27,1998,3,3,250,2.8,0,0,0,0,0,0,0,0,0.0,0.0,0.0,2,0,0,1,0.0428,No
637,Abdullah Al-Khaibari,MF,sa,Saudi Arabia,Al-Nassr,29,1996,3,3,180,2.0,0,0,0,0,0,0,0,0,0.0,0.0,0.0,1,0,1,1,0.0426,No
638,Tahith Chong,MF,cw,Curaçao,Sheffield United,26,1999,3,3,247,2.7,0,0,0,0,0,0,0,0,0.0,0.0,0.0,4,2,0,1,0.0424,No
639,Henrik Falchener,DF,no,Norway,Viking,23,2003,1,1,65,0.7,0,0,0,0,0,0,0,0,0.0,0.0,0.0,0,0,0,1,0.0419,No
640,Luka Vušković,DF,hr,Croatia,Hamburger SV,19,2007,1,1,65,0.7,0,0,0,0,0,0,0,0,0.0,0.0,0.0,0,0,0,1,0.0419,No
641,Hicham Boudaoui,MF,dz,Algeria,Nice,26,1999,3,2,128,1.4,0,0,0,0,0,0,1,0,0.0,0.0,0.0,0,0,1,2,0.0418,No
642,Jassem Gaber,MF,qa,Qatar,Al Rayyan SC,24,2002,3,3,149,1.7,0,0,0,0,0,0,1,0,0.0,0.0,0.0,0,0,2,0,0.0415,No
643,Marco Pašalić,MF,hr,Croatia,Orlando City,25,2000,3,1,99,1.1,0,0,0,0,0,0,0,0,0.0,0.0,0.0,3,2,2,1,0.0409,No
644,Son Heung-min,FW,kr,Korea Republic,LAFC,34,1992,3,2,169,1.9,0,0,0,0,0,0,0,0,0.0,0.0,0.0,7,1,1,0,0.0407,No
645,Kenny McLean,MF,sct,Scotland,Norwich City,34,1992,3,1,118,1.3,0,0,0,0,0,0,1,0,0.0,0.0,0.0,1,0,1,2,0.0403,No
646,Hossam Abdelmaguid,DF,eg,Egypt,Zamalek SC,25,2001,2,0,59,0.7,0,0,0,0,0,0,0,0,0.0,0.0,0.0,0,0,0,1,0.0402,No
647,Sarpreet Singh,MF,nz,New Zealand,Wellington,27,1999,3,3,209,2.3,0,0,0,0,0,0,1,0,0.0,0.0,0.0,4,2,1,0,0.0402,No
648,Ferrán Torres,FW,es,Spain,Barcelona,26,2000,7,1,229,2.5,0,1,1,0,0,0,1,0,0.0,0.39,0.39,0,0,0,0,0.04,No
649,Callum McCowatt,MF,nz,New Zealand,Silkeborg,27,1999,3,2,159,1.8,0,0,0,0,0,0,1,0,0.0,0.0,0.0,4,3,1,1,0.0396,No
650,Sultan Mendash,MF,sa,Saudi Arabia,Al-Hilal,31,1994,1,1,65,0.7,0,0,0,0,0,0,0,0,0.0,0.0,0.0,0,0,3,0,0.0393,No
651,Ramiz Zerrouki,MF,dz,Algeria,Twente,28,1998,3,2,111,1.2,0,0,0,0,0,0,1,0,0.0,0.0,0.0,0,0,1,2,0.0393,No
652,Evidence Makgopa,FW,za,South Africa,Orlando Pirates,26,2000,4,2,215,2.4,0,0,0,0,0,0,0,0,0.0,0.0,0.0,4,3,1,1,0.0391,No
653,Alexandro Maidana,DF,py,Paraguay,Talleres–C,20,2005,2,1,55,0.6,0,0,0,0,0,0,0,0,0.0,0.0,0.0,0,0,0,1,0.039,No
654,Kieran Tierney,MF,sct,Scotland,Celtic,29,1997,2,1,104,1.2,0,0,0,0,0,0,0,0,0.0,0.0,0.0,2,0,1,2,0.0383,No
655,Francisco Conceição,MF,pt,Portugal,Juventus,23,2002,4,0,126,1.4,0,0,0,0,0,0,0,0,0.0,0.0,0.0,2,0,2,0,0.0381,No
656,Ali Azaizeh,MF,jo,Jordan,Al-Shabab,22,2004,3,1,54,0.6,0,0,0,0,0,0,0,0,0.0,0.0,0.0,2,0,3,0,0.0377,No
657,Garry Rodrigues,MF,cv,Cabo Verde,Apollon Limassol,35,1990,2,1,76,0.8,0,0,0,0,0,0,0,0,0.0,0.0,0.0,1,0,2,1,0.0376,No
658,Mehdi Taremi,FW,ir,IR Iran,Olympiacos,33,1992,3,3,259,2.9,0,0,0,0,0,1,0,0,0.0,0.0,0.0,5,2,2,2,0.0374,No
659,Ben Gannon-Doak,MF,sct,Scotland,Bournemouth,20,2005,3,2,186,2.1,0,0,0,0,0,0,0,0,0.0,0.0,0.0,4,0,1,0,0.0369,No
660,Nélson Semedo,DFMF,pt,Portugal,Fenerbahçe,32,1993,4,0,127,1.4,0,0,0,0,0,0,1,0,0.0,0.0,0.0,0,0,0,0,0.0366,No
661,Jacob Shaffelburg,MF,ca,Canada,LAFC,26,1999,5,0,92,1.0,0,0,0,0,0,0,0,0,0.0,0.0,0.0,3,0,1,2,0.0365,No
662,Dylan Bronn,DF,tn,Tunisia,Servette FC,31,1995,1,1,45,0.5,0,0,0,0,0,0,0,0,0.0,0.0,0.0,0,0,0,1,0.0361,No
663,Yaimar Medina,DFMF,ec,Ecuador,Genk,21,2004,1,0,45,0.5,0,0,0,0,0,0,0,0,0.0,0.0,0.0,1,0,0,1,0.0361,No
664,Paik Seung-ho,MF,kr,Korea Republic,Birmingham City,29,1997,3,3,204,2.3,0,0,0,0,0,0,1,0,0.0,0.0,0.0,0,0,0,1,0.0361,No
665,Obed Vargas,MF,mx,Mexico,Atlético Madrid,20,2005,3,0,66,0.7,0,0,0,0,0,0,0,0,0.0,0.0,0.0,1,1,2,1,0.0361,No
666,Nicolás De La Cruz,MF,uy,Uruguay,Flamengo,29,1997,3,0,86,1.0,0,0,0,0,0,0,1,0,0.0,0.0,0.0,4,2,1,2,0.0357,No
667,Rebin Sulaka,DF,iq,Iraq,Port FC,34,1992,2,1,43,0.5,0,0,0,0,0,0,0,1,0.0,0.0,0.0,1,0,0,1,0.0355,No
668,Junnosuke Suzuki,DF,jp,Japan,FC Copenhagen,23,2003,2,0,43,0.5,0,0,0,0,0,0,1,0,0.0,0.0,0.0,0,0,0,1,0.0355,No
669,Ismaël Gharbi,MF,tn,Tunisia,Augsburg,22,2004,3,1,127,1.4,0,0,0,0,0,0,0,0,0.0,0.0,0.0,3,0,1,1,0.035,No
670,Armin Gigovic,MF,ba,Bosnia–Herz,Young Boys,24,2002,2,1,79,0.9,0,0,0,0,0,0,0,0,0.0,0.0,0.0,0,0,1,2,0.0347,No
671,Mario Pašalić,MF,hr,Croatia,Atalanta,31,1995,4,1,123,1.4,0,0,0,0,0,0,0,0,0.0,0.0,0.0,4,1,1,1,0.0344,No
672,Gustavo Caballero,FWMF,py,Paraguay,Portsmouth,24,2001,2,0,96,1.1,0,0,0,0,0,0,0,0,0.0,0.0,0.0,1,1,2,0,0.0338,No
673,Dodi Lukebakio,MF,be,Belgium,Benfica,28,1997,3,1,164,1.8,0,0,0,0,0,0,0,0,0.0,0.0,0.0,7,1,1,0,0.0337,No
674,Danilo Santos,MF,br,Brazil,Botafogo–RJ,25,2001,4,0,46,0.5,0,0,0,0,0,0,0,0,0.0,0.0,0.0,2,1,2,1,0.0332,No
675,Edo Kayembe,MF,cd,Congo DR,Watford,28,1998,3,2,160,1.8,0,0,0,0,0,0,0,0,0.0,0.0,0.0,2,1,1,0,0.0331,No
676,Jarell Quansah,DF,eng,England,Leverkusen,23,2003,2,2,115,1.3,0,0,0,0,0,0,1,1,0.0,0.0,0.0,0,0,0,0,0.0331,No
677,Cristian Volpato,MF,au,Australia,Sassuolo,22,2003,3,2,160,1.8,0,0,0,0,0,0,0,0,0.0,0.0,0.0,4,1,1,0,0.0331,No
678,Oscar Bobb,FW,no,Norway,Fulham,23,2003,6,1,225,2.5,0,0,0,0,0,0,0,0,0.0,0.0,0.0,4,2,3,3,0.0326,No
679,Donyell Malen,FW,nl,Netherlands,Roma,27,1999,3,3,185,2.1,0,0,0,0,0,0,0,0,0.0,0.0,0.0,4,2,0,0,0.0326,No
680,Igor Matanović,FW,hr,Croatia,Freiburg,23,2003,3,0,95,1.1,0,0,0,0,0,0,0,0,0.0,0.0,0.0,4,2,0,0,0.0326,No
681,Michel Aebischer,MFFW,ch,Switzerland,Pisa,29,1997,4,2,156,1.7,0,0,0,0,0,0,0,0,0.0,0.0,0.0,2,1,1,0,0.0325,No
682,Ryan Thomas,MF,nz,New Zealand,Zwolle,31,1994,3,1,83,0.9,0,0,0,0,0,0,0,0,0.0,0.0,0.0,0,0,2,0,0.0319,No
683,Mathieu Choinière,MF,ca,Canada,LAFC,27,1999,1,1,57,0.6,0,0,0,0,0,0,0,0,0.0,0.0,0.0,0,0,1,2,0.0315,No
684,Al-Hashmi Al-Hussain,MF,qa,Qatar,Al-Arabi,22,2003,1,0,32,0.4,0,0,0,0,0,0,0,0,0.0,0.0,0.0,0,0,2,1,0.0312,No
685,Leon Goretzka,MF,de,Germany,Bayern Munich,31,1995,3,0,99,1.1,0,0,0,0,0,0,0,0,0.0,0.0,0.0,2,0,1,1,0.0309,No
686,Joaquin Seys,DF,be,Belgium,Club Brugge,21,2005,1,0,30,0.3,0,0,0,0,0,0,0,0,0.0,0.0,0.0,0,0,1,0,0.0309,No
687,Nicolás Paz,MF,ar,Argentina,Como,21,2004,2,1,71,0.8,0,0,0,0,0,0,0,0,0.0,0.0,0.0,1,0,2,0,0.0302,No
688,Jayden Adams,MF,za,South Africa,Sundowns,25,2001,3,2,116,1.3,0,0,0,0,0,0,0,0,0.0,0.0,0.0,0,0,0,2,0.03,No
689,Ali Al Hamadi,FW,iq,Iraq,Ipswich Town,24,2002,3,2,180,2.0,0,0,0,0,0,0,0,0,0.0,0.0,0.0,6,0,2,2,0.0293,No
690,Rayan Cherki,FWMF,fr,France,Manchester City,22,2003,6,0,85,0.9,0,0,0,0,0,0,0,0,0.0,0.0,0.0,1,1,1,1,0.0289,No
691,Warren Zaïre-Emery,DFMF,fr,France,PSG,20,2006,1,0,20,0.2,0,0,0,0,0,0,0,0,0.0,0.0,0.0,1,0,0,1,0.0288,No
692,Mahmoud Al-Mardi,MF,jo,Jordan,Al-Hussein SC,32,1993,3,1,130,1.4,0,0,0,0,0,0,0,0,0.0,0.0,0.0,1,1,1,0,0.0287,No
693,Ali Jasim,MF,iq,Iraq,Al-Najma,22,2004,2,2,129,1.4,0,0,0,0,0,0,0,0,0.0,0.0,0.0,4,1,1,0,0.0286,No
694,Samir El Mourabet,MF,ma,Morocco,Strasbourg,20,2005,5,0,81,0.9,0,0,0,0,0,0,0,0,0.0,0.0,0.0,0,0,1,1,0.0283,No
695,Francis de Vries,DF,nz,New Zealand,Auckland FC,31,1994,2,0,18,0.2,0,0,0,0,0,0,0,0,0.0,0.0,0.0,0,0,0,1,0.0283,No
696,Niko Sigur,MF,ca,Canada,Hajduk Split,22,2003,3,1,126,1.4,0,0,0,0,0,0,1,0,0.0,0.0,0.0,1,0,1,0,0.0281,No
697,Ayoub El Kaabi,FW,ma,Morocco,Olympiacos,33,1993,1,1,69,0.8,0,0,0,0,0,0,0,0,0.0,0.0,0.0,3,2,2,0,0.0277,No
698,Yūto Nagatomo,DFMF,jp,Japan,FC Tokyo,39,1986,1,0,16,0.2,0,0,0,0,0,0,0,0,0.0,0.0,0.0,0,0,0,1,0.0277,No
699,Elye Wahi,FW,ci,Côte d'Ivoire,Nice,23,2003,3,1,110,1.2,0,0,0,0,0,0,0,0,0.0,0.0,0.0,3,2,1,0,0.0277,No
700,Mustafa Saadoon,DF,iq,Iraq,Al-Shorta,25,2001,1,0,18,0.2,0,0,0,0,0,0,0,0,0.0,0.0,0.0,0,0,1,0,0.0274,No
701,Kim Moon-hwan,MF,kr,Korea Republic,Daejeon Hana,30,1995,1,1,70,0.8,0,0,0,0,0,0,0,0,0.0,0.0,0.0,0,0,1,1,0.0267,No
702,Elias Saad,MFFW,tn,Tunisia,Hannover 96,26,1999,2,2,116,1.3,0,0,0,0,0,0,0,0,0.0,0.0,0.0,1,0,1,0,0.0267,No
703,Seko Fofana,MF,ci,Côte d'Ivoire,Porto,31,1995,2,1,92,1.0,0,0,0,0,0,0,1,0,0.0,0.0,0.0,5,1,0,2,0.0265,No
704,Tomáš Souček,MF,cz,Czechia,West Ham,31,1995,3,1,137,1.5,0,0,0,0,0,0,0,0,0.0,0.0,0.0,1,0,0,1,0.0264,No
705,Josué Casimir,MF,ht,Haiti,Auxerre,24,2001,3,2,182,2.0,0,0,0,0,0,0,1,0,0.0,0.0,0.0,1,0,0,0,0.0263,No
706,Nico Williams,MF,es,Spain,Athletic Club,24,2002,5,0,67,0.7,0,0,0,0,0,0,0,0,0.0,0.0,0.0,4,2,1,1,0.0262,No
707,Elias Achouri,FWMF,tn,Tunisia,FC Copenhagen,27,1999,3,0,43,0.5,0,0,0,0,0,0,0,0,0.0,0.0,0.0,3,1,2,0,0.0261,No
708,Hadj Mahmoud,MF,tn,Tunisia,Lugano,26,2000,2,0,43,0.5,0,0,0,0,0,0,0,0,0.0,0.0,0.0,0,0,2,0,0.0261,No
709,Callan Elliot,DF,nz,New Zealand,Auckland FC,27,1999,1,0,13,0.1,0,0,0,0,0,0,0,0,0.0,0.0,0.0,0,0,1,0,0.026,No
710,Eom Ji-sung,MF,kr,Korea Republic,Swansea City,24,2002,2,0,42,0.5,0,0,0,0,0,0,0,0,0.0,0.0,0.0,0,0,2,0,0.026,No
711,Mo Touré,FW,au,Australia,Norwich City,22,2004,3,2,165,1.8,0,0,0,0,0,0,0,0,0.0,0.0,0.0,4,1,1,0,0.026,No
712,Scott McKenna,DF,sct,Scotland,Dinamo Zagreb,29,1996,1,1,90,1.0,0,0,0,0,0,0,0,0,0.0,0.0,0.0,0,0,0,0,0.0258,No
713,Diego Moreira,MF,be,Belgium,Strasbourg,21,2004,1,0,58,0.6,0,0,0,0,0,0,0,0,0.0,0.0,0.0,0,0,1,1,0.0249,No
714,Iñaki Williams,MFFW,gh,Ghana,Athletic Club,32,1994,2,2,126,1.4,0,0,0,0,0,0,1,0,0.0,0.0,0.0,3,0,0,1,0.0248,No
715,Dominique Simon,MF,ht,Haiti,1. FC Tatran Prešov B,25,2000,2,0,56,0.6,0,0,0,0,0,0,0,0,0.0,0.0,0.0,1,1,1,1,0.0246,No
716,Marko Farji,MF,iq,Iraq,Venezia,22,2004,2,0,54,0.6,0,0,0,0,0,0,0,0,0.0,0.0,0.0,0,0,1,1,0.0244,No
717,Ricardo Pepi,FW,us,United States,PSV,23,2003,5,2,204,2.3,0,0,0,0,0,0,0,0,0.0,0.0,0.0,5,0,1,1,0.0244,No
718,Alexander Sørloth,FW,no,Norway,Atlético Madrid,30,1995,5,5,337,3.7,0,0,0,0,0,0,0,0,0.0,0.0,0.0,5,0,1,0,0.0244,No
719,Erick Davis,DF,pa,Panama,Plaza Amador,35,1991,2,0,4,0.0,0,0,0,0,0,0,0,0,0.0,0.0,0.0,1,0,1,0,0.0234,No
720,Shurandy Sambo,DF,cw,Curaçao,Sparta R.,24,2001,1,0,1,0.0,0,0,0,0,0,0,0,0,0.0,0.0,0.0,0,0,0,1,0.0233,No
721,Angelo Stiller,MF,de,Germany,Stuttgart,25,2001,1,0,45,0.5,0,0,0,0,0,0,0,0,0.0,0.0,0.0,0,0,1,1,0.0231,No
722,Morten Thorsby,MF,no,Norway,Cremonese,30,1996,1,0,45,0.5,0,0,0,0,0,0,0,0,0.0,0.0,0.0,0,0,1,1,0.0231,No
723,Louicius Deedson,MF,ht,Haiti,FC Dallas,25,2001,3,1,112,1.2,0,0,0,0,0,0,0,0,0.0,0.0,0.0,2,0,0,1,0.0228,No
724,Pervis Estupiñán,MF,ec,Ecuador,Milan,28,1998,2,1,89,1.0,0,0,0,0,0,0,0,0,0.0,0.0,0.0,0,0,1,0,0.0228,No
725,Abdullah Al-Hamdan,FW,sa,Saudi Arabia,Al-Nassr,26,1999,3,0,71,0.8,0,0,0,0,0,0,0,0,0.0,0.0,0.0,2,2,0,0,0.0228,No
726,Bazoumana Touré,MF,ci,Côte d'Ivoire,Hoffenheim,20,2006,3,1,80,0.9,0,0,0,0,0,0,0,0,0.0,0.0,0.0,0,0,1,0,0.0215,No
727,Kerem Aktürkoğlu,FW,tr,Türkiye,Fenerbahçe,27,1998,2,2,129,1.4,0,0,0,0,0,0,0,0,0.0,0.0,0.0,3,1,1,0,0.0212,No
728,Adam Hložek,FW,cz,Czechia,Hoffenheim,23,2002,3,2,156,1.7,0,0,0,0,0,0,0,0,0.0,0.0,0.0,3,1,1,1,0.0212,No
729,Jean-Philippe Mateta,FW,fr,France,Crystal Palace,29,1997,3,0,24,0.3,0,0,0,0,0,0,0,0,0.0,0.0,0.0,3,1,0,0,0.0212,No
730,Frantzdy Pierrot,FW,ht,Haiti,Rizespor,31,1995,3,2,143,1.6,0,0,0,0,0,0,1,0,0.0,0.0,0.0,3,1,0,0,0.0212,No
731,Brenden Aaronson,MF,us,United States,Leeds United,25,2000,1,1,76,0.8,0,0,0,0,0,0,0,0,0.0,0.0,0.0,3,1,1,0,0.0209,No
732,Jeremy Antonisse,FWMF,cw,Curaçao,AE Kifisia,24,2002,2,0,75,0.8,0,0,0,0,0,0,0,0,0.0,0.0,0.0,1,0,1,0,0.0207,No
733,Anis Hadj Moussa,MF,dz,Algeria,Feyenoord,24,2002,3,1,98,1.1,0,0,0,0,0,0,0,0,0.0,0.0,0.0,2,0,0,1,0.0207,No
734,Nishan Velupillay,MF,au,Australia,Melb. Victory,25,2001,2,1,75,0.8,0,0,0,0,0,0,0,0,0.0,0.0,0.0,0,0,1,0,0.0207,No
735,Bernardo Silva,MF,pt,Portugal,Manchester City,31,1994,4,1,97,1.1,0,0,0,0,0,0,2,0,0.0,0.0,0.0,1,0,0,1,0.0206,No
736,Zeki Amdouni,FWMF,ch,Switzerland,Burnley,25,2000,4,0,73,0.8,0,0,0,0,0,0,0,0,0.0,0.0,0.0,1,0,1,0,0.0204,No
737,Mo Abualnadi,DF,jo,Jordan,Selangor FA,25,2001,1,1,71,0.8,0,0,0,0,0,0,0,0,0.0,0.0,0.0,0,0,0,0,0.0203,No
738,Ben Old,MF,nz,New Zealand,Saint-Étienne,23,2002,3,0,93,1.0,0,0,0,0,0,0,0,0,0.0,0.0,0.0,0,0,0,1,0.02,No
739,David Douděra,MF,cz,Czechia,Slavia Prague,28,1998,1,1,90,1.0,0,0,0,0,0,0,0,0,0.0,0.0,0.0,4,0,0,1,0.0196,No
740,Lawrence Shankland,FW,sct,Scotland,Hearts,30,1995,2,2,171,1.9,0,0,0,0,0,0,0,0,0.0,0.0,0.0,4,0,1,0,0.0195,No
741,Yang Hyun-jun,FWMF,kr,Korea Republic,Celtic,24,2002,1,0,20,0.2,0,0,0,0,0,0,0,0,0.0,0.0,0.0,1,1,1,1,0.0194,No
742,Eberechi Eze,FWMF,eng,England,Arsenal,28,1998,4,0,133,1.5,0,0,0,0,0,0,0,0,0.0,0.0,0.0,5,0,0,0,0.0192,No
743,Abdul Fatawu Issahaku,FWMF,gh,Ghana,Leicester City,22,2004,4,0,132,1.5,0,0,0,0,0,0,1,0,0.0,0.0,0.0,3,0,0,0,0.019,No
744,Kristian Thorstvedt,MF,no,Norway,Sassuolo,27,1999,2,1,63,0.7,0,0,0,0,0,0,0,0,0.0,0.0,0.0,3,1,1,0,0.019,No
745,Benjamin Nygren,MF,se,Sweden,Celtic,25,2001,4,2,130,1.4,0,0,0,0,0,0,0,0,0.0,0.0,0.0,1,0,0,0,0.0187,No
746,Raphinha,MFFW,br,Brazil,Barcelona,29,1996,2,2,129,1.4,0,0,0,0,0,0,0,0,0.0,0.0,0.0,3,2,0,0,0.0186,No
747,Andrej Kramarić,FWMF,hr,Croatia,Hoffenheim,35,1991,3,0,59,0.7,0,0,0,0,0,0,0,0,0.0,0.0,0.0,1,0,1,0,0.0184,No
748,Jaroslav Zelený,MF,cz,Czechia,Sparta Prague,33,1992,2,1,126,1.4,0,0,0,0,0,0,0,0,0.0,0.0,0.0,1,0,0,0,0.0181,No
749,Zizo,MF,eg,Egypt,Al Ahly,30,1996,4,0,56,0.6,0,0,0,0,0,0,0,0,0.0,0.0,0.0,3,1,1,0,0.018,No
750,Ahmed Qasem,MFFW,iq,Iraq,Nashville SC,23,2003,3,2,123,1.4,0,0,0,0,0,0,0,0,0.0,0.0,0.0,0,0,0,0,0.0177,No
751,Kim Jin-gyu,MF,kr,Korea Republic,Jeonbuk,29,1997,2,0,52,0.6,0,0,0,0,0,0,0,0,0.0,0.0,0.0,1,0,1,0,0.0174,No
752,Alireza Jahanbakhsh,FWMF,ir,IR Iran,Dender,32,1993,2,0,46,0.5,0,0,0,0,0,0,0,0,0.0,0.0,0.0,1,0,1,0,0.0165,No
753,Jordy Alcivar,MF,ec,Ecuador,Independiente,26,1999,1,1,45,0.5,0,0,0,0,0,0,1,0,0.0,0.0,0.0,1,0,1,0,0.0164,No
754,Jhon Córdoba,FW,co,Colombia,Krasnodar,33,1993,3,2,99,1.1,0,0,0,0,0,0,0,0,0.0,0.0,0.0,2,1,0,0,0.0163,No
755,Santiago Giménez,FW,mx,Mexico,Milan,25,2001,4,0,86,1.0,0,0,0,0,0,0,0,0,0.0,0.0,0.0,2,1,0,0,0.0163,No
756,Cho Gue-sung,FW,kr,Korea Republic,Midtjylland,28,1998,2,0,31,0.3,0,0,0,0,0,0,1,0,0.0,0.0,0.0,2,1,0,0,0.0163,No
757,Deniz Gül,FW,tr,Türkiye,Porto,22,2004,2,0,37,0.4,0,0,0,0,0,0,0,0,0.0,0.0,0.0,2,1,0,0,0.0163,No
758,Lee Jae-sung,FW,kr,Korea Republic,Mainz 05,33,1992,2,2,117,1.3,0,0,0,0,0,0,0,0,0.0,0.0,0.0,2,1,3,2,0.0163,No
759,Patrik Schick,FW,cz,Czechia,Leverkusen,30,1996,3,2,180,2.0,0,0,0,0,0,0,0,0,0.0,0.0,0.0,2,1,0,0,0.0163,No
760,Abdoulaye Seck,DF,sn,Senegal,Maccabi Haifa,34,1992,1,1,57,0.6,0,1,1,0,0,0,1,0,0.0,1.58,1.58,2,0,0,0,0.0163,No
761,Jørgen Strand Larsen,FW,no,Norway,Crystal Palace,26,2000,2,1,105,1.2,0,0,0,0,0,1,0,0,0.0,0.0,0.0,2,1,0,0,0.0163,No
762,Igor Thiago,FW,br,Brazil,Brentford,25,2001,1,1,61,0.7,0,0,0,0,0,0,0,0,0.0,0.0,0.0,2,1,1,0,0.0163,No
763,Ivan Toney,FW,eng,England,Al-Ahli,30,1996,1,0,1,0.0,0,0,0,0,0,0,0,0,0.0,0.0,0.0,2,1,0,0,0.0163,No
764,Cecilio Waterman,FW,pa,Panama,U Concepción,35,1991,2,1,76,0.8,0,0,0,0,0,0,0,0,0.0,0.0,0.0,2,1,0,0,0.0163,No
765,Matias Fernandez-Pardo,FWMF,be,Belgium,Lille,21,2005,3,0,44,0.5,0,0,0,0,0,0,0,0,0.0,0.0,0.0,3,0,1,0,0.0162,No
766,Pape Matar Sarr,MF,sn,Senegal,Tottenham,23,2002,2,0,67,0.7,0,0,0,0,0,0,0,0,0.0,0.0,0.0,4,0,0,1,0.0162,No
767,Patrick Wimmer,FWMF,at,Austria,Wolfsburg,25,2001,2,0,21,0.2,0,0,0,0,0,0,0,0,0.0,0.0,0.0,1,0,0,2,0.0162,No
768,Simon Banza,FWMF,cd,Congo DR,Al Jazira Club,29,1996,2,0,40,0.4,0,0,0,0,0,0,0,0,0.0,0.0,0.0,0,0,1,0,0.0157,No
769,Oston Urunov,MF,uz,Uzbekistan,Persepolis,25,2000,2,1,63,0.7,0,0,0,0,0,0,0,0,0.0,0.0,0.0,0,0,0,1,0.0157,No
770,Ismael Díaz,FWMF,pa,Panama,León,29,1997,2,0,37,0.4,0,0,0,0,0,0,0,0,0.0,0.0,0.0,6,2,1,0,0.0152,No
771,Besfort Zeneli,MF,se,Sweden,Union SG,23,2002,2,0,60,0.7,0,0,0,0,0,0,0,0,0.0,0.0,0.0,1,1,0,1,0.0152,No
772,Karim Boudiaf,MF,qa,Qatar,Al Duhail SC,35,1990,2,1,102,1.1,0,0,0,0,0,0,0,0,0.0,0.0,0.0,1,0,0,0,0.0147,No
773,Cédric Bakambu,FW,cd,Congo DR,Real Betis,35,1991,3,3,190,2.1,0,0,0,0,0,0,0,0,0.0,0.0,0.0,3,0,0,0,0.0146,No
774,Edin Džeko,FW,ba,Bosnia–Herz,Schalke 04,40,1986,3,3,176,2.0,0,0,0,0,0,0,1,0,0.0,0.0,0.0,3,0,0,1,0.0146,No
775,Endrick,FW,br,Brazil,Lyon,19,2006,4,0,114,1.3,0,0,0,0,0,0,0,0,0.0,0.0,0.0,3,0,1,1,0.0146,No
776,Azarías Londoño,MF,pa,Panama,Univ Católica,25,2001,3,0,56,0.6,0,0,0,0,0,0,0,0,0.0,0.0,0.0,1,0,0,1,0.0146,No
777,Shahriar Moghanlou,FW,ir,IR Iran,Al-Ittihad Kalba,31,1994,3,1,88,1.0,0,0,0,0,0,0,0,0,0.0,0.0,0.0,3,0,2,0,0.0146,No
778,Willy Semedo,FW,cv,Cabo Verde,AC Omonia,32,1994,3,1,131,1.5,0,0,0,0,0,0,0,0,0.0,0.0,0.0,3,0,0,3,0.0146,No
779,Denis Višinský,FW,cz,Czechia,Viktoria Plzeň,23,2003,1,1,55,0.6,0,0,0,0,0,0,0,0,0.0,0.0,0.0,3,0,0,0,0.0146,No
780,Nick Woltemade,FWMF,de,Germany,Newcastle,24,2002,1,0,33,0.4,0,0,0,0,0,0,0,0,0.0,0.0,0.0,2,0,1,0,0.0146,No
781,Alan Minda,MF,ec,Ecuador,Atlético Mineiro,23,2003,1,1,55,0.6,0,0,0,0,0,0,0,0,0.0,0.0,0.0,2,0,0,1,0.0145,No
782,Quinten Timber,MF,nl,Netherlands,Marseille,25,2001,2,0,55,0.6,0,0,0,0,0,0,0,0,0.0,0.0,0.0,0,0,0,1,0.0145,No
783,Vladimír Darida,MF,cz,Czechia,Hradec Králové,35,1990,1,1,54,0.6,0,0,0,0,0,0,0,0,0.0,0.0,0.0,1,0,0,1,0.0144,No
784,Kojo Peprah Oppong,DF,gh,Ghana,Nice,22,2004,2,0,49,0.5,0,0,0,0,0,0,1,0,0.0,0.0,0.0,0,0,0,0,0.0139,No
785,Francisco Trincão,FWMF,pt,Portugal,Sporting CP,26,1999,1,0,28,0.3,0,0,0,0,0,0,0,0,0.0,0.0,0.0,1,0,1,0,0.0139,No
786,Luis Chávez,MF,mx,Mexico,Dynamo Moskva,30,1996,1,0,25,0.3,0,0,0,0,0,0,0,0,0.0,0.0,0.0,0,0,1,0,0.0135,No
787,Aria Yousefi,MF,ir,IR Iran,Sepahan,24,2002,1,1,45,0.5,0,0,0,0,0,0,0,0,0.0,0.0,0.0,1,1,0,1,0.0131,No
788,Samu Costa,MF,pt,Portugal,Mallorca,25,2000,1,0,21,0.2,0,0,0,0,0,0,0,0,0.0,0.0,0.0,0,0,1,0,0.0129,No
789,Arjan Malic,DF,ba,Bosnia–Herz,Sturm Graz,20,2005,1,1,45,0.5,0,0,0,0,0,0,0,0,0.0,0.0,0.0,0,0,0,0,0.0128,No
790,Noah Okafor,FWMF,ch,Switzerland,Leeds United,26,2000,1,0,20,0.2,0,0,0,0,0,0,0,0,0.0,0.0,0.0,1,0,1,0,0.0128,No
791,Farrukh Sayfiev,DFMF,uz,Uzbekistan,Neftchi FK,35,1991,1,0,45,0.5,0,0,0,0,0,0,0,0,0.0,0.0,0.0,0,0,0,0,0.0128,No
792,Matías Viña,DF,uy,Uruguay,Flamengo,28,1997,1,1,45,0.5,0,0,0,0,0,0,0,0,0.0,0.0,0.0,0,0,0,0,0.0128,No
793,Yunus Akgün,MF,tr,Türkiye,Galatasaray,26,2000,2,1,88,1.0,0,0,0,0,0,0,1,0,0.0,0.0,0.0,0,0,0,0,0.0126,No
794,Ayoube Amaimouni,MF,ma,Morocco,Frankfurt,21,2004,2,0,18,0.2,0,0,0,0,0,0,0,0,0.0,0.0,0.0,2,1,1,0,0.0125,No
795,Ken Sema,FWMF,se,Sweden,Pafos FC,32,1993,1,0,16,0.2,0,0,0,0,0,0,0,0,0.0,0.0,0.0,1,0,1,0,0.0122,No
796,Carney Chukwuemeka,MF,at,Austria,Dortmund,22,2003,3,0,83,0.9,0,0,0,0,0,0,0,0,0.0,0.0,0.0,2,1,0,0,0.0119,No
797,Jean Seri,MF,ci,Côte d'Ivoire,NK Maribor,34,1991,1,0,14,0.2,0,0,0,0,0,0,0,0,0.0,0.0,0.0,0,0,1,0,0.0119,No
798,Alejandro Zendejas,FWMF,us,United States,América,28,1998,1,0,14,0.2,0,0,0,0,0,0,0,0,0.0,0.0,0.0,1,0,1,0,0.0119,No
799,Yuito Suzuki,FWMF,jp,Japan,Freiburg,24,2001,1,0,12,0.1,0,0,0,0,0,0,0,0,0.0,0.0,0.0,0,0,1,0,0.0116,No
800,Theo Bongonda,FWMF,cd,Congo DR,Spartak Moscow,30,1995,2,0,34,0.4,0,0,0,0,0,0,0,0,0.0,0.0,0.0,1,0,0,1,0.0115,No
801,Ajdin Hrustic,MF,au,Australia,Heracles Almelo,30,1996,2,0,80,0.9,0,0,0,0,0,0,0,0,0.0,0.0,0.0,3,0,0,0,0.0115,No
802,Ché Adams,FW,sct,Scotland,Torino,30,1996,3,2,145,1.6,0,0,0,0,0,0,0,0,0.0,0.0,0.0,1,1,1,0,0.0114,No
803,Ahmed Alaaeldin,FW,qa,Qatar,Al Rayyan SC,33,1993,2,0,43,0.5,0,0,0,0,0,0,0,0,0.0,0.0,0.0,1,1,1,0,0.0114,No
804,Almoez Ali,FW,qa,Qatar,Al Duhail SC,29,1996,1,0,19,0.2,0,0,0,0,0,0,0,0,0.0,0.0,0.0,1,1,0,0,0.0114,No
805,Ange-Yoan Bonny,FW,ci,Côte d'Ivoire,Inter,22,2003,4,3,234,2.6,0,0,0,0,0,0,0,0,0.0,0.0,0.0,1,1,2,1,0.0114,No
806,Sontje Hansen,FW,cw,Curaçao,Middlesbrough,24,2002,1,1,45,0.5,0,0,0,0,0,0,0,0,0.0,0.0,0.0,1,1,0,0,0.0114,No
807,Prince Kwabena Adu,FW,gh,Ghana,Viktoria Plzeň,22,2003,3,0,39,0.4,0,0,0,0,0,0,0,0,0.0,0.0,0.0,1,1,0,0,0.0114,No
808,Tomás Rodríguez,FW,pa,Panama,Saprissa,27,1999,2,1,46,0.5,0,0,0,0,0,0,0,0,0.0,0.0,0.0,1,1,0,0,0.0114,No
809,Tete Yengi,FW,au,Australia,Machida Zelvia,25,2000,2,0,24,0.3,0,0,0,0,0,0,0,0,0.0,0.0,0.0,1,1,2,0,0.0114,No
810,Assane Diao,MF,sn,Senegal,Como,20,2005,1,0,10,0.1,0,0,0,0,0,0,0,0,0.0,0.0,0.0,0,0,1,0,0.0113,No
811,Alaa Al Hejji,MF,sa,Saudi Arabia,Neom,30,1995,2,0,32,0.4,0,0,0,0,0,0,0,0,0.0,0.0,0.0,0,0,0,1,0.0112,No
812,Odiljon Hamrobekov,MF,uz,Uzbekistan,Tractor,30,1996,2,1,77,0.9,0,0,0,0,0,0,1,0,0.0,0.0,0.0,1,0,0,0,0.011,No
813,Jordan Henderson,MF,eng,England,Brentford,36,1990,1,0,7,0.1,0,0,0,0,0,0,1,0,0.0,0.0,0.0,0,0,1,0,0.0109,No
814,Ollie Watkins,FWMF,eng,England,Aston Villa,30,1995,1,0,7,0.1,0,0,0,0,0,0,0,0,0.0,0.0,0.0,1,0,1,0,0.0109,No
815,Timothy Weah,MF,us,United States,Marseille,26,2000,2,1,76,0.8,0,0,0,0,0,0,0,0,0.0,0.0,0.0,2,0,0,0,0.0109,No
816,Christian Fassnacht,FWMF,ch,Switzerland,Young Boys,32,1993,1,0,6,0.1,0,0,0,0,0,0,0,0,0.0,0.0,0.0,0,0,1,0,0.0107,No
817,Ardon Jashari,MF,ch,Switzerland,Milan,23,2002,3,1,72,0.8,0,0,0,0,0,0,0,0,0.0,0.0,0.0,2,0,0,0,0.0103,No
818,Mehdi Torabi,MF,ir,IR Iran,Tractor,31,1994,1,0,25,0.3,0,0,0,0,0,0,0,0,0.0,0.0,0.0,0,0,0,1,0.0101,No
819,İrfan Can Kahveci,MF,tr,Türkiye,Kasımpaşa,31,1995,1,0,1,0.0,0,0,0,0,0,0,0,0,0.0,0.0,0.0,0,0,1,0,0.01,No
820,Yéremy Pino,FWMF,es,Spain,Crystal Palace,23,2002,2,0,70,0.8,0,0,0,0,0,0,0,0,0.0,0.0,0.0,0,0,0,0,0.01,No
821,Kevin Yakob,MF,iq,Iraq,AGF,25,2000,1,0,24,0.3,0,0,0,0,0,0,0,0,0.0,0.0,0.0,1,0,0,1,0.01,No
822,Dan Burn,DF,eng,England,Newcastle,34,1992,3,0,35,0.4,0,0,0,0,0,0,0,0,0.0,0.0,0.0,0,0,0,0,0.0099,No
823,Jorrel Hato,DF,nl,Netherlands,Chelsea,20,2006,1,0,35,0.4,0,0,0,0,0,0,0,0,0.0,0.0,0.0,0,0,0,0,0.0099,No
824,Charles Pickel,DFMF,cd,Congo DR,Espanyol,29,1997,2,0,35,0.4,0,0,0,0,0,0,1,0,0.0,0.0,0.0,1,0,0,0,0.0099,No
825,Jovane Cabral,FW,cv,Cabo Verde,Estrela,28,1998,2,2,139,1.5,0,0,0,0,0,0,0,0,0.0,0.0,0.0,2,0,3,1,0.0098,No
826,Lenny Joseph,FW,ht,Haiti,Ferencváros,25,2000,3,1,117,1.3,0,0,0,0,0,0,0,0,0.0,0.0,0.0,2,0,0,0,0.0098,No
827,Darwin Núñez,FW,uy,Uruguay,Al-Hilal,27,1999,3,2,156,1.7,0,0,0,0,0,0,0,0,0.0,0.0,0.0,2,0,1,2,0.0098,No
828,Pavel Šulc,FW,cz,Czechia,Lyon,25,2000,3,2,189,2.1,0,0,0,0,0,0,0,0,0.0,0.0,0.0,2,0,2,0,0.0098,No
829,Éderson Silva,MF,br,Brazil,Atalanta,27,1999,2,0,22,0.2,0,0,0,0,0,0,0,0,0.0,0.0,0.0,2,0,0,1,0.0097,No
830,Axel Witsel,DFMF,be,Belgium,Girona,37,1989,2,0,33,0.4,0,0,0,0,0,0,1,0,0.0,0.0,0.0,0,0,0,0,0.0093,No
831,Park Jinseob,DFMF,kr,Korea Republic,Zhejiang,30,1995,2,0,32,0.4,0,0,0,0,0,0,0,0,0.0,0.0,0.0,1,1,0,0,0.009,No
832,Eray Cömert,DF,ch,Switzerland,Valencia,28,1998,1,0,31,0.3,0,0,0,0,0,0,0,0,0.0,0.0,0.0,0,0,0,0,0.0087,No
833,Jesse Randall,MF,nz,New Zealand,Auckland FC,23,2002,3,0,61,0.7,0,0,0,0,0,0,0,0,0.0,0.0,0.0,1,0,0,0,0.0087,No
834,Mathew Leckie,MF,au,Australia,Melb City,35,1991,1,1,60,0.7,0,0,0,0,0,0,0,0,0.0,0.0,0.0,1,0,0,0,0.0086,No
835,Telmo Arcanjo,MF,cv,Cabo Verde,Vit. Guimarães,25,2001,2,1,57,0.6,0,0,0,0,0,0,0,0,0.0,0.0,0.0,0,0,0,0,0.0081,No
836,Jackson Porozo,DF,ec,Ecuador,Tijuana,25,2000,1,0,29,0.3,0,0,0,0,0,0,1,0,0.0,0.0,0.0,0,0,0,0,0.0081,No
837,Alexander Prass,DFMF,at,Austria,Hoffenheim,25,2001,2,0,29,0.3,0,0,0,0,0,0,0,0,0.0,0.0,0.0,0,0,0,0,0.0081,No
838,Rúben Neves,MF,pt,Portugal,Al-Hilal,29,1997,2,1,55,0.6,0,0,0,0,0,0,0,0,0.0,0.0,0.0,2,0,0,0,0.0078,No
839,Brandon Thomas-Asante,FWMF,gh,Ghana,Coventry City,27,1998,2,0,53,0.6,0,0,0,0,0,0,0,0,0.0,0.0,0.0,1,0,0,0,0.0075,No
840,Jonathan Osorio,MF,ca,Canada,Toronto FC,34,1992,2,0,5,0.1,0,0,0,0,0,0,0,0,0.0,0.0,0.0,1,0,0,1,0.0072,No
841,Zineddine Belaïd,DF,dz,Algeria,JS Kabylie,27,1999,2,0,25,0.3,0,0,0,0,0,0,0,0,0.0,0.0,0.0,0,0,0,0,0.007,No
842,Sondre Langås,DF,no,Norway,Derby County,25,2001,1,0,25,0.3,0,0,0,0,0,0,0,0,0.0,0.0,0.0,0,0,0,0,0.007,No
843,Sherzod Esanov,MF,uz,Uzbekistan,FK Bukhara Nurafshon,23,2003,1,0,1,0.0,0,0,0,0,0,0,0,0,0.0,0.0,0.0,0,0,0,1,0.0067,No
844,Marco Friedl,DF,at,Austria,Werder Bremen,28,1998,1,0,24,0.3,0,0,0,0,0,0,0,0,0.0,0.0,0.0,0,0,0,0,0.0067,No
845,Andrés Gómez,MF,co,Colombia,Vasco da Gama,23,2002,1,0,1,0.0,0,0,0,0,0,0,0,0,0.0,0.0,0.0,0,0,0,1,0.0067,No
846,Mortadha Ben Ouanes,DFMF,tn,Tunisia,Kasımpaşa,32,1994,1,0,23,0.3,0,0,0,0,0,0,0,0,0.0,0.0,0.0,0,0,0,0,0.0064,No
847,Jens Castrop,MF,kr,Korea Republic,Gladbach,22,2003,1,0,45,0.5,0,0,0,0,0,0,0,0,0.0,0.0,0.0,0,0,0,0,0.0064,No
848,Abdulaziz Hatem,MF,qa,Qatar,Al Rayyan SC,36,1990,1,0,45,0.5,0,0,0,0,0,0,0,0,0.0,0.0,0.0,0,0,0,0,0.0064,No
849,Cedric Itten,FWMF,ch,Switzerland,Düsseldorf,29,1996,3,0,42,0.5,0,0,0,0,0,0,0,0,0.0,0.0,0.0,0,0,0,0,0.006,No
850,Jearl Margaritha,FWMF,cw,Curaçao,Beveren,26,2000,2,0,41,0.5,0,0,0,0,0,0,0,0,0.0,0.0,0.0,1,0,0,0,0.0058,No
851,Brian Rodríguez,FWMF,uy,Uruguay,América,26,2000,3,0,41,0.5,0,0,0,0,0,0,0,0,0.0,0.0,0.0,3,1,0,0,0.0058,No
852,Valentín Barco,DFMF,ar,Argentina,Strasbourg,21,2004,1,0,20,0.2,0,0,0,0,0,0,0,0,0.0,0.0,0.0,0,0,0,0,0.0055,No
853,Samir Chergui,DF,dz,Algeria,Paris FC,27,1999,1,0,20,0.2,0,0,0,0,0,0,0,0,0.0,0.0,0.0,0,0,0,0,0.0055,No
854,Taha Ali,FWMF,se,Sweden,Malmö,28,1998,2,0,37,0.4,0,0,0,0,0,0,0,0,0.0,0.0,0.0,0,0,0,0,0.0052,No
855,Lyndon Dykes,FWMF,sct,Scotland,Charlton Athletic,30,1995,2,0,36,0.4,0,0,0,0,0,0,0,0,0.0,0.0,0.0,1,0,0,0,0.0051,No
856,Ali Alipour,FW,ir,IR Iran,Persepolis,30,1995,1,0,38,0.4,0,0,0,0,0,0,0,0,0.0,0.0,0.0,1,0,1,1,0.0049,No
857,Azizbek Amonov,FW,uz,Uzbekistan,FK Bukhara Nurafshon,28,1997,1,0,14,0.2,0,0,0,0,0,0,0,0,0.0,0.0,0.0,1,0,0,0,0.0049,No
858,Gabriel Ávalos,FW,py,Paraguay,Independiente,35,1990,4,2,141,1.6,0,0,0,0,0,0,0,0,0.0,0.0,0.0,1,0,2,0,0.0049,No
859,Jordy Caicedo,FW,ec,Ecuador,Huracán,28,1997,3,0,20,0.2,0,0,0,0,0,0,0,0,0.0,0.0,0.0,1,0,0,0,0.0049,No
860,Nuno da Costa,FW,cv,Cabo Verde,Başakşehir,35,1991,4,1,159,1.8,0,0,0,0,0,0,0,0,0.0,0.0,0.0,1,0,2,1,0.0049,No
861,José Fajardo,FW,pa,Panama,Univ Católica,32,1993,3,1,155,1.7,0,0,0,0,0,0,1,0,0.0,0.0,0.0,1,0,2,0,0.0049,No
862,Lyle Foster,FW,za,South Africa,Burnley,25,2000,1,1,55,0.6,0,0,0,0,0,0,0,0,0.0,0.0,0.0,1,0,0,0,0.0049,No
863,Ahmed Al-Ganehi,FW,qa,Qatar,Al-Gharafa Sports Club,25,2000,1,0,36,0.4,0,0,0,0,0,0,0,0,0.0,0.0,0.0,1,0,1,0,0.0049,No
864,Gavi,FW,es,Spain,Barcelona,21,2004,2,1,76,0.8,0,0,0,0,0,0,0,0,0.0,0.0,0.0,1,0,2,1,0.0049,No
865,Mehdi Ghayedi,FW,ir,IR Iran,Al-Nasr Dubai,27,1998,1,0,45,0.5,0,0,0,0,0,0,0,0,0.0,0.0,0.0,1,0,0,0,0.0049,No
866,Hwang Hee-chan,FW,kr,Korea Republic,Wolves,30,1996,3,1,108,1.2,0,0,0,0,0,0,0,0,0.0,0.0,0.0,1,0,1,0,0.0049,No
867,Amirhossein Hosseinzadeh,FW,ir,IR Iran,Tractor,25,2000,2,0,17,0.2,0,0,0,0,0,0,0,0,0.0,0.0,0.0,1,0,2,0,0.0049,No
868,Dailon Livramento,FW,cv,Cabo Verde,Casa Pia,25,2001,3,2,174,1.9,0,0,0,0,0,0,0,0,0.0,0.0,0.0,1,0,0,0,0.0049,No
869,Jürgen Locadia,FW,cw,Curaçao,Miami FC,32,1993,3,3,235,2.6,0,0,0,0,0,0,0,0,0.0,0.0,0.0,1,0,0,1,0.0049,No
870,Gustaf Nilsson,FW,se,Sweden,Club Brugge,29,1997,1,0,2,0.0,0,0,0,0,0,0,0,0,0.0,0.0,0.0,1,0,0,0,0.0049,No
871,Lukáš Provod,FW,cz,Czechia,Slavia Prague,29,1996,3,1,122,1.4,0,0,0,0,0,0,0,0,0.0,0.0,0.0,1,0,3,1,0.0049,No
872,Iqraam Rayners,FW,za,South Africa,Sundowns,30,1995,4,2,161,1.8,0,0,0,0,0,0,0,0,0.0,0.0,0.0,1,0,0,0,0.0049,No
873,Giuliano Simeone,FW,ar,Argentina,Atlético Madrid,23,2002,2,2,141,1.6,0,0,0,0,0,0,0,0,0.0,0.0,0.0,1,0,3,1,0.0049,No
874,Zakaria El Ouahdi,DFMF,ma,Morocco,Genk,24,2001,1,0,17,0.2,0,0,0,0,0,0,0,0,0.0,0.0,0.0,0,0,0,0,0.0046,No
875,Guus Til,FWMF,nl,Netherlands,PSV,28,1997,1,0,32,0.4,0,0,0,0,0,0,0,0,0.0,0.0,0.0,0,0,0,0,0.0045,No
876,Youssef Amyn,MF,iq,Iraq,AEK Larnaca,22,2003,1,0,31,0.3,0,0,0,0,0,0,0,0,0.0,0.0,0.0,0,0,0,0,0.0044,No
877,Alphonso Davies,DFFW,ca,Canada,Bayern Munich,25,2000,1,0,16,0.2,0,0,0,0,0,0,0,0,0.0,0.0,0.0,0,0,0,0,0.0044,No
878,Jamie Leweling,FWMF,de,Germany,Stuttgart,25,2001,1,0,31,0.3,0,0,0,0,0,0,0,0,0.0,0.0,0.0,1,0,0,0,0.0044,No
879,Orbelín Pineda,FWMF,mx,Mexico,AEK Athens,30,1996,2,0,31,0.3,0,0,0,0,0,0,0,0,0.0,0.0,0.0,1,0,0,0,0.0044,No
880,Gervane Kastaneer,FWMF,cw,Curaçao,Terengganu City,30,1996,3,0,30,0.3,0,0,0,0,0,0,2,0,0.0,0.0,0.0,1,0,0,0,0.0042,No
881,Awer Mabil,FWMF,au,Australia,Castellón,30,1995,1,0,30,0.3,0,0,0,0,0,0,0,0,0.0,0.0,0.0,1,0,0,0,0.0042,No
882,Roshon van Eijma,DF,cw,Curaçao,RKC Waalwijk,28,1998,1,0,15,0.2,0,0,0,0,0,0,0,0,0.0,0.0,0.0,0,0,0,0,0.0041,No
883,Luiz Henrique,FWMF,br,Brazil,Zenit,25,2001,1,0,29,0.3,0,0,0,0,0,0,0,0,0.0,0.0,0.0,0,0,0,0,0.0041,No
884,Mohamed Abdelmonem,DF,eg,Egypt,Nice,27,1999,2,1,14,0.2,0,0,0,0,0,0,0,0,0.0,0.0,0.0,0,0,0,0,0.0038,No
885,Mohamed Amoura,FWMF,dz,Algeria,Wolfsburg,26,2000,1,0,27,0.3,0,0,0,0,0,0,0,0,0.0,0.0,0.0,0,0,0,0,0.0038,No
886,Maximilian Beier,FWMF,de,Germany,Dortmund,23,2002,1,0,27,0.3,0,0,0,0,0,0,0,0,0.0,0.0,0.0,0,0,0,0,0.0038,No
887,Justin Kluivert,FWMF,nl,Netherlands,Bournemouth,27,1999,2,0,27,0.3,0,0,0,0,0,0,0,0,0.0,0.0,0.0,0,0,0,0,0.0038,No
888,Bara Sapoko Ndiaye,MF,sn,Senegal,Bayern Munich,18,2007,1,0,26,0.3,0,0,0,0,0,0,0,0,0.0,0.0,0.0,1,1,0,0,0.0036,No
889,David Zima,DF,cz,Czechia,Slavia Prague,25,2000,1,0,13,0.1,0,0,0,0,0,0,0,0,0.0,0.0,0.0,0,0,0,0,0.0035,No
890,Duckens Nazon,FWMF,ht,Haiti,Esteghlal,32,1994,1,0,24,0.3,0,0,0,0,0,0,1,0,0.0,0.0,0.0,1,1,0,0,0.0033,No
891,Aimar Sher,MF,iq,Iraq,Sarpsborg 08,23,2002,1,0,23,0.3,0,0,0,0,0,0,0,0,0.0,0.0,0.0,0,0,0,0,0.0032,No
892,Themba Zwane,FWMF,za,South Africa,Sundowns,36,1989,1,0,23,0.3,0,0,0,0,0,0,0,1,0.0,0.0,0.0,0,0,0,0,0.0032,No
893,Braian Ojeda,MF,py,Paraguay,Orlando City,26,2000,1,0,22,0.2,0,0,0,0,0,0,0,0,0.0,0.0,0.0,0,0,0,0,0.003,No
894,Anthony Ralston,DF,sct,Scotland,Celtic,27,1998,2,0,11,0.1,0,0,0,0,0,0,0,0,0.0,0.0,0.0,1,1,0,0,0.0029,No
895,Marten de Roon,DFMF,nl,Netherlands,Atalanta,35,1991,1,0,11,0.1,0,0,0,0,0,0,0,0,0.0,0.0,0.0,0,0,0,0,0.0029,No
896,Saed Al-Rosan,DF,jo,Jordan,Al-Hussein SC,29,1997,1,0,10,0.1,0,0,0,0,0,0,0,0,0.0,0.0,0.0,0,0,0,0,0.0026,No
897,Luka Sučić,FWMF,hr,Croatia,Real Sociedad,23,2002,1,0,19,0.2,0,0,0,0,0,0,0,0,0.0,0.0,0.0,1,0,0,0,0.0026,No
898,Evann Guessand,FWMF,ci,Côte d'Ivoire,Crystal Palace,25,2001,2,0,17,0.2,0,0,0,0,0,0,0,0,0.0,0.0,0.0,1,0,0,0,0.0023,No
899,Alex Sandro,DFMF,br,Brazil,Flamengo,35,1991,1,0,9,0.1,0,0,0,0,0,0,0,0,0.0,0.0,0.0,0,0,0,0,0.0023,No
900,Simon Adingra,FWMF,ci,Côte d'Ivoire,Monaco,24,2002,1,0,16,0.2,0,0,0,0,0,0,0,0,0.0,0.0,0.0,0,0,0,0,0.0022,No
901,Dženis Burnić,MF,ba,Bosnia–Herz,Karlsruher,28,1998,2,0,16,0.2,0,0,0,0,0,0,0,0,0.0,0.0,0.0,1,0,0,0,0.0022,No
902,Kevin Castaño,MF,co,Colombia,River Plate,25,2000,2,0,16,0.2,0,0,0,0,0,0,0,0,0.0,0.0,0.0,0,0,0,0,0.0022,No
903,Kenji Gorré,FWMF,cw,Curaçao,Maccabi Haifa,31,1994,1,0,16,0.2,0,0,0,0,0,0,0,0,0.0,0.0,0.0,0,0,0,0,0.0022,No
904,Amer Jamous,MF,jo,Jordan,Al-Zawra'a SC,24,2002,1,0,15,0.2,0,0,0,0,0,0,0,0,0.0,0.0,0.0,0,0,0,0,0.002,No
905,Jens Petter Hauge,DFFW,no,Norway,Bodø/Glimt,26,1999,1,0,8,0.1,0,0,0,0,0,0,0,0,0.0,0.0,0.0,0,0,0,0,0.002,No
906,Tyrese Noslin,MF,cw,Curaçao,Telstar,23,2002,1,0,14,0.2,0,0,0,0,0,0,0,0,0.0,0.0,0.0,0,0,0,0,0.0019,No
907,Kamogelo Sebelebele,DFMF,za,South Africa,Orlando Pirates,23,2002,1,0,7,0.1,0,0,0,0,0,0,0,0,0.0,0.0,0.0,0,0,0,0,0.0017,No
908,Çağlar Söyüncü,DF,tr,Türkiye,Fenerbahçe,30,1996,1,0,7,0.1,0,0,0,0,0,0,0,0,0.0,0.0,0.0,0,0,0,0,0.0017,No
909,Kendry Páez,MF,ec,Ecuador,River Plate,19,2007,1,0,12,0.1,0,0,0,0,0,0,1,0,0.0,0.0,0.0,0,0,0,0,0.0016,No
910,Ramón Sosa,FWMF,py,Paraguay,Palmeiras,26,1999,1,0,12,0.1,0,0,0,0,0,0,0,0,0.0,0.0,0.0,0,0,0,0,0.0016,No
911,Alexis Vega,FWMF,mx,Mexico,Toluca,28,1997,1,0,12,0.1,0,0,0,0,0,0,0,0,0.0,0.0,0.0,0,0,0,0,0.0016,No
912,Kaku,MF,py,Paraguay,Al Ain,31,1995,1,0,11,0.1,0,0,0,0,0,0,0,0,0.0,0.0,0.0,0,0,0,0,0.0015,No
913,Gédéon Kalulu,DF,cd,Congo DR,Aris Limassol,28,1997,1,0,6,0.1,0,0,0,0,0,0,0,0,0.0,0.0,0.0,0,0,0,0,0.0015,No
914,Félix Torres Caicedo,DF,ec,Ecuador,Internacional,29,1997,1,0,6,0.1,0,0,0,0,0,0,0,0,0.0,0.0,0.0,0,0,0,0,0.0015,No
915,Derrick Etienne,FWMF,ht,Haiti,Toronto FC,29,1996,1,0,10,0.1,0,0,0,0,0,0,0,0,0.0,0.0,0.0,0,0,0,0,0.0013,No
916,Findlay Curtis,MF,sct,Scotland,Kilmarnock,19,2006,2,0,9,0.1,0,0,0,0,0,0,1,0,0.0,0.0,0.0,0,0,0,0,0.0012,No
917,Jamshid Iskanderov,FWMF,uz,Uzbekistan,Neftchi FK,32,1993,1,0,9,0.1,0,0,0,0,0,0,0,0,0.0,0.0,0.0,0,0,0,0,0.0012,No
918,Maghnes Akliouche,MF,fr,France,Monaco,24,2002,1,0,8,0.1,0,0,0,0,0,0,0,0,0.0,0.0,0.0,0,0,0,0,0.001,No
919,Noa Lang,FWMF,nl,Netherlands,Galatasaray,27,1999,2,0,8,0.1,0,0,0,0,0,0,0,0,0.0,0.0,0.0,0,0,0,0,0.001,No
920,César Huerta,FWMF,mx,Mexico,Anderlecht,25,2000,1,0,7,0.1,0,0,0,0,0,0,0,0,0.0,0.0,0.0,0,0,0,0,0.0009,No
921,Lucas Mendes,DF,qa,Qatar,Al-Wakrah,36,1990,1,0,4,0.0,0,0,0,0,0,0,0,0,0.0,0.0,0.0,0,0,0,0,0.0009,No
922,Godfried Roemeratoe,MF,cw,Curaçao,RKC Waalwijk,26,1999,1,0,7,0.1,0,0,0,0,0,0,0,0,0.0,0.0,0.0,0,0,0,0,0.0009,No
923,Marwane Saâdane,DFMF,ma,Morocco,Al-Fateh,34,1992,1,0,4,0.0,0,0,0,0,0,0,0,0,0.0,0.0,0.0,0,0,0,0,0.0009,No
924,Carl Starfelt,DF,se,Sweden,Celta Vigo,31,1995,1,0,4,0.0,0,0,0,0,0,0,0,0,0.0,0.0,0.0,0,0,0,0,0.0009,No
925,Yassin Fortuné,FWMF,ht,Haiti,Vizela,27,1999,1,0,6,0.1,0,0,0,0,0,0,0,0,0.0,0.0,0.0,0,0,0,0,0.0007,No
926,Amir Hadžiahmetović,MF,ba,Bosnia–Herz,Hull City,29,1997,1,0,6,0.1,0,0,0,0,0,0,0,0,0.0,0.0,0.0,0,0,0,0,0.0007,No
927,Amine Sbai,FWMF,ma,Morocco,Angers,25,2000,1,0,6,0.1,0,0,0,0,0,0,0,0,0.0,0.0,0.0,0,0,0,0,0.0007,No
928,Kaan Ayhan,DFMF,tr,Türkiye,Galatasaray,31,1994,1,0,3,0.0,1,0,1,1,0,0,0,0,30.0,0.0,30.0,1,1,0,0,0.0006,No
929,Jayden Nelson,FWMF,ca,Canada,Austin FC,23,2002,1,0,4,0.0,0,0,0,0,0,0,0,0,0.0,0.0,0.0,1,0,0,0,0.0004,No
930,Ibrahim Adel,MF,eg,Egypt,Nordsjælland,25,2001,1,0,3,0.0,0,0,0,0,0,0,0,0,0.0,0.0,0.0,0,0,0,0,0.0003,No
931,Mohammad Al-Dawud,FWMF,jo,Jordan,Al-Wehdat SC,34,1992,1,0,3,0.0,0,0,0,0,0,0,0,0,0.0,0.0,0.0,0,0,0,0,0.0003,No
932,Yerry Mina,DF,co,Colombia,Cagliari,31,1994,1,0,2,0.0,0,0,0,0,0,0,0,0,0.0,0.0,0.0,0,0,0,0,0.0003,No
933,Alberto Quintero,FWMF,pa,Panama,Plaza Amador,38,1987,1,0,3,0.0,0,0,0,0,0,0,0,0,0.0,0.0,0.0,0,0,0,0,0.0003,No
934,Haji Wright,FWMF,us,United States,Coventry City,28,1998,2,0,2,0.0,0,0,0,0,0,0,0,0,0.0,0.0,0.0,0,0,0,0,0.0001,No
935,Hamza Abdelkarim,FW,eg,Egypt,Barcelona B,18,2008,4,0,60,0.7,0,0,0,0,0,0,0,0,0.0,0.0,0.0,0,0,0,0,0.0,No
936,Yusuf Abdurisag,FW,qa,Qatar,Al-Wakrah,26,1999,2,2,98,1.1,0,0,0,0,0,0,0,0,0.0,0.0,0.0,0,0,2,1,0.0,No
937,Yazeed Abulaila,GK,jo,Jordan,Al-Hussein SC,33,1993,3,3,270,3.0,0,0,0,0,0,0,0,0,0.0,0.0,0.0,0,0,0,0,0.0,No
938,Mahmoud Abunada,GK,qa,Qatar,Al Rayyan SC,26,2000,3,3,270,3.0,0,0,0,0,0,0,1,0,0.0,0.0,0.0,0,0,0,0,0.0,No
939,Rodrigo Aguirre,FW,uy,Uruguay,América,31,1994,1,0,1,0.0,0,0,0,0,0,0,0,0,0.0,0.0,0.0,0,0,0,0,0.0,No
940,Mohanad Ali,FW,iq,Iraq,Dibba Al Fujairah,26,2000,1,0,13,0.1,0,0,0,0,0,0,0,0,0.0,0.0,0.0,0,0,0,0,0.0,No
941,Alisson,GK,br,Brazil,Liverpool,33,1992,5,5,450,5.0,0,0,0,0,0,0,0,0,0.0,0.0,0.0,0,0,0,0,0.0,No
942,Álex Arce,FW,py,Paraguay,Ind. Rivadavia,31,1995,2,0,53,0.6,0,0,0,0,0,0,1,0,0.0,0.0,0.0,0,0,1,0,0.0,No
943,Max Arfsten,MF,us,United States,Columbus Crew,25,2001,1,0,1,0.0,0,0,0,0,0,0,0,0,0.0,0.0,0.0,0,0,0,0,0.0,No
944,Benjamin Asare,GK,gh,Ghana,Accra Hearts of Oak,34,1992,3,2,225,2.5,0,0,0,0,0,0,0,0,0.0,0.0,0.0,0,0,0,0,0.0,No
945,Lawrence Ati-Zigi,GK,gh,Ghana,St. Gallen,29,1996,2,2,135,1.5,0,0,0,0,0,0,0,0,0.0,0.0,0.0,0,0,0,0,0.0,No
946,Jordan Ayew,FW,gh,Ghana,Leicester City,34,1991,4,4,300,3.3,0,0,0,0,0,0,0,0,0.0,0.0,0.0,0,0,3,1,0.0,No
947,Fabián Balbuena,DF,py,Paraguay,Grêmio,34,1991,1,0,1,0.0,0,0,0,0,0,0,0,0,0.0,0.0,0.0,0,0,0,0,0.0,No
948,Ahmed Basil,GK,iq,Iraq,Al-Shorta,29,1996,2,2,135,1.5,0,0,0,0,0,0,0,0,0.0,0.0,0.0,0,0,0,0,0.0,No
949,Samed Baždar,FW,ba,Bosnia–Herz,Gladbach,22,2004,1,0,29,0.3,0,0,0,0,0,0,0,0,0.0,0.0,0.0,0,0,0,0,0.0,No
950,Patrick Beach,GK,au,Australia,Melb City,22,2003,4,4,388,4.3,0,0,0,0,0,0,0,0,0.0,0.0,0.0,0,0,0,0,0.0,No
951,Alireza Beiranvand,GK,ir,IR Iran,Tractor,33,1992,3,3,270,3.0,0,0,0,0,0,0,0,0,0.0,0.0,0.0,0,0,0,0,0.0,No
952,Oussama Benbot,GK,dz,Algeria,USM Alger,31,1994,1,1,90,1.0,0,0,0,0,0,0,0,0,0.0,0.0,0.0,0,0,0,0,0.0,No
953,Gilson Benchimol,FW,cv,Cabo Verde,Akron Tolyatti,24,2001,2,1,78,0.9,0,0,0,0,0,0,0,0,0.0,0.0,0.0,0,0,0,0,0.0,No
954,Adil Boulbina,FW,dz,Algeria,Al Duhail SC,23,2003,2,0,19,0.2,0,0,0,0,0,0,0,0,0.0,0.0,0.0,0,0,0,0,0.0,No
955,Yassine Bounou,GK,ma,Morocco,Al-Hilal,35,1991,6,6,570,6.3,0,0,0,0,0,0,0,0,0.0,0.0,0.0,0,0,0,0,0.0,No
956,Firas Al-Buraikan,FW,sa,Saudi Arabia,Al-Ahli,26,2000,3,3,238,2.6,0,0,0,0,0,0,1,0,0.0,0.0,0.0,0,0,0,1,0.0,No
957,Uğurcan Çakır,GK,tr,Türkiye,Galatasaray,30,1996,3,3,270,3.0,0,0,0,0,0,0,0,0,0.0,0.0,0.0,0,0,0,0,0.0,No
958,Mouhib Chamakh,GK,tn,Tunisia,Club Africain,24,2001,1,1,90,1.0,0,0,0,0,0,0,0,0,0.0,0.0,0.0,0,0,0,0,0.0,No
959,Firas Chaouat,FW,tn,Tunisia,Club Africain,30,1996,3,0,49,0.5,0,0,0,0,0,0,0,0,0.0,0.0,0.0,0,0,0,0,0.0,No
960,Tomáš Chorý,FW,cz,Czechia,Slavia Prague,31,1995,2,0,31,0.3,0,0,0,0,0,0,0,0,0.0,0.0,0.0,0,0,0,0,0.0,No
961,Mojmír Chytil,FW,cz,Czechia,Slavia Prague,27,1999,1,0,7,0.1,0,0,0,0,0,0,0,0,0.0,0.0,0.0,0,0,0,0,0.0,No
962,Diogo Costa,GK,pt,Portugal,Porto,26,1999,5,5,450,5.0,0,0,0,0,0,0,0,0,0.0,0.0,0.0,0,0,0,0,0.0,No
963,Thibaut Courtois,GK,be,Belgium,Real Madrid,34,1992,6,6,550,6.1,0,0,0,0,0,0,0,0,0.0,0.0,0.0,0,0,0,0,0.0,No
964,Maxime Crépeau,GK,ca,Canada,Orlando City,32,1994,5,5,450,5.0,0,0,0,0,0,0,0,0,0.0,0.0,0.0,0,0,1,0,0.0,No
965,Max Crocombe,GK,nz,New Zealand,Millwall,32,1993,3,3,270,3.0,0,0,0,0,0,0,0,0,0.0,0.0,0.0,0,0,0,0,0.0,No
966,Aymen Dahmen,GK,tn,Tunisia,Ahly Sfaxien,29,1997,2,2,180,2.0,0,0,0,0,0,0,0,0,0.0,0.0,0.0,0,0,0,0,0.0,No
967,Oumar Diakité,FW,ci,Côte d'Ivoire,Cercle Brugge,22,2003,2,0,28,0.3,0,0,0,0,0,0,0,0,0.0,0.0,0.0,0,0,1,0,0.0,No
968,Mory Diaw,GK,sn,Senegal,Le Havre,33,1993,3,2,238,2.6,0,0,0,0,0,0,0,0,0.0,0.0,0.0,0,0,0,0,0.0,No
969,Bamba Dieng,FW,sn,Senegal,Lorient,26,2000,1,0,8,0.1,0,0,0,0,0,0,0,0,0.0,0.0,0.0,0,0,0,0,0.0,No
970,Yahia Fofana,GK,ci,Côte d'Ivoire,Rizespor,25,2000,4,4,360,4.0,0,0,0,0,0,0,0,0,0.0,0.0,0.0,0,0,0,0,0.0,No
971,Matt Freese,GK,us,United States,NYCFC,27,1998,4,4,360,4.0,0,0,0,0,0,0,0,0,0.0,0.0,0.0,0,0,0,0,0.0,No
972,Hernán Galíndez,GK,ec,Ecuador,Huracán,39,1987,4,4,360,4.0,0,0,0,0,0,0,0,0,0.0,0.0,0.0,0,0,0,0,0.0,No
973,Khalid Al Ghannam,MF,sa,Saudi Arabia,Al-Ettifaq,25,2000,1,0,1,0.0,0,0,0,0,0,0,0,0,0.0,0.0,0.0,0,0,0,0,0.0,No
974,Farés Ghedjemis,FWMF,dz,Algeria,Frosinone,23,2002,1,0,1,0.0,0,0,0,0,0,0,0,0,0.0,0.0,0.0,0,0,0,0,0.0,No
975,Orlando Gill,GK,py,Paraguay,San Lorenzo,26,2000,5,5,480,5.3,0,0,0,0,0,0,0,0,0.0,0.0,0.0,0,0,0,0,0.0,No
976,Aníbal Godoy,MF,pa,Panama,San Diego FC,36,1990,1,0,1,0.0,0,0,0,0,0,0,0,0,0.0,0.0,0.0,0,0,0,0,0.0,No
977,Armando González,FW,mx,Mexico,Guadalajara,23,2003,1,0,15,0.2,0,0,0,0,0,0,0,0,0.0,0.0,0.0,0,0,0,0,0.0,No
978,Keisuke Gotō,FW,jp,Japan,Sint-Truiden,21,2005,1,0,7,0.1,0,0,0,0,0,0,0,0,0.0,0.0,0.0,0,0,1,0,0.0,No
979,Angus Gunn,GK,sct,Scotland,Nottingham,30,1996,3,3,270,3.0,0,0,0,0,0,0,0,0,0.0,0.0,0.0,0,0,1,0,0.0,No
980,Jalal Hassan,GK,iq,Iraq,Al-Zawra'a SC,35,1991,2,1,135,1.5,0,0,0,0,0,0,0,0,0.0,0.0,0.0,0,0,0,0,0.0,No
981,Borja Iglesias,FW,es,Spain,Celta Vigo,33,1993,1,0,1,0.0,0,0,0,0,0,0,0,0,0.0,0.0,0.0,0,0,0,0,0.0,No
982,Ruslanbek Jiyanov,FW,uz,Uzbekistan,Navbahor,25,2001,1,0,1,0.0,0,0,0,0,0,0,0,0,0.0,0.0,0.0,0,0,1,0,0.0,No
983,Gregor Kobel,GK,ch,Switzerland,Dortmund,28,1997,6,6,600,6.7,0,0,0,0,0,0,0,0,0.0,0.0,0.0,0,0,0,0,0.0,No
984,Matej Kovar,GK,cz,Czechia,PSV,26,2000,3,3,270,3.0,0,0,0,0,0,0,0,0,0.0,0.0,0.0,0,0,0,0,0.0,No
985,Brandley Kuwas,FWMF,cw,Curaçao,Volendam,33,1992,1,0,1,0.0,0,0,0,0,0,0,0,0,0.0,0.0,0.0,0,0,0,0,0.0,No
986,Senne Lammens,GK,be,Belgium,Manchester Utd,24,2002,1,0,20,0.2,0,0,0,0,0,0,0,0,0.0,0.0,0.0,0,0,0,0,0.0,No
987,Dominik Livaković,GK,hr,Croatia,Dinamo Zagreb,31,1995,4,4,360,4.0,0,0,0,0,0,0,0,0,0.0,0.0,0.0,0,0,0,0,0.0,No
988,Shuto Machino,FW,jp,Japan,Gladbach,26,1999,1,0,13,0.1,0,0,0,0,0,0,0,0,0.0,0.0,0.0,0,0,0,0,0.0,No
989,Mike Maignan,GK,fr,France,Milan,31,1995,7,7,630,7.0,0,0,0,0,0,0,0,0,0.0,0.0,0.0,0,0,0,0,0.0,No
990,Guillermo Martínez Ayala,FW,mx,Mexico,UNAM,31,1995,2,1,72,0.8,0,0,0,0,0,0,0,0,0.0,0.0,0.0,0,0,0,0,0.0,No
991,Emiliano Martínez,GK,ar,Argentina,Aston Villa,33,1992,7,7,690,7.7,0,0,0,0,0,0,0,0,0.0,0.0,0.0,0,0,0,0,0.0,No
992,Emiliano Martínez,GK,ar,Argentina,Aston Villa,33,1992,7,7,690,7.7,0,0,0,0,0,0,0,0,0.0,0.0,0.0,0,0,0,0,0.0,No
993,Édouard Mendy,GK,sn,Senegal,Al-Ahli,34,1992,2,2,152,1.7,0,0,0,0,0,0,0,0,0.0,0.0,0.0,0,0,0,0,0.0,No
994,Orlando Mosquera,GK,pa,Panama,Al-Fayha,31,1994,3,3,270,3.0,0,0,0,0,0,0,0,0,0.0,0.0,0.0,0,0,0,0,0.0,No
995,Lionel Mpasi,GK,cd,Congo DR,Le Havre,31,1994,4,4,360,4.0,0,0,0,0,0,0,0,0,0.0,0.0,0.0,0,0,0,0,0.0,No
996,Fernando Muslera,GK,uy,Uruguay,Galatasaray,40,1986,3,3,225,2.5,0,0,0,0,0,0,0,0,0.0,0.0,0.0,0,0,0,0,0.0,No
997,Abduvohid Nematov,GK,uz,Uzbekistan,FC Nasaf,25,2001,2,2,180,2.0,0,0,0,0,0,0,0,0,0.0,0.0,0.0,0,0,0,0,0.0,No
998,Manuel Neuer,GK,de,Germany,Bayern Munich,40,1986,4,4,390,4.3,0,0,0,0,0,0,0,0,0.0,0.0,0.0,0,0,0,0,0.0,No
999,Kristoffer Nordfeldt,GK,se,Sweden,AIK Stockholm,37,1989,2,2,180,2.0,0,0,0,0,0,0,0,0,0.0,0.0,0.0,0,0,0,0,0.0,No
1000,Matheus Nunes,DFMF,pt,Portugal,Manchester City,27,1998,1,0,1,0.0,0,0,0,0,0,0,0,0,0.0,0.0,0.0,0,0,0,0,0.0,No
1001,Ørjan Nyland,GK,no,Norway,Sevilla,35,1990,5,5,480,5.3,0,0,0,0,0,0,0,0,0.0,0.0,0.0,0,0,0,1,0.0,No
1002,Guillermo Ochoa,GK,mx,Mexico,AEL Limassol,41,1985,1,0,13,0.1,0,0,0,0,0,0,0,0,0.0,0.0,0.0,0,0,0,0,0.0,No
1003,Mohammed Al-Owais,GK,sa,Saudi Arabia,Al-Ula,34,1991,3,3,270,3.0,0,0,0,0,0,0,0,0,0.0,0.0,0.0,0,0,0,0,0.0,No
1004,Jordan Pickford,GK,eng,England,Everton,32,1994,7,7,660,7.3,0,0,0,0,0,0,0,0,0.0,0.0,0.0,0,0,0,0,0.0,No
1005,Isidro Pitta,FW,py,Paraguay,RB Bragantino,26,1999,1,1,45,0.5,0,0,0,0,0,0,0,0,0.0,0.0,0.0,0,0,0,0,0.0,No
1006,Johny Placide,GK,ht,Haiti,Bastia,38,1988,3,3,270,3.0,0,0,0,0,0,0,1,0,0.0,0.0,0.0,0,0,0,0,0.0,No
1007,Marc Pubill,DF,es,Spain,Atlético Madrid,23,2003,1,0,1,0.0,0,0,0,0,0,0,0,0,0.0,0.0,0.0,0,0,0,0,0.0,No
1008,Abdul Rahman Baba,DFMF,gh,Ghana,PAOK,32,1994,1,0,1,0.0,0,0,0,0,0,0,0,0,0.0,0.0,0.0,0,0,0,0,0.0,No
1009,Raúl Rangel,GK,mx,Mexico,Guadalajara,26,2000,5,5,437,4.9,0,0,0,0,0,0,0,0,0.0,0.0,0.0,0,0,0,0,0.0,No
1010,Sergio Rochet,GK,uy,Uruguay,Internacional,33,1993,1,0,45,0.5,0,0,0,0,0,0,0,0,0.0,0.0,0.0,0,0,0,0,0.0,No
1011,Eloy Room,GK,cw,Curaçao,Miami FC,37,1989,3,3,270,3.0,0,0,0,0,0,0,0,0,0.0,0.0,0.0,0,0,0,0,0.0,No
1012,Mathew Ryan,GK,au,Australia,Levante,34,1992,1,0,2,0.0,0,0,0,0,0,0,0,0,0.0,0.0,0.0,0,0,0,0,0.0,No
1013,Antonio Sanabria,FW,py,Paraguay,Cremonese,30,1996,2,1,83,0.9,0,0,0,0,0,0,0,0,0.0,0.0,0.0,0,0,2,0,0.0,No
1014,Alexander Schlager,GK,at,Austria,RB Salzburg,30,1996,4,4,360,4.0,0,0,0,0,0,0,0,0,0.0,0.0,0.0,0,0,0,0,0.0,No
1015,Egil Selvik,GK,no,Norway,Watford,28,1997,1,1,90,1.0,0,0,0,0,0,0,0,0,0.0,0.0,0.0,0,0,0,0,0.0,No
1016,Igor Sergeev,FW,uz,Uzbekistan,Persepolis,33,1993,3,0,28,0.3,0,0,0,0,0,0,0,0,0.0,0.0,0.0,0,0,0,0,0.0,No
1017,Kim Seung-gyu,GK,kr,Korea Republic,FC Tokyo,35,1990,3,3,270,3.0,0,0,0,0,0,0,0,0,0.0,0.0,0.0,0,0,0,0,0.0,No
1018,Sharara,FW,jo,Jordan,Raja Casablanca,28,1997,2,0,2,0.0,0,0,0,0,0,0,1,0,0.0,0.0,0.0,0,0,0,0,0.0,No
1019,Kento Shiogai,FW,jp,Japan,Wolfsburg,21,2005,1,0,7,0.1,0,0,0,0,0,0,0,0,0.0,0.0,0.0,0,0,0,0,0.0,No
1020,Mostafa Shobeir,GK,eg,Egypt,Al Ahly,26,2000,5,5,480,5.3,0,0,0,0,0,0,1,0,0.0,0.0,0.0,0,0,0,0,0.0,No
1021,Ross Stewart,FW,sct,Scotland,Southampton,30,1996,1,0,2,0.0,0,0,0,0,0,0,0,0,0.0,0.0,0.0,0,0,0,0,0.0,No
1022,Zion Suzuki,GK,jp,Japan,Parma,23,2002,4,4,360,4.0,0,0,0,0,0,0,0,0,0.0,0.0,0.0,0,0,0,0,0.0,No
1023,Haris Tabaković,FW,ba,Bosnia–Herz,Schalke 04,32,1994,1,0,16,0.2,0,0,0,0,0,0,0,0,0.0,0.0,0.0,0,0,0,0,0.0,No
1024,Marcus Thuram,FWMF,fr,France,Inter,28,1997,1,0,1,0.0,0,0,0,0,0,0,0,0,0.0,0.0,0.0,0,0,0,0,0.0,No
1025,Sebastian Tounekti,FW,tn,Tunisia,Celtic,24,2002,3,1,84,0.9,0,0,0,0,0,0,0,0,0.0,0.0,0.0,0,0,0,0,0.0,No
1026,Matt Turner,GK,us,United States,NE Revolution,32,1994,1,1,90,1.0,0,0,0,0,0,0,0,0,0.0,0.0,0.0,0,0,0,0,0.0,No
1027,Camilo Vargas,GK,co,Colombia,Atlas,37,1989,5,5,480,5.3,0,0,0,0,0,0,0,0,0.0,0.0,0.0,0,0,0,0,0.0,No
1028,Nikola Vasilj,GK,ba,Bosnia–Herz,St Pauli,30,1995,4,4,360,4.0,0,0,0,0,0,0,0,0,0.0,0.0,0.0,0,0,0,0,0.0,No
1029,Bart Verbruggen,GK,nl,Netherlands,Brighton,23,2002,4,4,390,4.3,0,0,0,0,0,0,0,0,0.0,0.0,0.0,0,0,0,0,0.0,No
1030,Vozinha,GK,cv,Cabo Verde,Chaves,40,1986,4,4,390,4.3,0,0,0,0,0,0,0,0,0.0,0.0,0.0,0,0,0,0,0.0,No
1031,Wout Weghorst,FW,nl,Netherlands,Ajax,33,1992,1,0,50,0.6,0,0,0,0,0,0,0,0,0.0,0.0,0.0,0,0,1,0,0.0,No
1032,Jacob Widell Zetterström,GK,se,Sweden,Derby County,28,1998,2,2,180,2.0,0,0,0,0,0,0,0,0,0.0,0.0,0.0,0,0,0,0,0.0,No
1033,Ronwen Williams,GK,za,South Africa,Sundowns,34,1992,4,4,360,4.0,0,0,0,0,0,0,0,0,0.0,0.0,0.0,0,0,0,1,0.0,No
1034,Ali Yousif,FW,iq,Iraq,Al-Talaba,30,1996,1,0,33,0.4,0,0,0,0,0,0,0,0,0.0,0.0,0.0,0,0,1,0,0.0,No
1035,Utkir Yusupov,GK,uz,Uzbekistan,Navbahor,35,1991,1,1,90,1.0,0,0,0,0,0,0,0,0,0.0,0.0,0.0,0,0,0,0,0.0,No
1036,Luca Zidane,GK,dz,Algeria,Granada,28,1998,3,3,270,3.0,0,0,0,0,0,0,0,0,0.0,0.0,0.0,0,0,0,0,0.0,No
