Rk,Player,Pos,Squad,Age,Born,Playing Time_MP,Playing Time_Min,Playing Time_Mn/MP,Playing Time_Min%,Playing Time_90s,Starts_Starts,Starts_Mn/Start,Starts_Compl,Subs_Subs,Subs_Mn/Sub,Subs_unSub,Team Success_PPM,Team Success_onG,Team Success_onGA,Team Success_+/-,Team Success_+/-90,Team Success_On-Off,Matches,-additional_-9999
1,Brenden Aaronson,MF,us United States,25-268,2000,1,76.0,76.0,16.9,0.8,1,76.0,0,0,,4,0.0,2.0,2.0,0.0,0.0,-0.72,Matches,5bc43860
2,Thelo Aasgaard,MF,no Norway,24-076,2002,1,90.0,90.0,15.8,1.0,1,90.0,1,0,,5,0.0,1.0,4.0,-3.0,-3.0,-3.94,Matches,c88a28b9
3,Achref Abada,DF,dz Algeria,27-032,1999,0,,,,,0,,0,0,,4,,,,,,,Matches,30885199
4,Hamza Abdelkarim,FW,eg Egypt,18-197,2008,4,60.0,15.0,12.5,0.7,0,,0,4,15.0,1,1.5,1.0,0.0,1.0,1.5,1.5,Matches,057d8f12
5,Hossam Abdelmaguid,DF,eg Egypt,25-078,2001,2,59.0,30.0,12.3,0.7,0,,0,2,30.0,2,2.0,0.0,0.0,0.0,0.0,-0.21,Matches,accbfc94
6,Mohamed Abdelmonem,DF,eg Egypt,27-166,1999,2,14.0,7.0,2.9,0.2,1,13.0,0,1,1.0,1,2.0,1.0,1.0,0.0,0.0,-0.19,Matches,bff15d74
7,Ali Abdi,DF,tn Tunisia,32-209,1993,3,269.0,90.0,99.6,3.0,3,90.0,2,0,,0,0.0,2.0,12.0,-10.0,-3.35,-3.35,Matches,ad7cdb35
8,Saud Abdulhamid,DF,sa Saudi Arabia,26-364,1999,3,269.0,90.0,99.6,3.0,3,90.0,2,0,,0,0.67,1.0,5.0,-4.0,-1.34,-1.34,Matches,caa254e4
9,Abdulla Abdullaev,DF,uz Uzbekistan,28-319,1997,2,180.0,90.0,66.7,2.0,2,90.0,2,0,,1,0.0,1.0,8.0,-7.0,-3.5,-1.5,Matches,03053fbf
10,Yusuf Abdurisag,FW,qa Qatar,26-345,1999,2,98.0,49.0,36.3,1.1,2,49.0,0,0,,1,0.5,0.0,3.0,-3.0,-2.76,-0.14,Matches,13c8f40b
11,Husam Abu Dahab,DF,jo Jordan,26-065,2000,2,178.0,89.0,65.9,2.0,2,89.0,0,0,,1,0.0,2.0,5.0,-3.0,-1.52,0.44,Matches,300aaeb6
12,Mohammad Abu Hasheesh,DF,jo Jordan,31-069,1995,1,6.0,6.0,2.2,0.1,0,,0,1,6.0,2,0.0,0.0,0.0,0.0,0.0,1.7,Matches,72c2fa7a
13,Mohannad Abu Taha,DF,jo Jordan,23-165,2003,3,264.0,88.0,97.8,2.9,3,88.0,2,0,,0,0.0,3.0,8.0,-5.0,-1.7,-1.7,Matches,5c4bac6c
14,Mo Abualnadi,DF,jo Jordan,25-159,2001,1,71.0,71.0,26.3,0.8,1,71.0,0,0,,2,0.0,1.0,1.0,0.0,0.0,2.26,Matches,4bff62e4
15,Yazeed Abulaila,GK,jo Jordan,33-190,1993,3,270.0,90.0,100.0,3.0,3,90.0,3,0,,0,0.0,3.0,8.0,-5.0,-1.67,,Matches,5d11fc17
16,Mahmoud Abunada,GK,qa Qatar,26-162,2000,3,270.0,90.0,100.0,3.0,3,90.0,3,0,,0,0.33,2.0,10.0,-8.0,-2.67,,Matches,27e7e545
17,Carlos Acevedo,GK,mx Mexico,30-089,1996,0,,,,,0,,0,0,,5,,,,,,,Matches,0810e384
18,Elias Achouri,FWMF,tn Tunisia,27-157,1999,3,43.0,14.0,15.9,0.5,0,,0,3,14.0,0,0.0,0.0,2.0,-2.0,-4.19,-1.01,Matches,4dd2a0be
19,Ché Adams,FW,sct Scotland,30-004,1996,3,145.0,48.0,53.7,1.6,2,72.0,0,1,1.0,0,1.0,1.0,1.0,0.0,0.0,2.16,Matches,f2bf1b0f
20,Jayden Adams,MF,za South Africa,25-073,2001,3,116.0,39.0,32.2,1.3,2,53.0,0,1,11.0,1,1.33,0.0,2.0,-2.0,-1.55,-1.55,Matches,259affab
21,Tyler Adams,MF,us United States,27-153,1999,4,341.0,85.0,75.8,3.8,4,85.0,3,0,,1,2.25,9.0,4.0,5.0,1.32,2.97,Matches,2b09d998
22,Ricardo Adé,DF,ht Haiti,36-057,1990,3,270.0,90.0,100.0,3.0,3,90.0,3,0,,0,0.0,2.0,8.0,-6.0,-2.0,,Matches,a9ee5e81
23,Ibrahim Adel,MF,eg Egypt,25-085,2001,1,3.0,3.0,0.6,0.0,0,,0,1,3.0,4,1.0,0.0,0.0,0.0,0.0,-0.19,Matches,4869216e
24,Simon Adingra,FWMF,ci Côte d'Ivoire,24-197,2002,1,16.0,16.0,4.4,0.2,0,,0,1,16.0,3,0.0,0.0,1.0,-1.0,-5.63,-6.15,Matches,4dcec659
25,Jonas Adjetey,DF,gh Ghana,22-216,2003,3,225.0,75.0,62.5,2.5,3,75.0,2,0,,1,1.33,1.0,1.0,0.0,0.0,0.67,Matches,bdbf78cd
26,Michel Aebischer,MFFW,ch Switzerland,29-192,1997,4,156.0,39.0,26.0,1.7,2,68.0,0,2,11.0,1,2.5,1.0,1.0,0.0,0.0,-0.81,Matches,f9c927de
27,David Affengruber,DF,at Austria,25-120,2001,0,,,,,0,,0,0,,4,,,,,,,Matches,4b00cd47
28,Akram Afif,FWMF,qa Qatar,29-241,1996,3,238.0,79.0,88.1,2.6,3,79.0,2,0,,0,0.33,2.0,7.0,-5.0,-1.89,6.55,Matches,fd53d9e7
29,Emmanuel Agbadou,DF,ci Côte d'Ivoire,29-030,1997,3,270.0,90.0,75.0,3.0,3,90.0,3,0,,1,1.0,3.0,4.0,-1.0,-0.33,-2.33,Matches,75f1ed80
30,Rodrigo Aguirre,FW,uy Uruguay,31-289,1994,1,1.0,1.0,0.4,0.0,0,,0,1,1.0,2,1.0,0.0,0.0,0.0,0.0,0.33,Matches,b5691f5d
31,Ali Ahmed,MF,ca Canada,25-280,2000,4,234.0,59.0,52.0,2.6,3,68.0,0,1,30.0,1,1.0,5.0,3.0,2.0,0.77,0.35,Matches,540a5be1
32,Homam Ahmed,DF,qa Qatar,26-326,1999,2,122.0,61.0,45.2,1.4,2,61.0,1,0,,0,0.5,1.0,3.0,-2.0,-1.48,2.17,Matches,a62fa158
33,Rayan Aït-Nouri,DF,dz Algeria,25-041,2001,4,284.0,71.0,78.9,3.2,3,88.0,2,1,20.0,0,1.0,3.0,7.0,-4.0,-1.27,-1.27,Matches,9b398aea
34,Kristoffer Ajer,DF,no Norway,28-091,1998,5,480.0,96.0,84.2,5.3,5,96.0,5,0,,1,2.4,12.0,7.0,5.0,0.94,3.94,Matches,a8c0acb7
35,Manuel Akanji,DF,ch Switzerland,30-363,1995,6,600.0,100.0,100.0,6.7,6,100.0,6,0,,0,1.83,10.0,6.0,4.0,0.6,,Matches,89ac64a6
36,Samet Akaydın,DF,tr Türkiye,32-126,1994,0,,,,,0,,0,0,,3,,,,,,,Matches,7328bee5
37,Nathan Aké,DF,nl Netherlands,31-149,1995,3,170.0,57.0,43.6,1.9,2,80.0,1,1,10.0,1,1.67,3.0,2.0,1.0,0.53,-1.52,Matches,eaeca114
38,Yunus Akgün,MF,tr Türkiye,26-010,2000,2,88.0,44.0,32.6,1.0,1,59.0,0,1,29.0,1,0.0,0.0,2.0,-2.0,-2.05,-2.05,Matches,1453e3cf
39,Maghnes Akliouche,MF,fr France,24-142,2002,1,8.0,8.0,1.3,0.1,0,,0,1,8.0,6,3.0,0.0,0.0,0.0,0.0,-1.74,Matches,b625b241
40,Kerem Aktürkoğlu,FW,tr Türkiye,27-269,1998,2,129.0,65.0,47.8,1.4,2,65.0,0,0,,1,0.0,0.0,3.0,-3.0,-2.09,-2.73,Matches,f28659fb
41,Mohamed Alaa,GK,eg Egypt,27-197,1999,0,,,,,0,,0,0,,5,,,,,,,Matches,83ba02b3
42,Tarek Alaa,DF,eg Egypt,24-193,2002,0,,,,,0,,0,0,,5,,,,,,,Matches,bf73f76b
43,Ahmed Alaaeldin,FW,qa Qatar,33-167,1993,2,43.0,22.0,15.9,0.5,0,,0,2,22.0,1,0.5,1.0,1.0,0.0,0.0,3.17,Matches,74fbbb3c
44,David Alaba,DF,at Austria,34-023,1992,4,275.0,69.0,76.4,3.1,4,69.0,1,0,,0,1.0,3.0,7.0,-4.0,-1.31,-2.37,Matches,05439de2
45,Kerim Alajbegović,MF,ba Bosnia–Herz,18-299,2007,4,277.0,69.0,76.9,3.1,3,87.0,1,1,17.0,0,1.0,3.0,7.0,-4.0,-1.3,-2.38,Matches,f3d9291e
46,Jordy Alcivar,MF,ec Ecuador,26-346,1999,1,45.0,45.0,12.5,0.5,1,45.0,0,0,,3,1.0,0.0,0.0,0.0,0.0,0.57,Matches,6e98c19f
47,Omar Alderete,DF,py Paraguay,29-203,1996,4,320.0,80.0,66.7,3.6,4,80.0,2,0,,1,1.0,2.0,4.0,-2.0,-0.56,0.0,Matches,bb08bce9
48,Almoez Ali,FW,qa Qatar,29-332,1996,1,19.0,19.0,7.0,0.2,0,,0,1,19.0,2,0.0,0.0,1.0,-1.0,-4.74,-2.23,Matches,bae045a9
49,Hussein Ali,DF,iq Iraq,24-138,2002,2,162.0,81.0,60.0,1.8,2,81.0,1,0,,1,0.0,1.0,5.0,-4.0,-2.22,3.61,Matches,b8a919ad
50,Mohanad Ali,FW,iq Iraq,26-027,2000,1,13.0,13.0,4.8,0.1,0,,0,1,13.0,2,0.0,0.0,1.0,-1.0,-6.92,-3.42,Matches,f929049b
51,Taha Ali,FWMF,se Sweden,28-016,1998,2,37.0,19.0,10.3,0.4,0,,0,2,19.0,2,0.0,0.0,2.0,-2.0,-4.86,-4.59,Matches,da4b8a4e
52,Khojiakbar Alijonov,MF,uz Uzbekistan,29-089,1997,2,135.0,68.0,50.0,1.5,1,90.0,1,1,45.0,1,0.0,1.0,5.0,-4.0,-2.67,0.67,Matches,e53cbd7a
53,Ali Alipour,FW,ir IR Iran,30-248,1995,1,38.0,38.0,14.1,0.4,0,,0,1,38.0,2,1.0,1.0,1.0,0.0,0.0,0.0,Matches,488ee64c
54,Alisson,GK,br Brazil,33-288,1992,5,450.0,90.0,100.0,5.0,5,90.0,5,0,,0,2.0,10.0,4.0,6.0,1.2,,Matches,7a2e46a8
55,Thiago Almada,MF,ar Argentina,25-082,2001,5,241.0,48.0,34.9,2.7,3,60.0,0,2,31.0,2,3.0,6.0,1.0,5.0,1.87,0.46,Matches,27f33438
56,Miguel Almirón,MFFW,py Paraguay,32-157,1994,4,282.0,71.0,58.8,3.1,4,71.0,0,0,,0,1.0,3.0,5.0,-2.0,-0.64,-0.18,Matches,862a1c15
57,Júnior Alonso,DF,py Paraguay,33-158,1993,5,390.0,78.0,81.3,4.3,4,97.0,3,1,1.0,0,1.0,3.0,6.0,-3.0,-0.69,-0.69,Matches,b18a3023
58,Barış Alper Yılmaz,MFFW,tr Türkiye,26-055,2000,3,179.0,60.0,66.3,2.0,2,67.0,0,1,45.0,0,1.0,2.0,3.0,-1.0,-0.5,0.49,Matches,414b2ce4
59,Roberto Alvarado,FWMF,mx Mexico,27-313,1998,5,428.0,86.0,95.1,4.8,5,86.0,3,0,,0,2.4,10.0,3.0,7.0,1.47,1.47,Matches,ff871e14
60,Edson Álvarez,MFDF,mx Mexico,28-266,1997,4,240.0,60.0,53.3,2.7,2,90.0,2,2,30.0,1,2.25,5.0,1.0,4.0,1.5,0.21,Matches,8b3ab7ad
61,Julián Álvarez,FW,ar Argentina,26-167,2000,7,501.0,72.0,72.6,5.6,4,95.0,2,3,40.0,0,3.0,15.0,6.0,9.0,1.62,0.19,Matches,15ab5a2b
62,Ayoube Amaimouni,MF,ma Morocco,21-229,2004,2,18.0,9.0,3.2,0.2,0,,0,2,9.0,4,2.0,0.0,0.0,0.0,0.0,-0.65,Matches,c5a07a5e
63,Zeki Amdouni,FWMF,ch Switzerland,25-225,2000,4,73.0,18.0,12.2,0.8,0,,0,4,18.0,2,1.25,0.0,3.0,-3.0,-3.7,-4.89,Matches,2ee5b0c9
64,Aurèle Amenda,DF,ch Switzerland,22-351,2003,0,,,,,0,,0,0,,6,,,,,,,Matches,1227a22d
65,Mohamed Amine Tougai,DF,dz Algeria,26-176,2000,0,,,,,0,,0,0,,4,,,,,,,Matches,ca9f89a4
66,Michael Amir Murillo,DFMF,pa Panama,30-156,1996,3,270.0,90.0,100.0,3.0,3,90.0,3,0,,0,0.0,0.0,4.0,-4.0,-1.33,,Matches,349cae8f
67,Nadiem Amiri,MF,de Germany,29-263,1996,2,42.0,21.0,10.8,0.5,0,,0,2,21.0,2,2.0,2.0,0.0,2.0,4.29,3.25,Matches,555d5edd
68,Amir Al Ammari,MF,iq Iraq,28-355,1997,3,247.0,82.0,91.5,2.7,3,82.0,2,0,,0,0.0,1.0,12.0,-11.0,-4.01,-4.01,Matches,9f65be73
69,Azizbek Amonov,FW,uz Uzbekistan,28-260,1997,1,14.0,14.0,5.2,0.2,0,,0,1,14.0,2,0.0,0.0,1.0,-1.0,-6.43,-3.62,Matches,f487314f
70,Mohamed Amoura,FWMF,dz Algeria,26-069,2000,1,27.0,27.0,7.5,0.3,0,,0,1,27.0,0,0.0,0.0,1.0,-1.0,-3.33,-2.52,Matches,6597f8b6
71,Sofyan Amrabat,MF,ma Morocco,29-330,1996,3,147.0,49.0,25.8,1.6,1,90.0,1,2,29.0,3,2.0,6.0,3.0,3.0,1.84,1.62,Matches,5a2cb25d
72,Abdulelah Al-Amri,DF,sa Saudi Arabia,29-183,1997,3,239.0,80.0,88.5,2.7,3,80.0,2,0,,0,0.67,1.0,5.0,-4.0,-1.51,-1.51,Matches,fd0affe3
73,Youssef Amyn,MF,iq Iraq,22-330,2003,1,31.0,31.0,11.5,0.3,0,,0,1,31.0,2,0.0,0.0,1.0,-1.0,-2.9,0.86,Matches,10c12f22
74,Joseph Anang,GK,gh Ghana,26-039,2000,0,,,,,0,,0,0,,4,,,,,,,Matches,21a866b7
75,Elliot Anderson,MF,eng England,23-253,2002,7,620.0,89.0,93.9,6.9,7,89.0,4,0,,0,2.29,14.0,8.0,6.0,0.87,0.87,Matches,de31038e
76,Andrés Andrade Cedeño,DF,pa Panama,27-274,1998,3,270.0,90.0,100.0,3.0,3,90.0,3,0,,0,0.0,0.0,4.0,-4.0,-1.33,,Matches,6ea23758
77,Fredrik André Bjørkan,DF,no Norway,27-330,1998,1,45.0,45.0,7.9,0.5,1,45.0,0,0,,5,0.0,1.0,3.0,-2.0,-4.0,-4.69,Matches,3724baa1
78,Nilson Angulo,MF,ec Ecuador,23-028,2003,4,218.0,55.0,60.6,2.4,2,81.0,0,2,28.0,0,1.0,2.0,4.0,-2.0,-0.83,-0.83,Matches,a9b9d89c
79,Waldemar Anton,DFMF,de Germany,29-362,1996,2,50.0,25.0,12.8,0.6,0,,0,2,25.0,2,2.0,1.0,0.0,1.0,1.8,0.48,Matches,5e66fa06
80,Jeremy Antonisse,FWMF,cw Curaçao,24-110,2002,2,75.0,38.0,27.8,0.8,0,,0,2,38.0,1,0.0,0.0,5.0,-5.0,-6.0,-4.62,Matches,6011e63a
81,Houssem Aouar,MF,dz Algeria,28-017,1998,3,173.0,58.0,48.1,1.9,2,73.0,0,1,27.0,1,0.33,2.0,5.0,-3.0,-1.56,-1.08,Matches,a5db0bec
82,Oswin Appollis,MFFW,za South Africa,24-326,2001,4,255.0,64.0,70.8,2.8,3,80.0,2,1,14.0,0,1.0,1.0,2.0,-1.0,-0.35,0.5,Matches,e8933eb0
83,Nawaf Al Aqidi,GK,sa Saudi Arabia,26-068,2000,0,,,,,0,,0,0,,3,,,,,,,Matches,70f3a9d1
84,Yazan Al-Arab,DF,jo Jordan,30-167,1996,3,270.0,90.0,100.0,3.0,3,90.0,3,0,,0,0.0,3.0,8.0,-5.0,-1.67,,Matches,32878a09
85,Maxi Araújo,FWMF,uy Uruguay,26-152,2000,3,250.0,83.0,92.6,2.8,3,83.0,1,0,,0,0.67,3.0,4.0,-1.0,-0.36,-0.36,Matches,f9ab3f4a
86,Ronald Araújo,DF,uy Uruguay,27-132,1999,0,,,,,0,,0,0,,1,,,,,,,Matches,2bef2bca
87,Tomás Araújo,DF,pt Portugal,24-062,2002,1,90.0,90.0,20.0,1.0,1,90.0,1,0,,4,1.0,1.0,1.0,0.0,0.0,-1.25,Matches,0fa11d7d
88,Telmo Arcanjo,MF,cv Cabo Verde,25-026,2001,2,57.0,29.0,14.6,0.6,1,45.0,0,1,12.0,1,1.0,1.0,2.0,-1.0,-1.58,-1.58,Matches,c692cef2
89,Álex Arce,FW,py Paraguay,31-031,1995,2,53.0,27.0,11.0,0.6,0,,0,2,27.0,3,0.5,1.0,1.0,0.0,0.0,0.63,Matches,10411db2
90,Carlens Arcus,MFDF,ht Haiti,30-019,1996,3,146.0,49.0,54.1,1.6,2,68.0,1,1,11.0,0,0.0,0.0,5.0,-5.0,-3.08,-2.36,Matches,5e837126
91,Jeremy Arévalo,FW,ec Ecuador,21-120,2005,0,,,,,0,,0,0,,4,,,,,,,Matches,70676088
92,Max Arfsten,MF,us United States,25-089,2001,1,1.0,1.0,0.2,0.0,0,,0,1,1.0,4,0.0,0.0,1.0,-1.0,-90.0,-90.8,Matches,668f881e
93,Jhon Arias,MF,co Colombia,28-299,1997,5,377.0,75.0,78.5,4.2,5,75.0,0,0,,0,2.2,4.0,1.0,3.0,0.72,-0.16,Matches,86d96066
94,Santiago Arias,DF,co Colombia,34-185,1992,1,86.0,86.0,17.9,1.0,1,86.0,0,0,,4,1.0,0.0,0.0,0.0,0.0,-0.91,Matches,fdd60087
95,Marko Arnautović,FW,at Austria,37-089,1989,4,144.0,36.0,40.0,1.6,1,45.0,0,3,33.0,0,1.0,3.0,5.0,-2.0,-1.25,-0.83,Matches,00459419
96,Adem Arous,DF,tn Tunisia,22-000,2004,0,,,,,0,,0,0,,2,,,,,,,Matches,9fce7801
97,Giorgian de Arrascaeta,FWMF,uy Uruguay,32-046,1994,0,,,,,0,,0,0,,1,,,,,,,Matches,be8d02dd
98,Benjamin Asare,GK,gh Ghana,34-004,1992,3,225.0,75.0,62.5,2.5,2,90.0,2,1,45.0,1,1.33,2.0,2.0,0.0,0.0,0.67,Matches,4bb65492
99,Emam Ashour,MF,eg Egypt,28-147,1998,5,362.0,72.0,75.4,4.0,5,72.0,1,0,,0,1.2,7.0,4.0,3.0,0.75,2.27,Matches,31b7d437
100,Rustam Ashurmatov,DF,uz Uzbekistan,30-010,1996,3,256.0,85.0,94.8,2.8,3,85.0,2,0,,0,0.0,2.0,10.0,-8.0,-2.81,3.62,Matches,a0ecd397
101,Lawrence Ati-Zigi,GK,gh Ghana,29-230,1996,2,135.0,68.0,37.5,1.5,2,68.0,1,0,,2,1.5,0.0,1.0,-1.0,-0.67,-0.67,Matches,a12402c3
102,Marwan Attia,MF,eg Egypt,27-339,1998,5,434.0,87.0,90.4,4.8,4,97.0,3,1,45.0,0,1.2,7.0,6.0,1.0,0.21,0.21,Matches,1ea3d7ec
103,Fredrik Aursnes,MFDF,no Norway,30-219,1995,6,304.0,51.0,53.3,3.4,3,69.0,1,3,32.0,0,2.0,7.0,7.0,0.0,0.0,-0.68,Matches,f0677ed7
104,Gabriel Ávalos,FW,py Paraguay,35-278,1990,4,141.0,35.0,29.4,1.6,2,60.0,0,2,11.0,1,1.25,1.0,1.0,0.0,0.0,0.8,Matches,b6781b67
105,Khalil Ayari,FW,tn Tunisia,21-165,2005,0,,,,,0,,0,0,,3,,,,,,,Matches,9370f210
106,Yasin Ayari,MF,se Sweden,22-284,2003,4,339.0,85.0,94.2,3.8,4,85.0,2,0,,0,1.0,7.0,9.0,-2.0,-0.53,3.75,Matches,f173303a
107,Oğuz Aydın,DF,tr Türkiye,25-263,2000,1,89.0,89.0,33.0,1.0,1,89.0,0,0,,2,3.0,2.0,2.0,0.0,0.0,0.99,Matches,a7b98226
108,Rajaei Ayed,MF,jo Jordan,32-357,1993,0,,,,,0,,0,0,,3,,,,,,,Matches,b71e02c7
109,Jordan Ayew,FW,gh Ghana,34-309,1991,4,300.0,75.0,83.3,3.3,4,75.0,0,0,,0,1.0,0.0,2.0,-2.0,-0.6,-2.1,Matches,da052c14
110,Kaan Ayhan,DFMF,tr Türkiye,31-249,1994,1,3.0,3.0,1.1,0.0,0,,0,1,3.0,2,3.0,1.0,0.0,1.0,30.0,31.01,Matches,2200181e
111,Neil El Aynaoui,MF,ma Morocco,25-015,2001,6,562.0,94.0,98.6,6.2,6,94.0,5,0,,0,1.83,9.0,6.0,3.0,0.48,-10.77,Matches,17e1261b
112,Ali Azaizeh,MF,jo Jordan,22-095,2004,3,54.0,18.0,20.0,0.6,1,45.0,0,2,5.0,0,0.0,0.0,3.0,-3.0,-5.0,-4.17,Matches,3a46ac67
113,Juninho Bacuna,MF,cw Curaçao,28-344,1997,3,254.0,85.0,94.1,2.8,3,85.0,2,0,,0,0.33,1.0,9.0,-8.0,-2.83,-2.83,Matches,aaf1bf05
114,Leandro Bacuna,MF,cw Curaçao,34-330,1991,3,270.0,90.0,100.0,3.0,3,90.0,3,0,,0,0.33,1.0,9.0,-8.0,-2.67,,Matches,9dc69d38
115,Anas Badawi,DF,jo Jordan,28-307,1997,0,,,,,0,,0,0,,3,,,,,,,Matches,3f4b7442
116,Álex Baena,MFFW,es Spain,24-362,2001,6,407.0,68.0,64.6,4.5,6,68.0,0,0,,1,3.0,10.0,1.0,9.0,1.99,0.78,Matches,518f2234
117,Esmir Bajraktarevic,MF,ba Bosnia–Herz,21-129,2005,4,230.0,58.0,63.9,2.6,2,82.0,1,2,34.0,0,1.0,5.0,6.0,-1.0,-0.39,0.99,Matches,dff24174
118,Cédric Bakambu,FW,cd Congo DR,35-097,1991,3,190.0,63.0,52.8,2.1,3,63.0,0,0,,1,1.33,1.0,2.0,-1.0,-0.47,-1.0,Matches,0af4dcf0
119,Fabián Balbuena,DF,py Paraguay,34-328,1991,1,1.0,1.0,0.2,0.0,0,,0,1,1.0,4,1.0,0.0,0.0,0.0,0.0,0.56,Matches,3626f7d9
120,Folarin Balogun,FW,us United States,25-014,2001,4,312.0,78.0,69.3,3.5,4,78.0,0,0,,1,2.25,7.0,3.0,4.0,1.15,1.81,Matches,31822f8c
121,Nour Bani Attiah,GK,jo Jordan,33-173,1993,0,,,,,0,,0,0,,3,,,,,,,Matches,b06f02f9
122,Simon Banza,FWMF,cd Congo DR,29-338,1996,2,40.0,20.0,11.1,0.4,0,,0,2,20.0,2,0.5,0.0,1.0,-1.0,-2.25,-2.53,Matches,be47b750
123,Kosta Barbarouses,FWMF,nz New Zealand,36-148,1990,0,,,,,0,,0,0,,3,,,,,,,Matches,b2bef13f
124,Yoel Bárcenas,MF,pa Panama,32-267,1993,3,249.0,83.0,92.2,2.8,3,83.0,1,0,,0,0.0,0.0,4.0,-4.0,-1.45,-1.45,Matches,b39849eb
125,Valentín Barco,DFMF,ar Argentina,21-359,2004,1,20.0,20.0,2.9,0.2,0,,0,1,20.0,6,3.0,1.0,0.0,1.0,4.5,3.02,Matches,b9f282ec
126,Bradley Barcola,MF,fr France,23-318,2002,7,339.0,48.0,53.8,3.8,4,72.0,1,3,17.0,0,2.57,9.0,2.0,7.0,1.86,0.31,Matches,a0d55a09
127,Abdülkerim Bardakcı,DF,tr Türkiye,31-313,1994,3,265.0,88.0,98.1,2.9,3,88.0,2,0,,0,1.0,3.0,5.0,-2.0,-0.68,-0.68,Matches,5d9cff53
128,Meshaal Barsham,GK,qa Qatar,28-153,1998,0,,,,,0,,0,0,,3,,,,,,,Matches,8d3e92e0
129,Ivan Bašić,MF,ba Bosnia–Herz,24-078,2002,3,179.0,60.0,49.7,2.0,2,76.0,1,1,28.0,1,1.33,5.0,5.0,0.0,0.0,1.49,Matches,9b0a0d51
130,Ahmed Basil,GK,iq Iraq,29-332,1996,2,135.0,68.0,50.0,1.5,2,68.0,1,0,,1,0.0,0.0,4.0,-4.0,-2.67,2.0,Matches,3bf9e631
131,Dylan Batubinsika,DF,cd Congo DR,30-152,1996,0,,,,,0,,0,0,,4,,,,,,,Matches,37d39918
132,Martin Baturina,MFFW,hr Croatia,23-151,2003,4,321.0,80.0,89.2,3.6,4,80.0,1,0,,0,1.5,6.0,5.0,1.0,0.28,4.9,Matches,d1eda5f0
133,Oliver Baumann,GK,de Germany,36-045,1990,0,,,,,0,,0,0,,4,,,,,,,Matches,47064058
134,Ibrahim Bayesh,MFFW,iq Iraq,26-077,2000,3,235.0,78.0,87.0,2.6,3,78.0,1,0,,0,0.0,1.0,11.0,-10.0,-3.83,-1.26,Matches,2f2003ba
135,Altay Bayındır,GK,tr Türkiye,28-094,1998,0,,,,,0,,0,0,,3,,,,,,,Matches,072e68ed
136,Lachlan Bayliss,MF,nz New Zealand,23-358,2002,0,,,,,0,,0,0,,3,,,,,,,Matches,68e991fc
137,Samed Baždar,FW,ba Bosnia–Herz,22-167,2004,1,29.0,29.0,8.1,0.3,0,,0,1,29.0,3,1.0,0.0,1.0,-1.0,-3.1,-2.56,Matches,e59c9d0d
138,Riechedly Bazoer,DF,cw Curaçao,29-278,1996,1,90.0,90.0,33.3,1.0,1,90.0,1,0,,2,0.0,1.0,7.0,-6.0,-6.0,-5.0,Matches,da59a197
139,Patrick Beach,GK,au Australia,22-345,2003,4,388.0,97.0,99.5,4.3,4,97.0,3,0,,0,1.25,3.0,3.0,0.0,0.0,0.0,Matches,3cc64624
140,Aziz Behich,MF,au Australia,35-213,1990,3,217.0,72.0,55.6,2.4,2,105.0,2,1,7.0,1,1.67,1.0,1.0,0.0,0.0,0.0,Matches,b6867b96
141,Maximilian Beier,FWMF,de Germany,23-273,2002,1,27.0,27.0,6.9,0.3,0,,0,1,27.0,3,0.0,0.0,1.0,-1.0,-3.33,-5.07,Matches,5db45ee5
142,Alireza Beiranvand,GK,ir IR Iran,33-299,1992,3,270.0,90.0,100.0,3.0,3,90.0,3,0,,0,1.0,3.0,3.0,0.0,0.0,,Matches,6ca0b04a
143,Zineddine Belaïd,DF,dz Algeria,27-119,1999,2,25.0,13.0,6.9,0.3,0,,0,2,13.0,2,2.0,1.0,1.0,0.0,0.0,1.07,Matches,b2562589
144,Youssef Belammari,DF,ma Morocco,27-300,1998,0,,,,,0,,0,0,,6,,,,,,,Matches,67fe537d
145,Rafik Belghali,DF,dz Algeria,24-040,2002,4,331.0,83.0,91.9,3.7,4,83.0,2,0,,0,1.0,4.0,8.0,-4.0,-1.09,-1.09,Matches,0abcb968
146,Joe Bell,MF,nz New Zealand,27-081,1999,3,243.0,81.0,90.0,2.7,3,81.0,2,0,,0,0.33,3.0,7.0,-4.0,-1.48,5.19,Matches,7825847e
147,Jean-Ricner Bellegarde,MF,ht Haiti,28-020,1998,3,260.0,87.0,96.3,2.9,3,87.0,2,0,,0,0.0,2.0,8.0,-6.0,-2.08,-2.08,Matches,10f0fdd3
148,Jude Bellingham,MF,eng England,23-018,2003,7,602.0,86.0,91.2,6.7,7,86.0,3,0,,0,2.29,13.0,8.0,5.0,0.75,-0.8,Matches,57d88cf9
149,Sabri Ben Hassen,GK,tn Tunisia,30-034,1996,0,,,,,0,,0,0,,3,,,,,,,Matches,ab8ef45d
150,Mortadha Ben Ouanes,DFMF,tn Tunisia,32-015,1994,1,23.0,23.0,8.5,0.3,0,,0,1,23.0,2,0.0,0.0,0.0,0.0,0.0,3.64,Matches,1798891a
151,Anis Ben Slimane,MFFW,tn Tunisia,25-123,2001,3,240.0,80.0,88.9,2.7,3,80.0,1,0,,0,0.0,2.0,11.0,-9.0,-3.38,-0.38,Matches,9ade9ce1
152,Oussama Benbot,GK,dz Algeria,31-279,1994,1,90.0,90.0,25.0,1.0,1,90.0,1,0,,3,1.0,3.0,3.0,0.0,0.0,1.33,Matches,dcae580c
153,Nadhir Benbouali,FW,dz Algeria,26-091,2000,1,45.0,45.0,12.5,0.5,0,,0,1,45.0,2,3.0,2.0,0.0,2.0,4.0,5.71,Matches,cd25f2b3
154,Gilson Benchimol,FW,cv Cabo Verde,24-200,2001,2,78.0,39.0,20.0,0.9,1,57.0,0,1,21.0,2,0.5,2.0,3.0,-1.0,-1.15,-1.15,Matches,eae26fce
155,Ramy Bensebaini,DF,dz Algeria,31-092,1995,4,360.0,90.0,100.0,4.0,4,90.0,4,0,,0,1.0,5.0,9.0,-4.0,-1.0,,Matches,378825c7
156,Nabil Bentaleb,MF,dz Algeria,31-235,1994,4,285.0,71.0,79.2,3.2,3,80.0,1,1,45.0,0,1.0,5.0,8.0,-3.0,-0.95,0.25,Matches,3189f61a
157,Rodrigo Bentancur,MF,uy Uruguay,29-022,1997,3,270.0,90.0,100.0,3.0,3,90.0,3,0,,0,0.67,3.0,4.0,-1.0,-0.33,,Matches,3b8674e6
158,Patrick Berg,MF,no Norway,28-235,1997,6,445.0,74.0,78.1,4.9,4,98.0,4,2,28.0,0,2.0,9.0,10.0,-1.0,-0.2,-2.36,Matches,e4114f5d
159,Sander Berge,MF,no Norway,28-153,1998,5,480.0,96.0,84.2,5.3,5,96.0,5,0,,1,2.4,12.0,7.0,5.0,0.94,3.94,Matches,d0b6129f
160,Lucas Bergvall,MF,se Sweden,20-165,2006,4,181.0,45.0,50.3,2.0,1,65.0,0,3,39.0,0,1.0,4.0,4.0,0.0,0.0,1.51,Matches,a109e5c8
161,Sebastian Berhalter,MF,us United States,25-068,2001,5,187.0,37.0,41.6,2.1,1,90.0,1,4,24.0,0,1.8,3.0,5.0,-2.0,-0.96,-2.67,Matches,f33ee427
162,Alexander Bernhardsson,MF,se Sweden,27-312,1998,3,217.0,72.0,60.3,2.4,3,72.0,0,0,,1,1.33,5.0,6.0,-1.0,-0.41,0.84,Matches,dea1d183
163,Tyler Bindon,DF,nz New Zealand,21-171,2005,3,97.0,32.0,35.9,1.1,1,90.0,1,2,4.0,0,0.33,1.0,5.0,-4.0,-3.71,-2.67,Matches,3575e5eb
164,César Blackman,MFDF,pa Panama,28-106,1998,2,178.0,89.0,65.9,2.0,2,89.0,0,0,,1,0.0,0.0,1.0,-1.0,-0.51,2.43,Matches,c2b11050
165,Augustine Boakye,FWMF,gh Ghana,25-256,2000,0,,,,,0,,0,0,,4,,,,,,,Matches,59e9edb5
166,Damián Bobadilla,MF,py Paraguay,25-006,2001,4,189.0,47.0,39.4,2.1,2,72.0,0,2,23.0,1,1.25,1.0,4.0,-3.0,-1.43,-1.43,Matches,ad7d6437
167,Oscar Bobb,FW,no Norway,23-005,2003,6,225.0,38.0,39.5,2.5,1,82.0,0,5,29.0,0,2.0,6.0,7.0,-1.0,-0.4,-1.18,Matches,eed2427e
168,Tyrick Bodak,GK,cw Curaçao,24-063,2002,0,,,,,0,,0,0,,3,,,,,,,Matches,502cae35
169,Moïse Bombito,DF,ca Canada,26-109,2000,3,193.0,64.0,42.9,2.1,2,74.0,1,1,45.0,2,2.0,3.0,3.0,0.0,0.0,-1.05,Matches,c2f23fc8
170,Theo Bongonda,FWMF,cd Congo DR,30-239,1995,2,34.0,17.0,9.4,0.4,0,,0,2,17.0,2,1.5,2.0,1.0,1.0,2.65,2.92,Matches,0da6a13e
171,Ange-Yoan Bonny,FW,ci Côte d'Ivoire,22-265,2003,4,234.0,59.0,65.0,2.6,3,66.0,0,1,35.0,0,1.5,4.0,2.0,2.0,0.77,1.48,Matches,64629ba4
172,Christopher Bonsu-Baah,MF,gh Ghana,21-215,2004,0,,,,,0,,0,0,,4,,,,,,,Matches,b636755a
173,Jordy Bos,MFDF,au Australia,23-261,2002,4,308.0,77.0,79.0,3.4,4,77.0,2,0,,0,1.25,2.0,3.0,-1.0,-0.29,-1.39,Matches,8070a9fd
174,Ayyoub Bouaddi,MF,ma Morocco,18-288,2007,5,381.0,76.0,66.8,4.2,5,76.0,2,0,,1,1.6,3.0,3.0,0.0,0.0,-1.9,Matches,8006228f
175,Hicham Boudaoui,MF,dz Algeria,26-297,1999,3,128.0,43.0,35.6,1.4,2,54.0,0,1,20.0,1,1.0,0.0,3.0,-3.0,-2.11,-1.72,Matches,f9d5908e
176,Karim Boudiaf,MF,qa Qatar,35-304,1990,2,102.0,51.0,37.8,1.1,1,71.0,0,1,31.0,1,0.5,2.0,2.0,0.0,0.0,4.29,Matches,a38f33fd
177,Adil Boulbina,FW,dz Algeria,23-076,2003,2,19.0,10.0,5.3,0.2,0,,0,2,10.0,2,0.0,0.0,0.0,0.0,0.0,1.06,Matches,12f7f264
178,Yassine Bounou,GK,ma Morocco,35-103,1991,6,570.0,95.0,100.0,6.3,6,95.0,6,0,,0,1.83,10.0,6.0,4.0,0.63,,Matches,f6798fc3
179,Nawaf Boushal,DF,sa Saudi Arabia,26-304,1999,2,91.0,46.0,33.7,1.0,1,81.0,0,1,10.0,1,1.0,0.0,0.0,0.0,0.0,2.01,Matches,7dc1c2c6
180,Michael Boxall,DF,nz New Zealand,37-333,1988,3,207.0,69.0,76.7,2.3,2,90.0,2,1,27.0,0,0.33,4.0,8.0,-4.0,-1.74,1.12,Matches,6bfa0d3a
181,Chris Brady,GK,us United States,22-136,2004,0,,,,,0,,0,0,,5,,,,,,,Matches,a71768a2
182,Sultan Al-Brake,DF,qa Qatar,30-101,1996,2,141.0,71.0,52.2,1.6,1,90.0,1,1,51.0,1,0.0,1.0,7.0,-6.0,-3.83,-2.43,Matches,fcaa2400
183,Gleison Bremer,DF,br Brazil,29-121,1997,0,,,,,0,,0,0,,5,,,,,,,Matches,5fd5ed86
184,Joshua Brenet,DF,cw Curaçao,32-119,1994,2,179.0,90.0,66.3,2.0,2,90.0,1,0,,1,0.5,0.0,2.0,-2.0,-1.01,4.93,Matches,2b5527c4
185,Brian Brobbey,FW,nl Netherlands,24-166,2002,4,223.0,56.0,57.2,2.5,3,72.0,0,1,6.0,0,2.0,7.0,3.0,4.0,1.61,0.54,Matches,4c184730
186,Dylan Bronn,DF,tn Tunisia,31-028,1995,1,45.0,45.0,16.7,0.5,1,45.0,0,0,,2,0.0,0.0,2.0,-2.0,-4.0,-0.8,Matches,edd81e2a
187,Nathaniel Brown,DF,de Germany,23-031,2003,3,282.0,94.0,72.3,3.1,3,94.0,2,0,,0,2.33,8.0,3.0,5.0,1.6,0.76,Matches,abc79c47
188,Tajon Buchanan,MF,ca Canada,27-159,1999,5,376.0,75.0,83.6,4.2,5,75.0,0,0,,0,1.4,5.0,5.0,0.0,0.0,-3.65,Matches,3aca6420
189,Ante Budimir,FW,hr Croatia,34-360,1991,3,155.0,52.0,43.1,1.7,2,55.0,0,1,45.0,1,2.0,2.0,0.0,2.0,1.16,2.48,Matches,8f3565b3
190,Santiago Bueno,DF,uy Uruguay,27-250,1998,0,,,,,0,,0,0,,3,,,,,,,Matches,edc98fac
191,Song Bum-keun,GK,kr Korea Republic,28-275,1997,0,,,,,0,,0,0,,3,,,,,,,Matches,2455c2d6
192,Firas Al-Buraikan,FW,sa Saudi Arabia,26-064,2000,3,238.0,79.0,88.1,2.6,3,79.0,1,0,,0,0.67,1.0,5.0,-4.0,-1.51,-1.51,Matches,ac717a23
193,Cameron Burgess,DF,au Australia,30-269,1995,2,135.0,68.0,34.6,1.5,2,68.0,1,0,,2,1.5,2.0,2.0,0.0,0.0,0.0,Matches,da61ca98
194,Dan Burn,DF,eng England,34-069,1992,3,35.0,12.0,5.3,0.4,0,,0,3,12.0,4,2.0,0.0,2.0,-2.0,-5.14,-6.29,Matches,b2d31e83
195,Dženis Burnić,MF,ba Bosnia–Herz,28-056,1998,2,16.0,8.0,4.4,0.2,0,,0,2,8.0,2,2.0,0.0,0.0,0.0,0.0,0.78,Matches,0dabaf14
196,Gustavo Caballero,FWMF,py Paraguay,24-299,2001,2,96.0,48.0,20.0,1.1,0,,0,2,48.0,3,0.5,0.0,1.0,-1.0,-0.94,-0.47,Matches,90a38ca7
197,Jovane Cabral,FW,cv Cabo Verde,28-033,1998,2,139.0,70.0,35.6,1.5,2,70.0,0,0,,2,0.5,1.0,1.0,0.0,0.0,0.36,Matches,e34e086c
198,Liberato Cacace,DF,nz New Zealand,25-293,2000,3,220.0,73.0,81.5,2.4,3,73.0,0,0,,0,0.33,3.0,7.0,-4.0,-1.64,1.96,Matches,dd86e8e4
199,Juan Cáceres,DF,py Paraguay,26-046,2000,5,436.0,87.0,90.8,4.8,5,87.0,2,0,,0,1.0,3.0,5.0,-2.0,-0.41,1.63,Matches,db887bdf
200,Sebastián Cáceres,DF,uy Uruguay,26-333,1999,3,270.0,90.0,100.0,3.0,3,90.0,3,0,,0,0.67,3.0,4.0,-1.0,-0.33,,Matches,7091c68e
201,Jordy Caicedo,FW,ec Ecuador,28-241,1997,3,20.0,7.0,5.6,0.2,0,,0,3,7.0,1,1.33,0.0,0.0,0.0,0.0,0.53,Matches,7fcb27d8
202,Moisés Caicedo,MF,ec Ecuador,24-257,2001,4,360.0,90.0,100.0,4.0,4,90.0,4,0,,0,1.0,2.0,4.0,-2.0,-0.5,,Matches,16264a81
203,Uğurcan Çakır,GK,tr Türkiye,30-103,1996,3,270.0,90.0,100.0,3.0,3,90.0,3,0,,0,1.0,3.0,5.0,-2.0,-0.67,,Matches,f63a8347
204,Duje Ćaleta-Car,DF,hr Croatia,29-303,1996,0,,,,,0,,0,0,,4,,,,,,,Matches,94f8d10c
205,Hakan Çalhanoğlu,MF,tr Türkiye,32-159,1994,2,180.0,90.0,66.7,2.0,2,90.0,2,0,,1,0.0,0.0,3.0,-3.0,-1.5,-2.5,Matches,cd0fa27b
206,Lamine Camara,MF,sn Senegal,22-197,2004,4,248.0,62.0,63.6,2.8,3,64.0,0,1,55.0,0,0.75,3.0,7.0,-4.0,-1.45,-4.62,Matches,19c2ffa4
207,Juan Camilo Portilla,MF,co Colombia,27-308,1998,0,,,,,0,,0,0,,5,,,,,,,Matches,ad49f7fb
208,Jaminton Campaz,FWMF,co Colombia,26-054,2000,3,75.0,25.0,15.6,0.8,0,,0,3,25.0,2,2.33,1.0,0.0,1.0,1.2,0.53,Matches,8d5ceef2
209,İrfan Can Kahveci,MF,tr Türkiye,31-002,1995,1,1.0,1.0,0.4,0.0,0,,0,1,1.0,2,3.0,1.0,0.0,1.0,90.0,91.0,Matches,d2800f47
210,José Canale,DF,py Paraguay,29-362,1996,4,161.0,40.0,33.5,1.8,1,120.0,1,3,14.0,1,1.25,1.0,2.0,-1.0,-0.56,0.01,Matches,97d24b73
211,João Cancelo,DF,pt Portugal,32-051,1994,5,312.0,62.0,69.3,3.5,5,62.0,1,0,,0,1.6,4.0,2.0,2.0,0.58,-1.38,Matches,bd6351cd
212,Agustín Canobbio,FW,uy Uruguay,27-289,1998,3,224.0,75.0,83.0,2.5,2,90.0,1,1,45.0,0,0.67,3.0,3.0,0.0,0.0,1.96,Matches,4f5a2f38
213,Jorge Carrascal,FWMF,co Colombia,28-053,1998,0,,,,,0,,0,0,,5,,,,,,,Matches,3f9f0d62
214,Adalberto Carrasquilla,MF,pa Panama,27-231,1998,0,,,,,0,,0,0,,3,,,,,,,Matches,f087912d
215,Casemiro,MF,br Brazil,34-144,1992,5,379.0,76.0,84.2,4.2,5,76.0,2,0,,0,2.0,9.0,4.0,5.0,1.19,-0.08,Matches,4d224fe8
216,Josué Casimir,MF,ht Haiti,24-296,2001,3,182.0,61.0,67.4,2.0,2,76.0,1,1,30.0,0,0.0,2.0,7.0,-5.0,-2.47,-1.45,Matches,481f76cf
217,Timothy Castagne,DF,be Belgium,30-224,1995,6,478.0,80.0,83.9,5.3,5,89.0,4,1,33.0,0,1.83,13.0,7.0,6.0,1.13,0.15,Matches,197640fd
218,Kevin Castaño,MF,co Colombia,25-291,2000,2,16.0,8.0,3.3,0.2,0,,0,2,8.0,3,2.0,1.0,0.0,1.0,5.63,5.04,Matches,c393c3d9
219,Denil Castillo,MF,ec Ecuador,22-115,2004,0,,,,,0,,0,0,,4,,,,,,,Matches,97975540
220,Jens Castrop,MF,kr Korea Republic,22-353,2003,1,45.0,45.0,16.7,0.5,0,,0,1,45.0,2,0.0,0.0,1.0,-1.0,-2.0,-2.0,Matches,03fee7de
221,Zeki Çelik,DF,tr Türkiye,29-150,1997,2,163.0,82.0,60.4,1.8,2,82.0,0,0,,1,1.5,2.0,4.0,-2.0,-1.1,-1.1,Matches,31a62dc7
222,Lukáš Červ,MF,cz Czechia,25-098,2001,2,163.0,82.0,60.4,1.8,2,82.0,0,0,,1,0.5,1.0,2.0,-1.0,-0.55,1.97,Matches,bb4a41bc
223,Fares Chaïbi,MF,dz Algeria,23-231,2002,4,360.0,90.0,100.0,4.0,4,90.0,4,0,,0,1.0,5.0,9.0,-4.0,-1.0,,Matches,357103bd
224,Sipho Chaine,GK,za South Africa,29-215,1996,0,,,,,0,,0,0,,4,,,,,,,Matches,c9f36f66
225,Trevoh Chalobah,DFMF,eng England,27-012,1999,0,,,,,0,,0,0,,6,,,,,,,Matches,5515376c
226,Štěpán Chaloupek,DF,cz Czechia,23-131,2003,1,90.0,90.0,33.3,1.0,1,90.0,1,0,,2,0.0,1.0,2.0,-1.0,-1.0,0.5,Matches,ded82b9a
227,Mouhib Chamakh,GK,tn Tunisia,24-326,2001,1,90.0,90.0,33.3,1.0,1,90.0,1,0,,2,0.0,1.0,5.0,-4.0,-4.0,-1.0,Matches,9627f87b
228,Firas Chaouat,FW,tn Tunisia,30-070,1996,3,49.0,16.0,18.1,0.5,0,,0,3,16.0,0,0.0,0.0,3.0,-3.0,-5.51,-2.66,Matches,7fa8ef98
229,Luis Chávez,MF,mx Mexico,30-183,1996,1,25.0,25.0,5.6,0.3,0,,0,1,25.0,4,3.0,1.0,0.0,1.0,3.6,2.33,Matches,e50949ea
230,Mateo Chávez,DF,mx Mexico,22-066,2004,1,77.0,77.0,17.1,0.9,1,77.0,0,0,,4,3.0,2.0,0.0,2.0,2.34,1.13,Matches,f82246a1
231,Samir Chergui,DF,dz Algeria,27-161,1999,1,20.0,20.0,5.6,0.2,0,,0,1,20.0,3,1.0,1.0,1.0,0.0,0.0,1.06,Matches,4b6ab1da
232,Rayan Cherki,FWMF,fr France,22-334,2003,6,85.0,14.0,13.5,0.9,0,,0,6,14.0,1,2.5,2.0,1.0,1.0,1.06,-0.76,Matches,b34c63a5
233,Rouzbeh Cheshmi,DFMF,ir IR Iran,32-358,1993,0,,,,,0,,0,0,,3,,,,,,,Matches,87c75fb3
234,Raed Chikhaoui,DF,tn Tunisia,22-038,2004,0,,,,,0,,0,0,,3,,,,,,,Matches,e2161158
235,Mathieu Choinière,MF,ca Canada,27-160,1999,1,57.0,57.0,12.7,0.6,1,57.0,0,0,,4,0.0,0.0,2.0,-2.0,-3.16,-4.3,Matches,017459bb
236,Tahith Chong,MF,cw Curaçao,26-225,1999,3,247.0,82.0,91.5,2.7,3,82.0,1,0,,0,0.33,1.0,8.0,-7.0,-2.55,1.36,Matches,2696b6a9
237,Tomáš Chorý,FW,cz Czechia,31-172,1995,2,31.0,16.0,11.5,0.3,0,,0,2,16.0,1,0.0,0.0,3.0,-3.0,-8.71,-8.33,Matches,163bbd4a
238,Ryan Christie,MF,sct Scotland,31-145,1995,3,95.0,32.0,35.2,1.1,1,70.0,0,2,13.0,0,1.0,0.0,1.0,-1.0,-0.95,0.08,Matches,26ce2263
239,Carney Chukwuemeka,MF,at Austria,22-270,2003,3,83.0,28.0,23.1,0.9,0,,0,3,28.0,1,1.0,2.0,3.0,-1.0,-1.08,-0.43,Matches,b2f9c73e
240,Mojmír Chytil,FW,cz Czechia,27-079,1999,1,7.0,7.0,2.6,0.1,0,,0,1,7.0,2,0.0,0.0,0.0,0.0,0.0,1.37,Matches,01a08323
241,Brian Cipenga,MFFW,cd Congo DR,28-128,1998,2,146.0,73.0,40.6,1.6,2,73.0,0,0,,2,1.5,2.0,2.0,0.0,0.0,0.0,Matches,e4787d6f
242,Alessandro Circati,DF,au Australia,22-280,2003,4,390.0,98.0,100.0,4.3,4,98.0,4,0,,0,1.25,3.0,3.0,0.0,0.0,,Matches,1223765c
243,Pathé Ciss,DF,sn Senegal,32-123,1994,4,184.0,46.0,47.2,2.0,1,120.0,1,3,21.0,0,0.75,7.0,4.0,3.0,1.47,2.34,Matches,9a0408b6
244,Livano Comenencia,MF,cw Curaçao,22-164,2004,3,233.0,78.0,86.3,2.6,3,78.0,1,0,,0,0.33,1.0,8.0,-7.0,-2.7,-0.27,Matches,c9d96dc1
245,Eray Cömert,DF,ch Switzerland,28-163,1998,1,31.0,31.0,5.2,0.3,0,,0,1,31.0,5,0.0,0.0,2.0,-2.0,-5.81,-6.76,Matches,15937e17
246,Francisco Conceição,MF,pt Portugal,23-215,2002,4,126.0,32.0,28.0,1.4,0,,0,4,32.0,1,1.75,4.0,1.0,3.0,2.14,1.59,Matches,5ef3d210
247,Jhon Córdoba,FW,co Colombia,33-067,1993,3,99.0,33.0,20.6,1.1,2,33.0,0,1,33.0,2,2.33,1.0,0.0,1.0,0.91,0.2,Matches,9f381d8b
248,José Córdoba,DF,pa Panama,25-133,2001,3,270.0,90.0,100.0,3.0,3,90.0,3,0,,0,0.0,0.0,4.0,-4.0,-1.33,,Matches,bec98750
249,Derek Cornelius,DF,ca Canada,28-234,1997,4,315.0,79.0,70.0,3.5,4,79.0,3,0,,1,1.75,6.0,3.0,3.0,0.86,0.86,Matches,577744b8
250,Diogo Costa,GK,pt Portugal,26-301,1999,5,450.0,90.0,100.0,5.0,5,90.0,5,0,,0,1.6,8.0,3.0,5.0,1.0,,Matches,93fffbcf
251,Logan Costa,DF,cv Cabo Verde,25-107,2001,0,,,,,0,,0,0,,4,,,,,,,Matches,bfb2056e
252,Nuno da Costa,FW,cv Cabo Verde,35-157,1991,4,159.0,40.0,40.8,1.8,1,66.0,0,3,31.0,0,0.75,2.0,1.0,1.0,0.57,1.35,Matches,909222de
253,Samu Costa,MF,pt Portugal,25-232,2000,1,21.0,21.0,4.7,0.2,0,,0,1,21.0,4,1.0,0.0,0.0,0.0,0.0,-1.05,Matches,76c2a023
254,Vladimír Coufal,MFDF,cz Czechia,33-329,1992,3,270.0,90.0,100.0,3.0,3,90.0,3,0,,0,0.33,2.0,6.0,-4.0,-1.33,,Matches,fdf3cb77
255,Thibaut Courtois,GK,be Belgium,34-067,1992,6,550.0,92.0,96.5,6.1,6,92.0,5,0,,0,1.83,14.0,6.0,8.0,1.31,5.81,Matches,1840e36d
256,Maxime Crépeau,GK,ca Canada,32-067,1994,5,450.0,90.0,100.0,5.0,5,90.0,5,0,,0,1.4,9.0,6.0,3.0,0.6,,Matches,ea42e480
257,Max Crocombe,GK,nz New Zealand,32-339,1993,3,270.0,90.0,100.0,3.0,3,90.0,3,0,,0,0.33,4.0,10.0,-6.0,-2.0,,Matches,fdf47077
258,Bradley Cross,DF,za South Africa,25-168,2001,0,,,,,0,,0,0,,4,,,,,,,Matches,9df63a1b
259,Pau Cubarsí,DF,es Spain,19-176,2007,7,630.0,90.0,100.0,7.0,7,90.0,7,0,,0,2.71,13.0,1.0,12.0,1.71,,Matches,cc7888f3
260,Andrés Cubas,MF,py Paraguay,30-056,1996,5,480.0,96.0,100.0,5.3,5,96.0,5,0,,0,1.0,3.0,6.0,-3.0,-0.56,,Matches,9b40a6ea
261,Cucho,FWMF,co Colombia,27-088,1999,2,50.0,25.0,10.4,0.6,0,,0,2,25.0,3,2.0,1.0,0.0,1.0,1.8,1.17,Matches,71b47ab9
262,Marc Cucurella,DF,es Spain,27-360,1998,7,630.0,90.0,100.0,7.0,7,90.0,7,0,,0,2.71,13.0,1.0,12.0,1.71,,Matches,1daec722
263,Matheus Cunha,FW,br Brazil,27-051,1999,5,290.0,58.0,64.4,3.2,4,65.0,0,1,30.0,0,2.0,7.0,1.0,6.0,1.86,1.86,Matches,dc62b55d
264,Findlay Curtis,MF,sct Scotland,19-289,2006,2,9.0,5.0,3.3,0.1,0,,0,2,5.0,1,1.5,0.0,0.0,0.0,0.0,1.03,Matches,e2a68b89
265,Aymen Dahmen,GK,tn Tunisia,29-170,1997,2,180.0,90.0,66.7,2.0,2,90.0,2,0,,1,0.0,1.0,7.0,-6.0,-3.0,1.0,Matches,8bf49030
266,Diogo Dalot,DFMF,pt Portugal,27-121,1999,2,65.0,33.0,14.4,0.7,0,,0,2,33.0,3,0.5,0.0,1.0,-1.0,-1.38,-2.79,Matches,d9565625
267,Danilo,DF,br Brazil,35-002,1991,5,405.0,81.0,90.0,4.5,4,90.0,4,1,45.0,0,2.0,9.0,3.0,6.0,1.33,1.33,Matches,94b2001f
268,Kevin Danso,DF,at Austria,27-301,1998,4,241.0,60.0,66.9,2.7,2,90.0,2,2,31.0,0,1.0,3.0,6.0,-3.0,-1.12,-1.12,Matches,6e33125f
269,Vladimír Darida,MF,cz Czechia,35-343,1990,1,54.0,54.0,20.0,0.6,1,54.0,0,0,,2,1.0,1.0,0.0,1.0,1.67,3.75,Matches,3eb0f2df
270,Jonathan David,FW,ca Canada,26-184,2000,5,420.0,84.0,93.3,4.7,5,84.0,4,0,,0,1.4,8.0,6.0,2.0,0.43,-2.57,Matches,ce50fd99
271,Álvaro David Montero,GK,co Colombia,31-110,1995,0,,,,,0,,0,0,,5,,,,,,,Matches,2e3dbaa5
272,Promise David,FW,ca Canada,25-014,2001,4,80.0,20.0,17.8,0.9,0,,0,4,20.0,1,1.0,3.0,2.0,1.0,1.13,0.64,Matches,dbe19468
273,Alphonso Davies,DFFW,ca Canada,25-257,2000,1,16.0,16.0,3.6,0.2,0,,0,1,16.0,4,3.0,1.0,0.0,1.0,5.63,5.21,Matches,d781d855
274,Erick Davis,DF,pa Panama,35-108,1991,2,4.0,2.0,1.5,0.0,0,,0,2,2.0,1,0.0,0.0,0.0,0.0,0.0,1.35,Matches,2ffb0739
275,Nasser Al-Dawsari,MF,sa Saudi Arabia,27-210,1998,3,207.0,69.0,76.7,2.3,2,90.0,1,1,28.0,0,0.67,0.0,5.0,-5.0,-2.17,-3.6,Matches,7709e4a6
276,Salem Al-Dawsari,MF,sa Saudi Arabia,34-332,1991,3,245.0,82.0,90.7,2.7,3,82.0,2,0,,0,0.67,1.0,5.0,-4.0,-1.47,-1.47,Matches,60ee859c
277,Mohammad Al-Dawud,FWMF,jo Jordan,34-096,1992,1,3.0,3.0,1.1,0.0,0,,0,1,3.0,2,0.0,0.0,1.0,-1.0,-30.0,-28.65,Matches,e645c3fc
278,Kevin De Bruyne,MF,be Belgium,35-019,1991,5,382.0,76.0,67.0,4.2,5,76.0,0,0,,1,1.6,5.0,4.0,1.0,0.24,-2.64,Matches,e46012d4
279,Maxim De Cuyper,DF,be Belgium,25-207,2000,6,442.0,74.0,77.5,4.9,5,81.0,3,1,35.0,0,1.83,11.0,5.0,6.0,1.22,0.52,Matches,d494882e
280,Luc De Fougerolles,DF,ca Canada,20-278,2005,5,372.0,74.0,82.7,4.1,4,85.0,3,1,32.0,0,1.4,7.0,6.0,1.0,0.24,-2.07,Matches,45c427ff
281,Charles De Ketelaere,FWMF,be Belgium,25-129,2001,5,350.0,70.0,61.4,3.9,5,70.0,1,0,,1,2.0,8.0,6.0,2.0,0.51,-1.53,Matches,2ef7c612
282,Nicolás De La Cruz,MF,uy Uruguay,29-046,1997,3,86.0,29.0,31.9,1.0,0,,0,3,29.0,0,0.67,1.0,0.0,1.0,1.05,2.02,Matches,8fda5c72
283,Rodrigo De Paul,MF,ar Argentina,32-054,1994,6,422.0,70.0,61.2,4.7,5,81.0,1,1,19.0,1,3.0,8.0,3.0,5.0,1.07,-1.28,Matches,162efffd
284,Koni De Winter,DF,be Belgium,24-035,2002,0,,,,,0,,0,0,,6,,,,,,,Matches,f4797849
285,Zeno Debast,DF,be Belgium,22-266,2003,0,,,,,0,,0,0,,1,,,,,,,Matches,064461b7
286,Amar Dedić,DF,ba Bosnia–Herz,23-333,2002,3,270.0,90.0,75.0,3.0,3,90.0,3,0,,1,0.33,2.0,7.0,-5.0,-1.67,-3.67,Matches,bc6e544a
287,Louicius Deedson,MF,ht Haiti,25-156,2001,3,112.0,37.0,41.5,1.2,1,60.0,0,2,26.0,0,0.0,0.0,3.0,-3.0,-2.41,-0.7,Matches,f7059bb1
288,Miloš Degenek,DFMF,au Australia,32-080,1994,0,,,,,0,,0,0,,4,,,,,,,Matches,c8e65157
289,Hannes Delcroix,DF,ht Haiti,27-139,1999,3,270.0,90.0,100.0,3.0,3,90.0,3,0,,0,0.0,2.0,8.0,-6.0,-2.0,,Matches,b737f944
290,Ousmane Dembélé,MF,fr France,29-063,1997,7,547.0,78.0,86.8,6.1,7,78.0,2,0,,0,2.57,13.0,3.0,10.0,1.65,-0.52,Matches,b19db005
291,Merih Demiral,DF,tr Türkiye,28-134,1998,2,180.0,90.0,66.7,2.0,2,90.0,2,0,,1,0.0,0.0,3.0,-3.0,-1.5,-2.5,Matches,e3cceee6
292,Ermedin Demirović,FW,ba Bosnia–Herz,28-114,1998,4,354.0,89.0,98.3,3.9,4,89.0,3,0,,0,1.0,4.0,6.0,-2.0,-0.51,14.49,Matches,ed79b7d3
293,Sergiño Dest,MF,us United States,25-256,2000,5,297.0,59.0,66.0,3.3,4,71.0,0,1,15.0,0,1.8,8.0,3.0,5.0,1.52,2.69,Matches,5976f83e
294,Cammy Devlin,MF,au Australia,28-040,1998,0,,,,,0,,0,0,,4,,,,,,,Matches,fd53ed00
295,Frans Dhia Putros,DF,iq Iraq,33-003,1993,1,90.0,90.0,33.3,1.0,1,90.0,1,0,,2,0.0,0.0,5.0,-5.0,-5.0,-2.0,Matches,0102aa7e
296,Oumar Diakité,FW,ci Côte d'Ivoire,22-209,2003,2,28.0,14.0,7.8,0.3,0,,0,2,14.0,2,1.5,0.0,0.0,0.0,0.0,-0.27,Matches,44435c8f
297,Amad Diallo,MFFW,ci Côte d'Ivoire,24-006,2002,4,185.0,46.0,51.4,2.1,2,60.0,0,2,33.0,0,1.5,4.0,2.0,2.0,0.97,1.49,Matches,9dc96f10
298,Assane Diao,MF,sn Senegal,20-313,2005,1,10.0,10.0,2.6,0.1,0,,0,1,10.0,3,3.0,1.0,0.0,1.0,9.0,9.0,Matches,8ae7d0ec
299,Habib Diarra,MF,sn Senegal,22-195,2004,3,143.0,48.0,36.7,1.6,2,64.0,0,1,15.0,1,1.0,5.0,2.0,3.0,1.89,2.62,Matches,6d0fe035
300,Rúben Dias,DF,pt Portugal,29-064,1997,4,360.0,90.0,80.0,4.0,4,90.0,4,0,,1,1.75,7.0,2.0,5.0,1.25,1.25,Matches,31c69ef1
301,Krépin Diatta,DF,sn Senegal,27-142,1999,4,390.0,98.0,100.0,4.3,4,98.0,4,0,,0,0.75,10.0,9.0,1.0,0.23,,Matches,8104e41e
302,Mory Diaw,GK,sn Senegal,33-025,1993,3,238.0,79.0,61.0,2.6,2,105.0,2,1,28.0,1,1.0,8.0,3.0,5.0,1.89,4.26,Matches,f41a69e6
303,Brahim Díaz,MF,ma Morocco,26-348,1999,6,457.0,76.0,80.2,5.1,6,76.0,1,0,,0,1.83,7.0,6.0,1.0,0.2,-2.19,Matches,407feb71
304,Ismael Díaz,FWMF,pa Panama,29-066,1997,2,37.0,19.0,13.7,0.4,0,,0,2,19.0,1,0.0,0.0,1.0,-1.0,-2.43,-1.27,Matches,f2a276d1
305,Luis Díaz,FWMF,co Colombia,29-185,1997,5,478.0,96.0,99.6,5.3,5,96.0,3,0,,0,2.2,4.0,1.0,3.0,0.56,-44.44,Matches,4a1a9578
306,Bamba Dieng,FW,sn Senegal,26-116,2000,1,8.0,8.0,2.1,0.1,0,,0,1,8.0,3,0.0,1.0,1.0,0.0,0.0,-0.24,Matches,40774c6b
307,Lucas Digne,DF,fr France,32-362,1993,5,418.0,84.0,66.3,4.6,5,84.0,3,0,,2,2.4,9.0,2.0,7.0,1.51,-0.62,Matches,1b84dbe1
308,Diney,DF,cv Cabo Verde,31-181,1995,4,390.0,98.0,100.0,4.3,4,98.0,4,0,,0,0.75,4.0,5.0,-1.0,-0.23,,Matches,d2e33ba2
309,Ousmane Diomande,DF,ci Côte d'Ivoire,22-225,2003,1,90.0,90.0,25.0,1.0,1,90.0,1,0,,3,3.0,2.0,0.0,2.0,2.0,2.33,Matches,394be156
310,Yan Diomandé,MFFW,ci Côte d'Ivoire,19-245,2006,4,329.0,82.0,91.4,3.7,4,82.0,1,0,,0,1.5,5.0,3.0,2.0,0.55,3.45,Matches,919f5f54
311,Issa Diop,DF,ma Morocco,29-189,1997,5,476.0,95.0,83.5,5.3,5,95.0,4,0,,1,1.6,5.0,4.0,1.0,0.19,-2.68,Matches,a712ca2b
312,El Hadji Malick Diouf,DF,sn Senegal,21-201,2004,3,171.0,57.0,43.8,1.9,2,72.0,1,1,28.0,1,0.0,2.0,6.0,-4.0,-2.11,-4.16,Matches,bd5eb2e5
313,Yehvann Diouf,GK,sn Senegal,26-243,1999,0,,,,,0,,0,0,,4,,,,,,,Matches,eedea60b
314,Willer Ditta,DF,co Colombia,28-175,1998,0,,,,,0,,0,0,,5,,,,,,,Matches,95c2f969
315,Ritsu Doan,MF,jp Japan,28-031,1998,4,278.0,70.0,77.2,3.1,4,70.0,0,0,,0,1.25,6.0,4.0,2.0,0.65,-0.45,Matches,d01bbb6f
316,Jeremy Doku,MF,be Belgium,24-051,2002,5,309.0,62.0,54.2,3.4,4,71.0,1,1,24.0,0,2.0,5.0,5.0,0.0,0.0,-2.41,Matches,fffea3e5
317,Lee Dong-gyeong,FWMF,kr Korea Republic,28-300,1997,0,,,,,0,,0,0,,3,,,,,,,Matches,a6828876
318,Trevor Doornbusch,GK,cw Curaçao,27-011,1999,0,,,,,0,,0,0,,3,,,,,,,Matches,b5285a98
319,C.J. dos Santos,GK,cv Cabo Verde,25-327,2000,0,,,,,0,,0,0,,4,,,,,,,Matches,e329eaa6
320,Merchas Doski,DF,iq Iraq,26-222,1999,3,270.0,90.0,100.0,3.0,3,90.0,3,0,,0,0.0,1.0,12.0,-11.0,-3.67,,Matches,fdf4cfe5
321,David Douděra,MF,cz Czechia,28-047,1998,1,90.0,90.0,33.3,1.0,1,90.0,1,0,,2,0.0,0.0,3.0,-3.0,-3.0,-2.5,Matches,e95b4604
322,Désiré Doué,MF,fr France,21-044,2005,7,355.0,51.0,56.3,3.9,3,84.0,1,4,26.0,0,2.57,9.0,2.0,7.0,1.77,0.14,Matches,9e7483ff
323,Guéla Doué,DF,ci Côte d'Ivoire,23-273,2002,4,277.0,69.0,76.9,3.1,3,89.0,2,1,9.0,0,1.5,3.0,3.0,0.0,0.0,-1.08,Matches,b4ef3fb5
324,Deroy Duarte,MF,cv Cabo Verde,27-013,1999,4,264.0,66.0,67.7,2.9,2,95.0,1,2,38.0,0,0.75,2.0,2.0,0.0,0.0,0.71,Matches,6af8fc5b
325,Laros Duarte,MF,cv Cabo Verde,29-139,1997,4,166.0,42.0,42.6,1.8,2,63.0,0,2,20.0,0,0.75,1.0,1.0,0.0,0.0,0.4,Matches,4af3d3c8
326,Denzel Dumfries,DFMF,nl Netherlands,30-090,1996,4,390.0,98.0,100.0,4.3,4,98.0,4,0,,0,2.0,11.0,5.0,6.0,1.38,,Matches,481c9ece
327,Nabil Dunga,MF,eg Egypt,30-102,1996,0,,,,,0,,0,0,,5,,,,,,,Matches,464e8c21
328,Josué Duverger,GK,ht Haiti,26-081,2000,0,,,,,0,,0,0,,3,,,,,,,Matches,47e3c58c
329,Jean-Kevin Duverne,DF,ht Haiti,29-005,1997,2,169.0,85.0,62.6,1.9,2,85.0,1,0,,1,0.0,2.0,6.0,-4.0,-2.13,-0.35,Matches,0cbc8baa
330,Lyndon Dykes,FWMF,sct Scotland,30-283,1995,2,36.0,18.0,13.3,0.4,0,,0,2,18.0,1,1.5,0.0,0.0,0.0,0.0,1.15,Matches,cd92357a
331,Edin Džeko,FW,ba Bosnia–Herz,40-122,1986,3,176.0,59.0,48.9,2.0,3,59.0,0,0,,1,1.0,2.0,2.0,0.0,0.0,1.47,Matches,3bb7f478
332,Dennis Eckert,FW,ir IR Iran,29-189,1997,0,,,,,0,,0,0,,3,,,,,,,Matches,7f8fb807
333,Roshon van Eijma,DF,cw Curaçao,28-038,1998,1,15.0,15.0,5.6,0.2,0,,0,1,15.0,2,1.0,0.0,0.0,0.0,0.0,2.82,Matches,130368de
334,Danial Eiri,DF,ir IR Iran,22-264,2003,0,,,,,0,,0,0,,3,,,,,,,Matches,d7c9d069
335,Hjalmar Ekdal,DF,se Sweden,27-269,1998,0,,,,,0,,0,0,,4,,,,,,,Matches,3d554589
336,Anthony Elanga,MFFW,se Sweden,24-081,2002,4,217.0,54.0,60.3,2.4,2,90.0,2,2,19.0,0,1.0,3.0,5.0,-2.0,-0.83,-0.2,Matches,2fba6108
337,Meschak Elia,FWMF,cd Congo DR,28-345,1997,2,46.0,23.0,12.8,0.5,0,,0,2,23.0,2,1.5,2.0,2.0,0.0,0.0,0.0,Matches,5d51b074
338,Callan Elliot,DF,nz New Zealand,27-010,1999,1,13.0,13.0,4.8,0.1,0,,0,1,13.0,2,1.0,0.0,0.0,0.0,0.0,2.1,Matches,9d6968a3
339,Rayan Elloumi,FW,tn Tunisia,18-303,2007,0,,,,,0,,0,0,,3,,,,,,,Matches,7cd21bce
340,Eren Elmalı,DF,tr Türkiye,26-010,2000,2,111.0,56.0,41.1,1.2,1,90.0,1,1,21.0,1,1.5,3.0,2.0,1.0,0.81,2.51,Matches,8eeb8ba4
341,Nico Elvedi,DF,ch Switzerland,29-290,1996,6,600.0,100.0,100.0,6.7,6,100.0,6,0,,0,1.83,10.0,6.0,4.0,0.6,,Matches,48035304
342,Breel Embolo,FW,ch Switzerland,29-153,1997,6,501.0,84.0,83.5,5.6,6,84.0,1,0,,0,1.83,8.0,3.0,5.0,0.9,1.81,Matches,0b4f388a
343,Julio Enciso,FW,py Paraguay,22-175,2004,5,386.0,77.0,80.4,4.3,5,77.0,2,0,,0,1.0,3.0,5.0,-2.0,-0.47,0.49,Matches,9cfbad36
344,Endrick,FW,br Brazil,19-361,2006,4,114.0,29.0,25.3,1.3,0,,0,4,29.0,1,2.25,3.0,2.0,1.0,0.79,-0.55,Matches,a2728fbf
345,Matthieu Epolo,GK,cd Congo DR,21-183,2005,0,,,,,0,,0,0,,4,,,,,,,Matches,6ee69cca
346,Botirali Ergashev,GK,uz Uzbekistan,31-024,1995,0,,,,,0,,0,0,,3,,,,,,,Matches,7fbb2bac
347,Martin Erlić,DF,hr Croatia,28-174,1998,0,,,,,0,,0,0,,4,,,,,,,Matches,0fee6bda
348,Sherzod Esanov,MF,uz Uzbekistan,23-166,2003,1,1.0,1.0,0.4,0.0,0,,0,1,1.0,2,0.0,0.0,0.0,0.0,0.0,3.01,Matches,bd6667ba
349,Fidel Escobar,DF,pa Panama,31-189,1995,1,90.0,90.0,33.3,1.0,1,90.0,1,0,,2,0.0,0.0,2.0,-2.0,-2.0,-1.0,Matches,4991ec66
350,Umar Eshmurodov,DF,uz Uzbekistan,33-229,1992,0,,,,,0,,0,0,,3,,,,,,,Matches,d7cb0b13
351,Pervis Estupiñán,MF,ec Ecuador,28-177,1998,2,89.0,45.0,24.7,1.0,1,69.0,0,1,20.0,2,2.0,1.0,0.0,1.0,1.01,2.01,Matches,d38fdf53
352,Derrick Etienne,FWMF,ht Haiti,29-234,1996,1,10.0,10.0,3.7,0.1,0,,0,1,10.0,2,0.0,0.0,0.0,0.0,0.0,2.08,Matches,59059f1e
353,Stephen Eustáquio,MF,ca Canada,29-208,1996,5,392.0,78.0,87.1,4.4,4,90.0,3,1,33.0,0,1.4,9.0,4.0,5.0,1.15,4.25,Matches,577efaec
354,Martin Expérience,DFMF,ht Haiti,27-130,1999,3,270.0,90.0,100.0,3.0,3,90.0,3,0,,0,0.0,2.0,8.0,-6.0,-2.0,,Matches,9edb83f4
355,Saeid Ezatolahi,MF,ir IR Iran,29-289,1996,3,264.0,88.0,97.8,2.9,3,88.0,2,0,,0,1.0,3.0,3.0,0.0,0.0,0.0,Matches,314d95ac
356,Eberechi Eze,FWMF,eng England,28-018,1998,4,133.0,33.0,20.2,1.5,0,,0,4,33.0,3,2.5,3.0,0.0,3.0,2.03,1.52,Matches,ae4fc6a4
357,Fabinho,DFMF,br Brazil,32-267,1993,3,71.0,24.0,15.8,0.8,0,,0,3,24.0,2,2.33,1.0,0.0,1.0,1.27,0.08,Matches,7f3b388c
358,José Fajardo,FW,pa Panama,32-333,1993,3,155.0,52.0,57.4,1.7,1,82.0,0,2,37.0,0,0.0,0.0,4.0,-4.0,-2.32,-2.32,Matches,682e47b3
359,Abdallah Al-Fakhouri,GK,jo Jordan,26-176,2000,0,,,,,0,,0,0,,3,,,,,,,Matches,a152685a
360,Odeh Al-Fakhouri,MFFW,jo Jordan,20-237,2005,3,148.0,49.0,54.8,1.6,2,67.0,0,1,15.0,0,0.0,1.0,5.0,-4.0,-2.43,-1.69,Matches,30591ae5
361,Henrik Falchener,DF,no Norway,23-070,2003,1,65.0,65.0,11.4,0.7,1,65.0,0,0,,5,0.0,1.0,3.0,-2.0,-2.77,-3.48,Matches,57fe6b9b
362,Edgardo Fariña,DF,pa Panama,24-271,2001,0,,,,,0,,0,0,,3,,,,,,,Matches,c8e2e64a
363,Marko Farji,MF,iq Iraq,22-123,2004,2,54.0,27.0,20.0,0.6,0,,0,2,27.0,1,0.0,0.0,2.0,-2.0,-3.33,0.42,Matches,e046cff6
364,Christian Fassnacht,FWMF,ch Switzerland,32-248,1993,1,6.0,6.0,1.0,0.1,0,,0,1,6.0,5,3.0,0.0,0.0,0.0,0.0,-0.61,Matches,0aeeed3f
365,Abdul Fatawu Issahaku,FWMF,gh Ghana,22-131,2004,4,132.0,33.0,36.7,1.5,0,,0,4,33.0,0,1.0,2.0,1.0,1.0,0.68,1.47,Matches,bceda5ff
366,Ahmed Fathy,MF,qa Qatar,33-173,1993,3,150.0,50.0,55.6,1.7,1,78.0,0,2,36.0,0,0.33,2.0,4.0,-2.0,-1.2,3.3,Matches,f2369793
367,Hamdy Fathy,DFMF,eg Egypt,31-291,1994,4,238.0,60.0,49.6,2.6,3,64.0,0,1,45.0,0,1.25,3.0,6.0,-3.0,-1.13,-2.62,Matches,c8ef4955
368,Ahmed Fatouh,DF,eg Egypt,28-117,1998,3,267.0,89.0,55.6,3.0,3,89.0,2,0,,0,1.67,5.0,3.0,2.0,0.67,1.1,Matches,de13286d
369,Timothy Fayulu,GK,cd Congo DR,26-358,1999,0,,,,,0,,0,0,,4,,,,,,,Matches,03b8f96e
370,Abbosbek Fayzullayev,MF,uz Uzbekistan,22-287,2003,3,220.0,73.0,81.5,2.4,3,73.0,0,0,,0,0.0,2.0,7.0,-5.0,-2.05,5.15,Matches,ef1d36a1
371,Kevin Felida,MF,cw Curaçao,26-248,1999,0,,,,,0,,0,0,,3,,,,,,,Matches,20f6dec7
372,João Félix,MF,pt Portugal,26-249,1999,3,201.0,67.0,44.7,2.2,3,67.0,0,0,,2,1.33,4.0,0.0,4.0,1.79,1.43,Matches,8aafd64f
373,Lewis Ferguson,MF,sct Scotland,26-327,1999,3,270.0,90.0,100.0,3.0,3,90.0,3,0,,0,1.0,1.0,4.0,-3.0,-1.0,,Matches,ee64a822
374,Bruno Fernandes,MF,pt Portugal,31-312,1994,5,422.0,84.0,93.8,4.7,5,84.0,4,0,,0,1.6,6.0,3.0,3.0,0.64,-5.79,Matches,507c7bdf
375,Enzo Fernández,MF,ar Argentina,25-181,2001,6,570.0,95.0,82.6,6.3,6,95.0,5,0,,1,3.0,14.0,6.0,8.0,1.26,-1.74,Matches,5ff4ab71
376,Gatito Fernández,GK,py Paraguay,38-110,1988,0,,,,,0,,0,0,,5,,,,,,,Matches,9a82f79a
377,Matias Fernandez-Pardo,FWMF,be Belgium,21-164,2005,3,44.0,15.0,7.7,0.5,0,,0,3,15.0,3,1.67,3.0,1.0,2.0,4.09,3.24,Matches,0cdb6a2a
378,Álvaro Fidalgo,MF,mx Mexico,29-099,1997,3,96.0,32.0,21.3,1.1,1,65.0,0,2,16.0,2,2.0,2.0,0.0,2.0,1.87,0.6,Matches,c705cdc4
379,Mark Flekken,GK,nl Netherlands,33-034,1993,0,,,,,0,,0,0,,4,,,,,,,Matches,a92ab7be
380,Tyler Fletcher,MF,sct Scotland,19-120,2007,0,,,,,0,,0,0,,3,,,,,,,Matches,81a92add
381,Sherel Floranus,DF,cw Curaçao,27-328,1998,3,270.0,90.0,100.0,3.0,3,90.0,3,0,,0,0.33,1.0,9.0,-8.0,-2.67,,Matches,5ad49fbb
382,Seko Fofana,MF,ci Côte d'Ivoire,31-071,1995,2,92.0,46.0,25.6,1.0,1,76.0,0,1,16.0,2,1.5,0.0,1.0,-1.0,-0.98,-1.65,Matches,5313ed43
383,Yahia Fofana,GK,ci Côte d'Ivoire,25-330,2000,4,360.0,90.0,100.0,4.0,4,90.0,4,0,,0,1.5,5.0,4.0,1.0,0.25,,Matches,9d420dad
384,Deveron Fonville,DF,cw Curaçao,23-062,2003,3,241.0,80.0,89.3,2.7,3,80.0,1,0,,0,0.33,1.0,9.0,-8.0,-2.99,-2.99,Matches,21932982
385,Yassin Fortuné,FWMF,ht Haiti,27-168,1999,1,6.0,6.0,2.2,0.1,0,,0,1,6.0,2,0.0,0.0,0.0,0.0,0.0,2.05,Matches,ddcc9e22
386,Lyle Foster,FW,za South Africa,25-317,2000,1,55.0,55.0,15.3,0.6,1,55.0,0,0,,3,0.0,0.0,1.0,-1.0,-1.64,-1.34,Matches,f84a807c
387,Alan Franco,DF,ec Ecuador,27-330,1998,4,251.0,63.0,69.7,2.8,4,63.0,0,0,,0,1.0,1.0,3.0,-2.0,-0.72,-0.72,Matches,c76b161b
388,Carl Fred Sainté,MF,ht Haiti,23-342,2002,0,,,,,0,,0,0,,3,,,,,,,Matches,2928c948
389,Alex Freeman,DF,us United States,21-342,2004,5,374.0,75.0,83.1,4.2,4,90.0,4,1,14.0,0,1.8,9.0,6.0,3.0,0.72,0.72,Matches,754f150b
390,Matt Freese,GK,us United States,27-318,1998,4,360.0,90.0,80.0,4.0,4,90.0,4,0,,1,2.25,9.0,5.0,4.0,1.0,2.0,Matches,2f49476c
391,Remo Freuler,MF,ch Switzerland,34-093,1992,6,592.0,99.0,98.7,6.6,6,99.0,4,0,,0,1.83,10.0,4.0,6.0,0.91,23.41,Matches,98d2c2c4
392,Marco Friedl,DF,at Austria,28-123,1998,1,24.0,24.0,6.7,0.3,0,,0,1,24.0,3,0.0,0.0,1.0,-1.0,-3.75,-3.21,Matches,f86ad3f5
393,Toni Fruk,FWMF,hr Croatia,25-130,2001,0,,,,,0,,0,0,,4,,,,,,,Matches,e030ce13
394,Juriën Gaari,DF,cw Curaçao,32-206,1993,2,166.0,83.0,61.5,1.8,2,83.0,1,0,,1,0.5,0.0,2.0,-2.0,-1.08,4.11,Matches,bf7a9d1a
395,Jassem Gaber,MF,qa Qatar,24-147,2002,3,149.0,50.0,55.2,1.7,3,50.0,0,0,,0,0.33,1.0,6.0,-5.0,-3.02,-0.79,Matches,af9ef8aa
396,Cody Gakpo,FW,nl Netherlands,27-071,1999,4,368.0,92.0,94.4,4.1,4,92.0,0,0,,0,2.0,11.0,4.0,7.0,1.71,5.8,Matches,1971591f
397,Matías Galarza,MF,py Paraguay,24-156,2002,4,388.0,97.0,80.8,4.3,4,97.0,2,0,,1,1.25,2.0,2.0,0.0,0.0,2.93,Matches,8e97a57b
398,Hernán Galíndez,GK,ec Ecuador,39-109,1987,4,360.0,90.0,100.0,4.0,4,90.0,4,0,,0,1.0,2.0,4.0,-2.0,-0.5,,Matches,89c136f6
399,Jesús Gallardo,DF,mx Mexico,31-336,1994,5,373.0,75.0,82.9,4.1,4,90.0,4,1,13.0,0,2.4,8.0,3.0,5.0,1.21,-1.13,Matches,d0846b6c
400,Ahmed Al-Ganehi,FW,qa Qatar,25-298,2000,1,36.0,36.0,13.3,0.4,0,,0,1,36.0,2,0.0,0.0,1.0,-1.0,-2.5,0.19,Matches,efcf04d2
401,Ben Gannon-Doak,MF,sct Scotland,20-248,2005,3,186.0,62.0,68.9,2.1,2,78.0,0,1,31.0,0,1.0,1.0,3.0,-2.0,-0.97,0.1,Matches,733f1a7d
402,Eric García,DFMF,es Spain,25-189,2001,0,,,,,0,,0,0,,7,,,,,,,Matches,2bed3eab
403,Joan García,GK,es Spain,25-074,2001,0,,,,,0,,0,0,,7,,,,,,,Matches,87b498b0
404,Gavi,FW,es Spain,21-346,2004,2,76.0,38.0,12.1,0.8,1,70.0,0,1,6.0,5,2.0,1.0,0.0,1.0,1.18,-0.6,Matches,19cae58d
405,Lutsharel Geertruida,DF,nl Netherlands,25-364,2000,0,,,,,0,,0,0,,4,,,,,,,Matches,242e1043
406,Jason Geria,DF,au Australia,33-068,1993,2,62.0,31.0,15.9,0.7,0,,0,2,31.0,2,1.5,1.0,0.0,1.0,1.45,1.73,Matches,cd494a8d
407,Khalid Al Ghannam,MF,sa Saudi Arabia,25-251,2000,1,1.0,1.0,0.4,0.0,0,,0,1,1.0,2,0.0,0.0,0.0,0.0,0.0,1.34,Matches,c16843c7
408,Ismaël Gharbi,MF,tn Tunisia,22-098,2004,3,127.0,42.0,47.0,1.4,1,74.0,0,2,27.0,0,0.0,1.0,7.0,-6.0,-4.25,-1.73,Matches,5b3cfa12
409,Mehdi Ghayedi,FW,ir IR Iran,27-224,1998,1,45.0,45.0,16.7,0.5,0,,0,1,45.0,2,1.0,1.0,1.0,0.0,0.0,0.0,Matches,b6c90b4b
410,Farés Ghedjemis,FWMF,dz Algeria,23-314,2002,1,1.0,1.0,0.3,0.0,0,,0,1,1.0,3,1.0,0.0,1.0,-1.0,-90.0,-89.25,Matches,14aac43e
411,Saman Ghoddos,MF,ir IR Iran,32-314,1993,3,208.0,69.0,77.0,2.3,3,69.0,0,0,,0,1.0,3.0,3.0,0.0,0.0,0.0,Matches,f7b1d4e0
412,Mohammad Ghorbani,MF,ir IR Iran,25-057,2001,1,90.0,90.0,33.3,1.0,1,90.0,1,0,,2,1.0,1.0,1.0,0.0,0.0,0.0,Matches,4a078e18
413,Lee Gi-hyuk,DF,kr Korea Republic,26-010,2000,3,270.0,90.0,100.0,3.0,3,90.0,3,0,,0,1.0,2.0,3.0,-1.0,-0.33,,Matches,18c8c3c7
414,Armin Gigovic,MF,ba Bosnia–Herz,24-102,2002,2,79.0,40.0,21.9,0.9,1,50.0,0,1,29.0,2,0.5,0.0,2.0,-2.0,-2.28,-1.96,Matches,d0a0858e
415,Orlando Gill,GK,py Paraguay,26-036,2000,5,480.0,96.0,100.0,5.3,5,96.0,5,0,,0,1.0,3.0,6.0,-3.0,-0.56,,Matches,0d425331
416,Santiago Giménez,FW,mx Mexico,25-090,2001,4,86.0,22.0,19.1,1.0,0,,0,4,22.0,1,2.25,2.0,0.0,2.0,2.09,0.86,Matches,37337aea
417,Aníbal Godoy,MF,pa Panama,36-157,1990,1,1.0,1.0,0.4,0.0,0,,0,1,1.0,2,0.0,0.0,1.0,-1.0,-90.0,-89.0,Matches,2d496ca3
418,Andrés Gómez,MF,co Colombia,23-308,2002,1,1.0,1.0,0.2,0.0,0,,0,1,1.0,4,3.0,1.0,0.0,1.0,90.0,89.44,Matches,76a82373
419,Diego Gómez,MF,py Paraguay,23-112,2003,4,304.0,76.0,63.3,3.4,4,76.0,0,0,,0,1.0,2.0,4.0,-2.0,-0.59,-0.08,Matches,916728da
420,Gustavo Gómez,DF,py Paraguay,33-072,1993,5,480.0,96.0,100.0,5.3,5,96.0,5,0,,0,1.0,3.0,6.0,-3.0,-0.56,,Matches,d5ce52a5
421,Armando González,FW,mx Mexico,23-088,2003,1,15.0,15.0,3.3,0.2,0,,0,1,15.0,4,3.0,0.0,0.0,0.0,0.0,-1.45,Matches,1278bc9a
422,Nicolás González,FWMF,ar Argentina,28-102,1998,6,214.0,36.0,31.0,2.4,0,,0,6,36.0,1,3.0,12.0,2.0,10.0,4.21,3.83,Matches,2374aaca
423,Owen Goodman,GK,ca Canada,22-232,2003,0,,,,,0,,0,0,,5,,,,,,,Matches,8074e66f
424,Anthony Gordon,MF,eng England,25-143,2001,6,396.0,66.0,60.0,4.4,5,73.0,1,1,30.0,1,2.17,10.0,5.0,5.0,1.14,0.8,Matches,2bd83368
425,Craig Gordon,GK,sct Scotland,43-198,1982,0,,,,,0,,0,0,,3,,,,,,,Matches,b15780e3
426,Leon Goretzka,MF,de Germany,31-161,1995,3,99.0,33.0,25.4,1.1,0,,0,3,33.0,1,2.33,4.0,0.0,4.0,3.64,3.02,Matches,cc86b9a3
427,Kenji Gorré,FWMF,cw Curaçao,31-291,1994,1,16.0,16.0,5.9,0.2,0,,0,1,16.0,2,1.0,0.0,0.0,0.0,0.0,2.83,Matches,52d1a4c6
428,Ricardo Goss,GK,za South Africa,32-106,1994,0,,,,,0,,0,0,,4,,,,,,,Matches,707d1d95
429,Keisuke Gotō,FW,jp Japan,21-044,2005,1,7.0,7.0,1.9,0.1,0,,0,1,7.0,3,3.0,0.0,0.0,0.0,0.0,-0.76,Matches,82a2ca86
430,Amine Gouiri,FW,dz Algeria,26-151,2000,4,251.0,63.0,69.7,2.8,3,73.0,0,1,33.0,0,1.0,4.0,5.0,-1.0,-0.36,2.12,Matches,aad56ca3
431,Ryan Gravenberch,MF,nl Netherlands,24-062,2002,4,345.0,86.0,88.5,3.8,4,86.0,2,0,,0,2.0,11.0,3.0,8.0,2.09,6.09,Matches,b8e740fb
432,Michael Gregoritsch,FW,at Austria,32-090,1994,3,188.0,63.0,52.2,2.1,2,72.0,0,1,45.0,1,0.33,2.0,4.0,-2.0,-0.96,-0.43,Matches,8e235926
433,Florian Grillitsch,DFMF,at Austria,30-344,1995,2,90.0,45.0,25.0,1.0,0,,0,2,45.0,2,0.5,2.0,4.0,-2.0,-2.0,-1.67,Matches,ffbbc83b
434,Álex Grimaldo,DFMF,es Spain,30-300,1995,0,,,,,0,,0,0,,7,,,,,,,Matches,b1f4086c
435,Pascal Groß,DFMF,de Germany,35-032,1991,1,18.0,18.0,4.6,0.2,0,,0,1,18.0,3,0.0,0.0,1.0,-1.0,-5.0,-6.69,Matches,8aec0537
436,Gabriel Gudmundsson,MFDF,se Sweden,27-079,1999,4,330.0,83.0,91.7,3.7,4,83.0,1,0,,0,1.0,5.0,10.0,-5.0,-1.36,-7.36,Matches,d5d22a58
437,Cho Gue-sung,FW,kr Korea Republic,28-173,1998,2,31.0,16.0,11.5,0.3,0,,0,2,16.0,1,0.0,0.0,0.0,0.0,0.0,0.38,Matches,ccfa8e5e
438,Gonçalo Guedes,FWMF,pt Portugal,29-230,1996,0,,,,,0,,0,0,,5,,,,,,,Matches,e6bc67d7
439,Marc Guéhi,DF,eng England,26-004,2000,7,574.0,82.0,87.0,6.4,6,95.0,6,1,4.0,0,2.29,10.0,6.0,4.0,0.63,-1.47,Matches,d0706b27
440,Evann Guessand,FWMF,ci Côte d'Ivoire,25-016,2001,2,17.0,9.0,4.7,0.2,0,,0,2,9.0,2,0.0,0.0,1.0,-1.0,-5.29,-5.82,Matches,b73f17f8
441,Idrissa Gueye,MF,sn Senegal,36-294,1989,4,361.0,90.0,92.6,4.0,4,90.0,2,0,,0,0.75,9.0,7.0,2.0,0.5,3.6,Matches,72c812f3
442,Pape Gueye,MF,sn Senegal,27-174,1999,4,234.0,59.0,60.0,2.6,3,67.0,0,1,34.0,0,0.75,6.0,4.0,2.0,0.77,1.35,Matches,7155e3e1
443,Parfait Guiagon,MF,ci Côte d'Ivoire,25-145,2001,0,,,,,0,,0,0,,4,,,,,,,Matches,5d8c77cf
444,Bruno Guimarães,MF,br Brazil,28-243,1997,5,416.0,83.0,92.4,4.6,5,83.0,1,0,,0,2.0,8.0,3.0,5.0,1.08,-1.57,Matches,82518f62
445,Deniz Gül,FW,tr Türkiye,22-015,2004,2,37.0,19.0,13.7,0.4,0,,0,2,19.0,1,0.0,0.0,0.0,0.0,0.0,0.77,Matches,f0fb443e
446,Arda Güler,MF,tr Türkiye,21-142,2005,3,270.0,90.0,100.0,3.0,3,90.0,3,0,,0,1.0,3.0,5.0,-2.0,-0.67,,Matches,3741ca58
447,Angus Gunn,GK,sct Scotland,30-176,1996,3,270.0,90.0,100.0,3.0,3,90.0,3,0,,0,1.0,1.0,4.0,-3.0,-1.0,,Matches,e082af5b
448,Mert Günok,GK,tr Türkiye,37-138,1989,0,,,,,0,,0,0,,3,,,,,,,Matches,b583aef5
449,Malo Gusto,DFMF,fr France,23-059,2003,4,32.0,8.0,5.1,0.4,0,,0,4,8.0,3,3.0,1.0,0.0,1.0,2.81,1.16,Matches,d56b9520
450,Brian Gutiérrez,MF,mx Mexico,23-030,2003,4,198.0,50.0,44.0,2.2,2,68.0,0,2,32.0,1,2.25,3.0,0.0,3.0,1.36,-0.06,Matches,d88f31db
451,Jorge Gutiérrez,DF,pa Panama,27-319,1998,1,87.0,87.0,32.2,1.0,1,87.0,0,0,,2,0.0,0.0,2.0,-2.0,-2.07,-1.09,Matches,56f6d192
452,Joško Gvardiol,DF,hr Croatia,24-175,2002,4,139.0,35.0,38.6,1.5,2,68.0,1,2,2.0,0,1.5,2.0,5.0,-3.0,-1.94,-2.76,Matches,5ad50391
453,Viktor Gyökeres,FW,se Sweden,28-043,1998,4,360.0,90.0,100.0,4.0,4,90.0,4,0,,0,1.0,7.0,10.0,-3.0,-0.75,,Matches,4d5a9185
454,Aziz Gʻaniyev,MF,uz Uzbekistan,28-145,1998,2,122.0,61.0,45.2,1.4,1,90.0,1,1,32.0,1,0.0,0.0,8.0,-8.0,-5.9,-5.29,Matches,0c492054
455,Erling Haaland,FW,no Norway,25-361,2000,5,465.0,93.0,81.6,5.2,5,93.0,4,0,,1,2.4,12.0,7.0,5.0,0.97,3.54,Matches,1f44ac21
456,Ihsan Haddad,DF,jo Jordan,32-162,1994,3,260.0,87.0,96.3,2.9,3,87.0,2,0,,0,0.0,3.0,7.0,-4.0,-1.38,7.62,Matches,85660a5d
457,Anis Hadj Moussa,MF,dz Algeria,24-156,2002,3,98.0,33.0,27.2,1.1,1,63.0,0,2,18.0,1,1.0,1.0,2.0,-1.0,-0.92,0.11,Matches,7bc7eef2
458,Jaouen Hadjam,DF,dz Algeria,23-113,2003,3,109.0,36.0,30.3,1.2,1,70.0,0,2,20.0,1,1.33,2.0,2.0,0.0,0.0,1.43,Matches,576817b7
459,Amir Hadžiahmetović,MF,ba Bosnia–Herz,29-131,1997,1,6.0,6.0,1.7,0.1,0,,0,1,6.0,3,0.0,1.0,2.0,-1.0,-15.0,-14.49,Matches,e8213ed3
460,Dennis Hadžikadunić,DF,ba Bosnia–Herz,28-008,1998,1,27.0,27.0,7.5,0.3,0,,0,1,27.0,3,3.0,1.0,0.0,1.0,3.33,4.41,Matches,82cfae2a
461,Karim Hafez,DF,eg Egypt,30-127,1996,3,172.0,57.0,35.8,1.9,2,85.0,1,1,3.0,2,0.67,3.0,4.0,-1.0,-0.52,-1.11,Matches,d2debf23
462,Ehsan Hajsafi,DF,ir IR Iran,36-142,1990,2,91.0,46.0,33.7,1.0,1,65.0,0,1,26.0,1,1.0,0.0,0.0,0.0,0.0,0.0,Matches,b060e3b8
463,Achraf Hakimi,DF,ma Morocco,27-255,1998,6,570.0,95.0,100.0,6.3,6,95.0,6,0,,0,1.83,10.0,6.0,4.0,0.63,,Matches,e42d61c7
464,Redouane Halhal,DF,ma Morocco,23-134,2003,2,180.0,90.0,31.6,2.0,2,90.0,2,0,,4,3.0,7.0,2.0,5.0,2.5,2.73,Matches,e17c2cec
465,Ali Al Hamadi,FW,iq Iraq,24-138,2002,3,180.0,60.0,66.7,2.0,2,58.0,0,1,65.0,0,0.0,1.0,6.0,-5.0,-2.5,3.5,Matches,8450467d
466,Abdullah Al-Hamdan,FW,sa Saudi Arabia,26-307,1999,3,71.0,24.0,26.3,0.8,0,,0,3,24.0,0,0.67,0.0,1.0,-1.0,-1.27,0.09,Matches,cc4b5436
467,Mohamed Amine Ben Hamida,DF,tn Tunisia,30-214,1995,3,202.0,67.0,74.8,2.2,2,79.0,1,1,45.0,0,0.0,2.0,10.0,-8.0,-3.56,-0.92,Matches,2a5e8f82
468,Odiljon Hamrobekov,MF,uz Uzbekistan,30-154,1996,2,77.0,39.0,28.5,0.9,1,45.0,0,1,32.0,1,0.0,0.0,6.0,-6.0,-7.01,-5.61,Matches,03f63e77
469,Lee Han-beom,DF,kr Korea Republic,24-030,2002,3,270.0,90.0,100.0,3.0,3,90.0,3,0,,0,1.0,2.0,3.0,-1.0,-0.33,,Matches,071f2dd3
470,Grant Hanley,DF,sct Scotland,34-239,1991,2,180.0,90.0,66.7,2.0,2,90.0,2,0,,1,1.5,1.0,1.0,0.0,0.0,3.0,Matches,e9254eec
471,Sontje Hansen,FW,cw Curaçao,24-060,2002,1,45.0,45.0,16.7,0.5,1,45.0,0,0,,2,0.0,1.0,3.0,-2.0,-4.0,-1.6,Matches,70bad10b
472,Mohamed Hany,DF,eg Egypt,30-173,1996,5,480.0,96.0,100.0,5.3,5,96.0,5,0,,0,1.2,8.0,7.0,1.0,0.19,,Matches,9bcf1513
473,Moteb Al-Harbi,DF,sa Saudi Arabia,26-147,2000,3,188.0,63.0,69.6,2.1,2,90.0,1,1,9.0,0,0.67,1.0,5.0,-4.0,-1.91,-1.91,Matches,1d88554c
474,Saleh Hardani,DF,ir IR Iran,27-203,1998,2,90.0,45.0,33.3,1.0,1,45.0,0,1,45.0,1,1.0,0.0,0.0,0.0,0.0,0.0,Matches,3a9b682b
475,Carlos Harvey,MF,pa Panama,26-164,2000,3,267.0,89.0,98.9,3.0,3,89.0,2,0,,0,0.0,0.0,4.0,-4.0,-1.35,-1.35,Matches,3f18600c
476,Akam Hashim,DF,iq Iraq,27-335,1998,3,270.0,90.0,100.0,3.0,3,90.0,3,0,,0,0.0,1.0,12.0,-11.0,-3.67,,Matches,f8416e89
477,Haissem Hassan,MF,eg Egypt,24-159,2002,2,126.0,63.0,26.3,1.4,1,72.0,0,1,54.0,3,0.5,2.0,0.0,2.0,1.43,1.68,Matches,e0979e74
478,Jalal Hassan,GK,iq Iraq,35-060,1991,2,135.0,68.0,50.0,1.5,1,90.0,1,1,45.0,1,0.0,1.0,8.0,-7.0,-4.67,-2.0,Matches,87351c2e
479,Abdulaziz Hatem,MF,qa Qatar,36-197,1990,1,45.0,45.0,16.7,0.5,0,,0,1,45.0,2,0.0,0.0,1.0,-1.0,-2.0,0.8,Matches,c5065ef8
480,Jorrel Hato,DF,nl Netherlands,20-132,2006,1,35.0,35.0,9.0,0.4,0,,0,1,35.0,3,1.0,0.0,1.0,-1.0,-2.57,-4.35,Matches,bde35051
481,Kai Havertz,FW,de Germany,27-036,1999,4,353.0,88.0,90.5,3.9,4,88.0,2,0,,0,1.75,10.0,4.0,6.0,1.53,1.53,Matches,fed7cb61
482,Tomoki Hayakawa,GK,jp Japan,27-136,1999,0,,,,,0,,0,0,,4,,,,,,,Matches,4a0023c9
483,Hassan Al-Haydos,MF,qa Qatar,35-218,1990,2,57.0,29.0,21.1,0.6,1,54.0,0,1,3.0,1,0.5,2.0,2.0,0.0,0.0,3.38,Matches,41bd6c64
484,Jan Paul van Hecke,DF,nl Netherlands,26-039,2000,4,390.0,98.0,100.0,4.3,4,98.0,4,0,,0,2.0,11.0,5.0,6.0,1.38,,Matches,4fd08daa
485,Hwang Hee-chan,FW,kr Korea Republic,30-172,1996,3,108.0,36.0,40.0,1.2,1,45.0,0,2,32.0,0,1.0,2.0,0.0,2.0,1.67,3.33,Matches,169fd162
486,Torbjørn Heggem,DF,no Norway,27-186,1999,5,443.0,89.0,77.7,4.9,5,89.0,3,0,,1,2.4,12.0,5.0,7.0,1.42,4.97,Matches,834fea76
487,Alaa Al Hejji,MF,sa Saudi Arabia,30-226,1995,2,32.0,16.0,11.9,0.4,0,,0,2,16.0,1,0.5,0.0,0.0,0.0,0.0,1.51,Matches,6d258576
488,Dean Henderson,GK,eng England,29-127,1997,0,,,,,0,,0,0,,7,,,,,,,Matches,e5a76dfe
489,Jordan Henderson,MF,eng England,36-030,1990,1,7.0,7.0,1.1,0.1,0,,0,1,7.0,5,3.0,3.0,2.0,1.0,12.86,12.17,Matches,935e6b8f
490,Jack Hendry,DF,sct Scotland,31-071,1995,3,270.0,90.0,100.0,3.0,3,90.0,3,0,,0,1.0,1.0,4.0,-3.0,-1.0,,Matches,ffed43e3
491,Luiz Henrique,FWMF,br Brazil,25-196,2001,1,29.0,29.0,6.4,0.3,0,,0,1,29.0,4,1.0,0.0,0.0,0.0,0.0,-1.28,Matches,8059806f
492,Lucas Hernández,DF,fr France,30-153,1996,0,,,,,0,,0,0,,7,,,,,,,Matches,c3ee18ef
493,Theo Hernández,DF,fr France,28-284,1997,4,212.0,53.0,33.7,2.4,2,90.0,2,2,16.0,3,2.25,7.0,2.0,5.0,2.12,0.62,Matches,d4c9725f
494,Lucas Herrington,DF,au Australia,18-315,2007,2,210.0,105.0,53.8,2.3,2,105.0,2,0,,2,1.0,1.0,1.0,0.0,0.0,0.0,Matches,6f808c85
495,Son Heung-min,FW,kr Korea Republic,34-009,1992,3,169.0,56.0,62.6,1.9,2,62.0,0,1,45.0,0,1.0,1.0,3.0,-2.0,-1.07,-1.96,Matches,92e7e919
496,Aaron Hickey,DF,sct Scotland,24-037,2002,1,74.0,74.0,27.4,0.8,1,74.0,0,0,,2,3.0,1.0,0.0,1.0,1.22,3.05,Matches,1780bb4a
497,Isak Hien,DF,se Sweden,27-185,1999,3,216.0,72.0,60.0,2.4,3,72.0,2,0,,0,1.33,6.0,6.0,0.0,0.0,1.87,Matches,12806697
498,Piero Hincapié,DF,ec Ecuador,24-189,2002,4,339.0,85.0,94.2,3.8,4,85.0,2,0,,0,1.0,1.0,4.0,-3.0,-0.8,-5.08,Matches,0c7a48f8
499,George Hirst,FW,sct Scotland,27-152,1999,0,,,,,0,,0,0,,3,,,,,,,Matches,78e87179
500,Adam Hložek,FW,cz Czechia,23-357,2002,3,156.0,52.0,57.8,1.7,2,65.0,0,1,27.0,0,0.33,1.0,4.0,-3.0,-1.73,-0.94,Matches,5521f419
501,Tomáš Holeš,DF,cz Czechia,33-108,1993,2,153.0,77.0,56.7,1.7,2,77.0,1,0,,1,0.5,1.0,3.0,-2.0,-1.18,0.36,Matches,e03c2d97
502,Lukáš Horníček,GK,cz Czechia,24-004,2002,0,,,,,0,,0,0,,3,,,,,,,Matches,cc8312b4
503,Hossein Hosseini,GK,ir IR Iran,34-017,1992,0,,,,,0,,0,0,,3,,,,,,,Matches,fb24817c
504,Amirhossein Hosseinzadeh,FW,ir IR Iran,25-260,2000,2,17.0,9.0,6.3,0.2,0,,0,2,9.0,1,1.0,0.0,0.0,0.0,0.0,0.0,Matches,47270f0c
505,Robin Hranáč,DF,cz Czechia,26-169,2000,3,270.0,90.0,100.0,3.0,3,90.0,3,0,,0,0.33,2.0,6.0,-4.0,-1.33,,Matches,95d5aea2
506,Ajdin Hrustic,MF,au Australia,30-012,1996,2,80.0,40.0,20.5,0.9,0,,0,2,40.0,2,1.0,0.0,0.0,0.0,0.0,0.0,Matches,1f2d714c
507,César Huerta,FWMF,mx Mexico,25-226,2000,1,7.0,7.0,1.6,0.1,0,,0,1,7.0,4,3.0,0.0,0.0,0.0,0.0,-1.42,Matches,de2f44ce
508,Al-Hashmi Al-Hussain,MF,qa Qatar,22-336,2003,1,32.0,32.0,11.9,0.4,0,,0,1,32.0,2,0.0,0.0,3.0,-3.0,-8.44,-6.55,Matches,c164fda2
509,Ayman Hussein,FW,iq Iraq,30-117,1996,2,115.0,58.0,42.6,1.3,2,58.0,1,0,,1,0.0,1.0,5.0,-4.0,-3.13,0.93,Matches,8b574de7
510,Dominic Hyam,DF,sct Scotland,30-209,1995,0,,,,,0,,0,0,,3,,,,,,,Matches,ce95958a
511,Oh Hyeon-gyu,FW,kr Korea Republic,25-096,2001,3,129.0,43.0,47.8,1.4,1,73.0,0,2,28.0,0,1.0,1.0,1.0,0.0,0.0,0.64,Matches,d25422fb
512,Jo Hyeon-woo,GK,kr Korea Republic,34-295,1991,0,,,,,0,,0,0,,3,,,,,,,Matches,c75a3145
513,Yang Hyun-jun,FWMF,kr Korea Republic,24-053,2002,1,20.0,20.0,7.4,0.2,0,,0,1,20.0,2,0.0,0.0,0.0,0.0,0.0,0.36,Matches,f4cda99f
514,Roger Ibanez,DF,br Brazil,27-236,1998,1,45.0,45.0,10.0,0.5,1,45.0,0,0,,4,1.0,1.0,1.0,0.0,0.0,-1.33,Matches,82efe6fa
515,Yasser Ibrahim,DF,eg Egypt,33-157,1993,5,467.0,93.0,97.3,5.2,4,98.0,4,1,77.0,0,1.2,7.0,6.0,1.0,0.19,0.19,Matches,0b89ad1b
516,Borja Iglesias,FW,es Spain,33-181,1993,1,1.0,1.0,0.2,0.0,0,,0,1,1.0,6,3.0,0.0,0.0,0.0,0.0,-1.72,Matches,75645f0e
517,Hwang In-beom,MF,kr Korea Republic,29-300,1996,3,263.0,88.0,97.4,2.9,3,88.0,2,0,,0,1.0,2.0,3.0,-1.0,-0.34,-0.34,Matches,92fa5d28
518,Gonçalo Inácio,DF,pt Portugal,24-326,2001,0,,,,,0,,0,0,,5,,,,,,,Matches,33651873
519,Christ Inao Oulaï,MF,ci Côte d'Ivoire,20-102,2006,4,208.0,52.0,57.8,2.3,2,75.0,1,2,30.0,0,1.5,3.0,3.0,0.0,0.0,-0.59,Matches,62709ee4
520,Zidane Iqbal,MF,iq Iraq,23-081,2003,3,188.0,63.0,69.6,2.1,2,78.0,1,1,32.0,0,0.0,0.0,8.0,-8.0,-3.83,-0.54,Matches,6fa3c28e
521,Nestory Irankunda,FWMF,au Australia,20-158,2006,4,261.0,65.0,66.9,2.9,3,72.0,0,1,45.0,0,1.25,2.0,1.0,1.0,0.34,1.04,Matches,4ac730b2
522,Jackson Irvine,MF,au Australia,33-132,1993,4,223.0,56.0,57.2,2.5,2,102.0,1,2,10.0,0,1.25,1.0,1.0,0.0,0.0,0.0,Matches,4637747c
523,Alexander Isak,FW,se Sweden,26-299,1999,4,357.0,89.0,99.2,4.0,4,89.0,2,0,,0,1.0,6.0,10.0,-4.0,-1.01,-31.01,Matches,8e92be30
524,Wilson Isidor,FW,ht Haiti,25-324,2000,3,186.0,62.0,68.9,2.1,2,71.0,0,1,45.0,0,0.0,2.0,3.0,-1.0,-0.48,4.87,Matches,a671316d
525,Jamshid Iskanderov,FWMF,uz Uzbekistan,32-274,1993,1,9.0,9.0,3.3,0.1,0,,0,1,9.0,2,0.0,0.0,1.0,-1.0,-10.0,-7.24,Matches,3b8abe7c
526,Zaid Ismail,MF,iq Iraq,24-195,2002,2,117.0,59.0,43.3,1.3,2,59.0,0,0,,1,0.0,1.0,4.0,-3.0,-2.31,2.4,Matches,c65effaa
527,Ko Itakura,DF,jp Japan,29-171,1997,2,128.0,64.0,35.6,1.4,2,64.0,1,0,,2,2.0,4.0,0.0,4.0,2.81,3.2,Matches,97d545ae
528,Jacob Italiano,DF,au Australia,24-352,2001,2,163.0,82.0,41.8,1.8,2,82.0,1,0,,0,1.5,1.0,2.0,-1.0,-0.55,-0.95,Matches,2eb0ee9a
529,Hiroki Ito,DF,jp Japan,27-066,1999,4,360.0,90.0,100.0,4.0,4,90.0,4,0,,0,1.25,8.0,5.0,3.0,0.75,,Matches,204dded0
530,Junya Itō,MF,jp Japan,33-130,1993,4,216.0,54.0,60.0,2.4,2,84.0,1,2,25.0,0,1.25,6.0,1.0,5.0,2.08,3.33,Matches,dbd3a428
531,Cedric Itten,FWMF,ch Switzerland,29-202,1996,3,42.0,14.0,7.0,0.5,0,,0,3,14.0,3,2.33,2.0,1.0,1.0,2.14,1.66,Matches,ef233486
532,Paul Izzo,GK,au Australia,31-192,1995,0,,,,,0,,0,0,,4,,,,,,,Matches,f3c4d6ac
533,Nicolas Jackson,FW,sn Senegal,25-027,2001,4,234.0,59.0,60.0,2.6,2,86.0,1,2,31.0,0,0.75,5.0,6.0,-1.0,-0.38,-1.54,Matches,9c36ed83
534,Lee Jae-sung,FW,kr Korea Republic,33-341,1992,2,117.0,59.0,43.3,1.3,2,59.0,0,0,,1,1.5,0.0,2.0,-2.0,-1.54,-2.13,Matches,34b0387f
535,Alireza Jahanbakhsh,FWMF,ir IR Iran,32-340,1993,2,46.0,23.0,17.0,0.5,0,,0,2,23.0,1,1.0,0.0,0.0,0.0,0.0,0.0,Matches,08452314
536,Kristijan Jakić,DFMF,hr Croatia,29-064,1997,0,,,,,0,,0,0,,4,,,,,,,Matches,a8ee54ad
537,Ismail Jakobs,DF,sn Senegal,26-334,1999,3,219.0,73.0,56.2,2.4,2,91.0,1,1,37.0,1,1.0,8.0,3.0,5.0,2.05,4.16,Matches,a0415710
538,Reece James,DF,eng England,26-221,1999,4,311.0,78.0,47.1,3.5,3,87.0,2,1,50.0,2,1.75,6.0,2.0,4.0,1.16,0.64,Matches,1265a93a
539,Amer Jamous,MF,jo Jordan,24-014,2002,1,15.0,15.0,5.6,0.2,0,,0,1,15.0,2,0.0,0.0,1.0,-1.0,-6.0,-4.59,Matches,32d4f1e1
540,Tahsin Jamshid,FW,qa Qatar,20-031,2006,0,,,,,0,,0,0,,3,,,,,,,Matches,efdcf1c7
541,Luca Jaquez,DF,ch Switzerland,23-045,2003,2,78.0,39.0,13.0,0.9,1,73.0,0,1,5.0,2,3.0,4.0,1.0,3.0,3.46,3.29,Matches,a400da8e
542,Ardon Jashari,MF,ch Switzerland,23-352,2002,3,72.0,24.0,12.0,0.8,1,45.0,0,2,14.0,3,0.67,0.0,3.0,-3.0,-3.75,-4.94,Matches,889588db
543,Ali Jasim,MF,iq Iraq,22-178,2004,2,129.0,65.0,47.8,1.4,2,65.0,0,0,,1,0.0,1.0,4.0,-3.0,-2.09,3.01,Matches,1a927a6f
544,Danley Jean-Jacques,MF,ht Haiti,26-058,2000,3,259.0,86.0,95.9,2.9,3,86.0,2,0,,0,0.0,2.0,7.0,-5.0,-1.74,6.44,Matches,59fcbd6d
545,Eom Ji-sung,MF,kr Korea Republic,24-069,2002,2,42.0,21.0,15.6,0.5,0,,0,2,21.0,1,1.5,1.0,0.0,1.0,2.14,2.93,Matches,3a049da1
546,Raúl Jiménez,FW,mx Mexico,35-073,1991,4,317.0,79.0,70.4,3.5,4,79.0,1,0,,1,2.25,7.0,3.0,4.0,1.14,-0.89,Matches,b561db50
547,Kim Jin-gyu,MF,kr Korea Republic,29-143,1997,2,52.0,26.0,19.3,0.6,0,,0,2,26.0,1,1.5,0.0,1.0,-1.0,-1.73,-1.73,Matches,7c0479b1
548,Park Jinseob,DFMF,kr Korea Republic,30-267,1995,2,32.0,16.0,11.9,0.4,0,,0,2,16.0,1,1.5,0.0,0.0,0.0,0.0,0.38,Matches,3316967a
549,Ruslanbek Jiyanov,FW,uz Uzbekistan,25-042,2001,1,1.0,1.0,0.4,0.0,0,,0,1,1.0,2,0.0,0.0,0.0,0.0,0.0,3.01,Matches,3c181746
550,Ziyad Al Johani,MF,sa Saudi Arabia,24-248,2001,0,,,,,0,,0,0,,3,,,,,,,Matches,ac0a9132
551,Herman Johansson,MF,se Sweden,28-274,1997,0,,,,,0,,0,0,,4,,,,,,,Matches,6f864562
552,Viktor Johansson,GK,se Sweden,27-306,1998,0,,,,,0,,0,0,,4,,,,,,,Matches,e4a588a7
553,Alistair Johnston,DF,ca Canada,27-282,1998,5,450.0,90.0,100.0,5.0,5,90.0,5,0,,0,1.4,9.0,6.0,3.0,0.6,,Matches,4fb17e20
554,Alfie Jones,DFMF,ca Canada,28-283,1997,0,,,,,0,,0,0,,3,,,,,,,Matches,e5c107a1
555,Frenkie de Jong,MF,nl Netherlands,29-066,1997,4,328.0,82.0,84.1,3.6,4,82.0,1,0,,0,2.0,10.0,5.0,5.0,1.37,-0.08,Matches,1bacc518
556,Lenny Joseph,FW,ht Haiti,25-278,2000,3,117.0,39.0,43.3,1.3,1,82.0,0,2,18.0,0,0.0,2.0,3.0,-1.0,-0.77,2.17,Matches,d1828392
557,Bae Jun-ho,FWMF,kr Korea Republic,22-330,2003,0,,,,,0,,0,0,,3,,,,,,,Matches,0895ffb1
558,Edmilson Junior,MFFW,qa Qatar,31-332,1994,3,210.0,70.0,77.8,2.3,3,70.0,0,0,,0,0.33,1.0,6.0,-5.0,-2.14,2.36,Matches,620764f4
559,Vinicius Júnior,FW,br Brazil,26-005,2000,5,440.0,88.0,97.8,4.9,5,88.0,4,0,,0,2.0,10.0,4.0,6.0,1.23,1.23,Matches,7111d552
560,David Jurásek,DFMF,cz Czechia,25-344,2000,0,,,,,0,,0,0,,1,,,,,,,Matches,d7a03bf3
561,Mladen Jurkas,GK,ba Bosnia–Herz,18-283,2007,0,,,,,0,,0,0,,4,,,,,,,Matches,4cf89690
562,Elijah Just,MF,nz New Zealand,26-077,2000,3,264.0,88.0,97.8,2.9,3,88.0,2,0,,0,0.33,4.0,10.0,-6.0,-2.05,-2.05,Matches,0c295d6e
563,Musab Al Juwayr,MFFW,sa Saudi Arabia,23-027,2003,3,152.0,51.0,56.3,1.7,2,54.0,0,1,45.0,0,0.67,1.0,3.0,-2.0,-1.18,0.34,Matches,62592fc1
564,Ayoub El Kaabi,FW,ma Morocco,33-021,1993,1,69.0,69.0,12.1,0.8,1,69.0,0,0,,5,3.0,2.0,2.0,0.0,0.0,-0.72,Matches,b1bfd1d4
565,Ozan Kabak,DF,tr Türkiye,26-114,2000,1,90.0,90.0,33.3,1.0,1,90.0,1,0,,2,3.0,3.0,2.0,1.0,1.0,2.5,Matches,2d61d13a
566,Samukele Kabini,DF,za South Africa,22-124,2004,0,,,,,0,,0,0,,4,,,,,,,Matches,70b480d3
567,Hassan Kadesh,DF,sa Saudi Arabia,33-314,1992,0,,,,,0,,0,0,,3,,,,,,,Matches,7165f2e9
568,Ferdi Kadioglu,DF,tr Türkiye,26-283,1999,2,159.0,80.0,58.9,1.8,2,80.0,1,0,,1,0.0,0.0,3.0,-3.0,-1.7,-2.51,Matches,66c52a77
569,Kaku,MF,py Paraguay,31-187,1995,1,11.0,11.0,2.3,0.1,0,,0,1,11.0,4,0.0,0.0,1.0,-1.0,-8.18,-7.8,Matches,cb01ad74
570,Gaël Kakuta,FWMF,cd Congo DR,35-026,1991,0,,,,,0,,0,0,,4,,,,,,,Matches,5b1bf5e3
571,Saša Kalajdžić,FW,at Austria,29-010,1997,3,77.0,26.0,21.4,0.9,1,45.0,0,2,16.0,1,1.33,2.0,2.0,0.0,0.0,0.95,Matches,15f24fe7
572,Gédéon Kalulu,DF,cd Congo DR,28-322,1997,1,6.0,6.0,1.7,0.1,0,,0,1,6.0,3,1.0,0.0,0.0,0.0,0.0,0.0,Matches,dd211559
573,Daichi Kamada,MF,jp Japan,29-346,1996,4,329.0,82.0,91.4,3.7,4,82.0,2,0,,0,1.25,7.0,4.0,3.0,0.82,0.82,Matches,15b287da
574,Hossein Kanaanizadegan,DF,ir IR Iran,32-116,1994,2,135.0,68.0,50.0,1.5,2,68.0,1,0,,1,1.0,1.0,1.0,0.0,0.0,0.0,Matches,24353c25
575,Harry Kane,FW,eng England,32-354,1993,7,652.0,93.0,98.8,7.2,7,93.0,5,0,,0,2.29,14.0,8.0,6.0,0.83,0.83,Matches,21a66f6a
576,Lee Kang-in,FW,kr Korea Republic,25-148,2001,3,270.0,90.0,100.0,3.0,3,90.0,3,0,,0,1.0,2.0,3.0,-1.0,-0.33,,Matches,8455ad90
577,Mohamed Kanno,MF,sa Saudi Arabia,31-298,1994,3,225.0,75.0,83.3,2.5,2,90.0,2,1,45.0,0,0.67,1.0,2.0,-1.0,-0.4,5.6,Matches,74ccf212
578,N'Golo Kanté,MF,fr France,35-110,1991,0,,,,,0,,0,0,,7,,,,,,,Matches,b9fbae28
579,Steve Kapuadi,DF,cd Congo DR,28-078,1998,2,180.0,90.0,50.0,2.0,2,90.0,2,0,,2,0.5,1.0,2.0,-1.0,-0.5,-1.0,Matches,3f3c941a
580,Bekhruz Karimov,DF,uz Uzbekistan,18-344,2007,2,179.0,90.0,66.3,2.0,2,90.0,1,0,,1,0.0,1.0,8.0,-7.0,-3.52,-1.54,Matches,74cdaeba
581,Jesper Karlström,MF,se Sweden,31-026,1995,2,138.0,69.0,38.3,1.5,2,69.0,0,0,,2,1.5,4.0,5.0,-1.0,-0.65,0.16,Matches,e0a1f4eb
582,Ahmed Al-Kassar,GK,sa Saudi Arabia,35-070,1991,0,,,,,0,,0,0,,3,,,,,,,Matches,eedb42fd
583,Gervane Kastaneer,FWMF,cw Curaçao,30-038,1996,3,30.0,10.0,11.1,0.3,0,,0,3,10.0,0,0.33,0.0,1.0,-1.0,-3.0,-0.38,Matches,0c142e14
584,Nikola Katić,DF,ba Bosnia–Herz,29-280,1996,4,317.0,79.0,88.1,3.5,4,79.0,2,0,,0,1.0,4.0,7.0,-3.0,-0.85,-0.85,Matches,35bd124a
585,Edo Kayembe,MF,cd Congo DR,28-044,1998,3,160.0,53.0,44.4,1.8,2,73.0,0,1,15.0,1,0.33,1.0,2.0,-1.0,-0.56,-1.01,Matches,f99b71de
586,Joris Kayembe,DFFW,cd Congo DR,31-343,1994,4,45.0,11.0,12.5,0.5,0,,0,4,11.0,0,1.0,1.0,1.0,0.0,0.0,0.0,Matches,4657faba
587,Marvin Keller,GK,ch Switzerland,24-014,2002,0,,,,,0,,0,0,,6,,,,,,,Matches,80d5345f
588,Liam Kelly,GK,sct Scotland,30-175,1996,0,,,,,0,,0,0,,3,,,,,,,Matches,d8c74957
589,Franck Kessié,MF,ci Côte d'Ivoire,29-210,1996,4,346.0,87.0,96.1,3.8,4,87.0,3,0,,0,1.5,5.0,4.0,1.0,0.26,0.26,Matches,05e19d6a
590,Abdullah Al-Khaibari,MF,sa Saudi Arabia,29-335,1996,3,180.0,60.0,66.7,2.0,3,60.0,1,0,,0,0.67,1.0,4.0,-3.0,-1.5,-0.5,Matches,ab47ae1c
591,Shoja' Khalilzadeh,DF,ir IR Iran,37-064,1989,3,270.0,90.0,100.0,3.0,3,90.0,3,0,,0,1.0,3.0,3.0,0.0,0.0,,Matches,0aed29f1
592,Dostonbek Khamdamov,MF,uz Uzbekistan,29-358,1996,2,103.0,52.0,38.1,1.1,1,58.0,0,1,45.0,1,0.0,2.0,2.0,0.0,0.0,4.85,Matches,d2dd2ffb
593,Bilal El Khannouss,MFFW,ma Morocco,22-068,2004,6,461.0,77.0,80.9,5.1,6,77.0,1,0,,0,1.83,7.0,5.0,2.0,0.39,-1.26,Matches,f7042636
594,Rani Khedira,MF,tn Tunisia,32-171,1994,3,149.0,50.0,55.2,1.7,2,74.0,0,1,1.0,0,0.0,2.0,6.0,-4.0,-2.42,2.05,Matches,59e4b92e
595,Boualem Khoukhi,DF,qa Qatar,36-008,1990,3,270.0,90.0,100.0,3.0,3,90.0,3,0,,0,0.33,2.0,10.0,-8.0,-2.67,,Matches,7be5ad52
596,Abdukodir Khusanov,DF,uz Uzbekistan,22-138,2004,3,270.0,90.0,100.0,3.0,3,90.0,3,0,,0,0.0,2.0,11.0,-9.0,-3.0,,Matches,d17ce930
597,Joshua Kimmich,DF,de Germany,31-159,1995,4,351.0,88.0,90.0,3.9,4,88.0,2,0,,0,1.75,10.0,4.0,6.0,1.54,1.54,Matches,49296448
598,Justin Kluivert,FWMF,nl Netherlands,27-073,1999,2,27.0,14.0,6.9,0.3,0,,0,2,14.0,2,2.0,0.0,0.0,0.0,0.0,-1.49,Matches,4c3a6744
599,Gregor Kobel,GK,ch Switzerland,28-223,1997,6,600.0,100.0,100.0,6.7,6,100.0,6,0,,0,1.83,10.0,6.0,4.0,0.6,,Matches,cd59b9df
600,Orkun Kökçü,MF,tr Türkiye,25-200,2000,3,153.0,51.0,56.7,1.7,2,74.0,0,1,5.0,0,1.0,2.0,3.0,-1.0,-0.59,0.18,Matches,9bf914b4
601,Sead Kolašinac,DF,ba Bosnia–Herz,33-027,1993,4,337.0,84.0,93.6,3.7,4,84.0,2,0,,0,1.0,5.0,7.0,-2.0,-0.53,3.38,Matches,3935e52e
602,Ghislain Konan,DF,ci Côte d'Ivoire,30-202,1995,3,269.0,90.0,74.7,3.0,3,90.0,2,0,,1,1.0,3.0,4.0,-1.0,-0.33,-2.31,Matches,6b2c894b
603,Ibrahima Konaté,DF,fr France,27-053,1999,1,15.0,15.0,2.4,0.2,0,,0,1,15.0,6,3.0,1.0,0.0,1.0,6.0,4.39,Matches,5ed9b537
604,Ismaël Koné,MF,ca Canada,24-031,2002,2,146.0,73.0,32.4,1.6,2,73.0,1,0,,0,2.0,4.0,1.0,3.0,1.85,1.85,Matches,e0220b70
605,Manu Koné,MF,fr France,25-061,2001,5,385.0,77.0,61.1,4.3,4,85.0,3,1,45.0,2,2.4,10.0,2.0,8.0,1.87,0.4,Matches,86574238
606,Mohamed Koné,GK,ci Côte d'Ivoire,24-132,2002,0,,,,,0,,0,0,,4,,,,,,,Matches,24f1fe8c
607,Ezri Konsa,DF,eng England,28-267,1997,7,557.0,80.0,84.4,6.2,6,90.0,5,1,19.0,0,2.29,12.0,8.0,4.0,0.65,-1.1,Matches,0313a347
608,Teun Koopmeiners,DFMF,nl Netherlands,28-139,1998,4,122.0,31.0,31.3,1.4,0,,0,4,31.0,0,2.0,2.0,2.0,0.0,0.0,-2.01,Matches,a26fb8aa
609,Odilon Kossounou,DF,ci Côte d'Ivoire,25-194,2001,4,272.0,68.0,75.6,3.0,3,90.0,3,1,2.0,0,1.5,5.0,4.0,1.0,0.33,0.33,Matches,1f3afdcb
610,Dominik Kotarski,GK,hr Croatia,26-157,2000,0,,,,,0,,0,0,,4,,,,,,,Matches,b298716e
611,Kalidou Koulibaly,DF,sn Senegal,35-027,1991,2,161.0,81.0,41.3,1.8,2,81.0,1,0,,2,0.0,2.0,6.0,-4.0,-2.24,-4.2,Matches,da974c7b
612,Jules Koundé,DF,fr France,27-247,1998,7,598.0,85.0,94.9,6.6,7,85.0,3,0,,0,2.57,15.0,4.0,11.0,1.66,-1.16,Matches,4d1666ff
613,Mateo Kovačić,MF,hr Croatia,32-072,1994,4,270.0,68.0,75.0,3.0,3,79.0,0,1,33.0,0,1.5,3.0,3.0,0.0,0.0,1.0,Matches,79c0821a
614,Matej Kovar,GK,cz Czechia,26-061,2000,3,270.0,90.0,100.0,3.0,3,90.0,3,0,,0,0.33,2.0,6.0,-4.0,-1.33,,Matches,bc67a0e1
615,Andrej Kramarić,FWMF,hr Croatia,35-028,1991,3,59.0,20.0,16.4,0.7,0,,0,3,20.0,1,1.0,1.0,1.0,0.0,0.0,0.3,Matches,603cb947
616,Ladislav Krejčí,DF,cz Czechia,27-088,1999,3,270.0,90.0,100.0,3.0,3,90.0,3,0,,0,0.33,2.0,6.0,-4.0,-1.33,,Matches,5b5c2228
617,Takefusa Kubo,MF,jp Japan,25-043,2001,1,74.0,74.0,20.6,0.8,1,74.0,0,0,,1,1.0,1.0,2.0,-1.0,-1.22,-2.47,Matches,16aa3654
618,Jan Kuchta,FW,cz Czechia,29-190,1997,0,,,,,0,,0,0,,3,,,,,,,Matches,4bce9c16
619,Brandley Kuwas,FWMF,cw Curaçao,33-301,1992,1,1.0,1.0,0.4,0.0,0,,0,1,1.0,2,0.0,0.0,0.0,0.0,0.0,2.68,Matches,42c94967
620,Prince Kwabena Adu,FW,gh Ghana,22-297,2003,3,39.0,13.0,10.8,0.4,0,,0,3,13.0,1,1.33,1.0,0.0,1.0,2.31,2.87,Matches,36bdd145
621,Duke Lacroix,DFFW,ht Haiti,32-276,1993,0,,,,,0,,0,0,,3,,,,,,,Matches,bce0d6f6
622,Maxence Lacroix,DF,fr France,26-102,2000,2,151.0,76.0,24.0,1.7,1,90.0,1,1,61.0,5,1.5,4.0,2.0,2.0,1.19,-0.69,Matches,277c49ed
623,Alban Lafont,GK,ci Côte d'Ivoire,27-175,1999,0,,,,,0,,0,0,,4,,,,,,,Matches,4e7db402
624,Gustaf Lagerbielke,DF,se Sweden,26-098,2000,4,360.0,90.0,100.0,4.0,4,90.0,4,0,,0,1.0,7.0,10.0,-3.0,-0.75,,Matches,9e39fa2d
625,Konrad Laimer,MFDF,at Austria,29-051,1997,4,360.0,90.0,100.0,4.0,4,90.0,4,0,,0,1.0,6.0,9.0,-3.0,-0.75,,Matches,c1b7847c
626,Ali Lajami,DF,sa Saudi Arabia,30-084,1996,3,149.0,50.0,55.2,1.7,1,90.0,1,2,30.0,0,0.67,0.0,4.0,-4.0,-2.42,-2.42,Matches,46f7ab4f
627,Senne Lammens,GK,be Belgium,24-010,2002,1,20.0,20.0,3.5,0.2,0,,0,1,20.0,5,0.0,0.0,1.0,-1.0,-4.5,-5.81,Matches,8e6d2fcd
628,Noa Lang,FWMF,nl Netherlands,27-030,1999,2,8.0,4.0,2.1,0.1,0,,0,2,4.0,2,3.0,0.0,0.0,0.0,0.0,-1.41,Matches,8e034340
629,Sondre Langås,DF,no Norway,25-165,2001,1,25.0,25.0,4.4,0.3,0,,0,1,25.0,5,0.0,0.0,1.0,-1.0,-3.6,-4.1,Matches,107e4890
630,Aymeric Laporte,DF,es Spain,32-051,1994,7,629.0,90.0,99.8,7.0,7,90.0,6,0,,0,2.71,13.0,1.0,12.0,1.72,1.72,Matches,119b9a8e
631,Cyle Larin,FW,ca Canada,31-091,1995,4,190.0,48.0,42.2,2.1,2,74.0,1,2,22.0,1,1.0,7.0,4.0,3.0,1.42,1.42,Matches,e7af9060
632,Richie Laryea,DF,ca Canada,31-191,1995,5,429.0,86.0,95.3,4.8,5,86.0,3,0,,0,1.4,9.0,4.0,5.0,1.05,9.62,Matches,276fdbe4
633,Mohanad Lasheen,MF,eg Egypt,30-049,1996,4,359.0,90.0,74.8,4.0,4,90.0,3,0,,0,1.25,7.0,5.0,2.0,0.5,1.25,Matches,8c041c7d
634,Issa Laye,MFDF,qa Qatar,28-207,1997,3,270.0,90.0,100.0,3.0,3,90.0,3,0,,0,0.33,2.0,10.0,-8.0,-2.67,,Matches,c078667a
635,Rafael Leão,MF,pt Portugal,27-037,1999,5,158.0,32.0,35.1,1.8,1,90.0,1,4,17.0,0,1.6,3.0,2.0,1.0,0.57,-0.66,Matches,20730eae
636,Mathew Leckie,MF,au Australia,35-163,1991,1,60.0,60.0,15.4,0.7,1,60.0,0,0,,1,0.0,0.0,2.0,-2.0,-3.0,-3.55,Matches,b93b7882
637,Jefferson Lerma,MF,co Colombia,31-265,1994,5,410.0,82.0,85.4,4.6,5,82.0,3,0,,0,2.2,5.0,1.0,4.0,0.88,0.88,Matches,9b5ce51a
638,Jamie Leweling,FWMF,de Germany,25-141,2001,1,31.0,31.0,7.9,0.3,0,,0,1,31.0,3,3.0,2.0,0.0,2.0,5.81,4.8,Matches,13fe7b69
639,Philipp Lienhart,DF,at Austria,30-006,1996,2,180.0,90.0,50.0,2.0,2,90.0,2,0,,2,2.0,6.0,4.0,2.0,1.0,3.5,Matches,302527b2
640,Victor Lindelöf,DFMF,se Sweden,32-000,1994,4,356.0,89.0,98.9,4.0,4,89.0,3,0,,0,1.0,7.0,10.0,-3.0,-0.76,-0.76,Matches,f5deef4c
641,Erik Lira,MF,mx Mexico,26-070,2000,4,345.0,86.0,76.7,3.8,4,86.0,3,0,,1,2.25,7.0,3.0,4.0,1.04,-1.53,Matches,7b2c24ed
642,Dominik Livaković,GK,hr Croatia,31-189,1995,4,360.0,90.0,100.0,4.0,4,90.0,4,0,,0,1.5,6.0,7.0,-1.0,-0.25,,Matches,58f077c0
643,Dailon Livramento,FW,cv Cabo Verde,25-074,2001,3,174.0,58.0,44.6,1.9,2,60.0,0,1,54.0,1,0.67,1.0,2.0,-1.0,-0.52,-0.52,Matches,c115db1e
644,Dejan Ljubičić,MF,at Austria,28-282,1997,0,,,,,0,,0,0,,4,,,,,,,Matches,c455a2b2
645,Marcos Llorente,DF,es Spain,31-168,1995,3,187.0,62.0,29.7,2.1,2,90.0,2,1,7.0,4,2.33,1.0,0.0,1.0,0.48,-1.75,Matches,02c15616
646,Giovani Lo Celso,MF,ar Argentina,30-099,1996,1,59.0,59.0,8.6,0.7,1,59.0,0,0,,6,3.0,2.0,1.0,1.0,1.53,-0.04,Matches,d7553721
647,Jürgen Locadia,FW,cw Curaçao,32-252,1993,3,235.0,78.0,87.0,2.6,3,78.0,0,0,,0,0.33,1.0,6.0,-5.0,-1.91,5.8,Matches,6cc47ae1
648,Azarías Londoño,MF,pa Panama,25-026,2001,3,56.0,19.0,20.7,0.6,0,,0,3,19.0,0,0.0,0.0,1.0,-1.0,-1.61,-0.35,Matches,31d68775
649,Sidny Lopes Cabral,DF,cv Cabo Verde,23-302,2002,3,285.0,95.0,73.1,3.2,3,95.0,2,0,,0,0.67,4.0,5.0,-1.0,-0.32,-0.32,Matches,20700569
650,Flaco López,FW,ar Argentina,25-223,2000,2,20.0,10.0,2.9,0.2,0,,0,2,10.0,5,3.0,2.0,0.0,2.0,9.0,7.66,Matches,e1426a52
651,Derrick Luckassen,DF,gh Ghana,31-014,1995,2,180.0,90.0,50.0,2.0,2,90.0,2,0,,2,0.0,1.0,3.0,-2.0,-1.0,-1.5,Matches,30a09cb5
652,Jhon Lucumí,DF,co Colombia,28-021,1998,5,478.0,96.0,99.6,5.3,5,96.0,4,0,,0,2.2,5.0,1.0,4.0,0.75,0.75,Matches,80490d7f
653,José Luis Rodríguez,MFFW,pa Panama,28-028,1998,3,233.0,78.0,86.3,2.6,3,78.0,1,0,,0,0.0,0.0,3.0,-3.0,-1.16,1.27,Matches,b333b014
654,Romelu Lukaku,FW,be Belgium,33-065,1993,6,233.0,39.0,40.9,2.6,1,72.0,0,5,32.0,0,1.83,6.0,2.0,4.0,1.55,0.74,Matches,5eae500a
655,Dodi Lukebakio,MF,be Belgium,28-296,1997,3,164.0,55.0,28.8,1.8,1,66.0,0,2,49.0,3,2.33,6.0,1.0,5.0,2.74,2.3,Matches,0c61c77c
656,Jovo Lukić,FW,ba Bosnia–Herz,27-231,1998,2,67.0,34.0,18.6,0.7,1,61.0,0,1,6.0,2,0.5,2.0,2.0,0.0,0.0,0.92,Matches,a2056e82
657,Awer Mabil,FWMF,au Australia,30-305,1995,1,30.0,30.0,7.7,0.3,0,,0,1,30.0,3,1.0,0.0,0.0,0.0,0.0,0.0,Matches,922da988
658,Alexis Mac Allister,MF,ar Argentina,27-205,1998,7,630.0,90.0,91.3,7.0,6,100.0,6,1,30.0,0,3.0,17.0,6.0,11.0,1.57,0.07,Matches,83d074ff
659,Deiver Machado,DF,co Colombia,32-318,1993,1,90.0,90.0,18.8,1.0,1,90.0,1,0,,4,1.0,0.0,0.0,0.0,0.0,-0.92,Matches,b3f8bdef
660,Shuto Machino,FW,jp Japan,26-290,1999,1,13.0,13.0,3.6,0.1,0,,0,1,13.0,2,0.0,0.0,1.0,-1.0,-6.92,-7.96,Matches,964dde35
661,Assim Madibo,MF,qa Qatar,29-268,1996,2,131.0,66.0,48.5,1.5,2,66.0,0,0,,0,0.5,0.0,4.0,-4.0,-2.75,-0.16,Matches,2b1d2ada
662,Noni Madueke,MF,eng England,24-129,2002,5,286.0,57.0,43.3,3.2,4,65.0,0,1,28.0,2,2.6,5.0,4.0,1.0,0.31,-0.89,Matches,bf34eebd
663,Daizen Maeda,MF,jp Japan,28-270,1997,3,244.0,81.0,67.8,2.7,3,81.0,1,0,,1,0.67,3.0,4.0,-1.0,-0.37,-3.47,Matches,395451fc
664,Gabriel Magalhães,DF,br Brazil,28-210,1997,5,450.0,90.0,100.0,5.0,5,90.0,5,0,,0,2.0,10.0,4.0,6.0,1.2,,Matches,67ac5bb8
665,El Mahdy Soliman,GK,eg Egypt,39-039,1987,0,,,,,0,,0,0,,5,,,,,,,Matches,1633cc1f
666,Ermin Mahmić,MF,ba Bosnia–Herz,21-125,2005,3,68.0,23.0,18.9,0.8,0,,0,3,23.0,1,1.0,2.0,2.0,0.0,0.0,0.92,Matches,86e34165
667,Hadj Mahmoud,MF,tn Tunisia,26-084,2000,2,43.0,22.0,15.9,0.5,0,,0,2,22.0,1,0.0,0.0,2.0,-2.0,-4.19,-1.01,Matches,081048c2
668,Riyad Mahrez,MF,dz Algeria,35-146,1991,4,262.0,66.0,72.8,2.9,3,78.0,1,1,27.0,0,1.0,4.0,7.0,-3.0,-1.03,-0.11,Matches,892d5bb1
669,Alexandro Maidana,DF,py Paraguay,20-356,2005,2,55.0,28.0,11.5,0.6,1,45.0,0,1,10.0,3,2.0,0.0,0.0,0.0,0.0,0.64,Matches,4d0d5020
670,Mike Maignan,GK,fr France,31-014,1995,7,630.0,90.0,100.0,7.0,7,90.0,7,0,,0,2.57,16.0,4.0,12.0,1.71,,Matches,fcb38f57
671,Kobbie Mainoo,MF,eng England,21-089,2005,0,,,,,0,,0,0,,7,,,,,,,Matches,c6220452
672,Ali Majrashi,DF,sa Saudi Arabia,26-288,1999,0,,,,,0,,0,0,,3,,,,,,,Matches,cd23146c
673,Evidence Makgopa,FW,za South Africa,26-042,2000,4,215.0,54.0,59.7,2.4,2,88.0,1,2,20.0,0,1.0,2.0,0.0,2.0,0.84,3.32,Matches,4d76d03b
674,Olwethu Makhanya,DF,za South Africa,22-078,2004,0,,,,,0,,0,0,,4,,,,,,,Matches,1627e6b5
675,Ahmed Maknzi,DF,iq Iraq,24-296,2001,1,33.0,33.0,12.2,0.4,0,,0,1,33.0,2,0.0,0.0,3.0,-3.0,-8.18,-5.14,Matches,f95ac2b6
676,Donyell Malen,FW,nl Netherlands,27-189,1999,3,185.0,62.0,47.4,2.1,3,62.0,0,0,,1,2.33,7.0,2.0,5.0,2.43,1.99,Matches,116c35df
677,Arjan Malic,DF,ba Bosnia–Herz,20-323,2005,1,45.0,45.0,12.5,0.5,1,45.0,0,0,,3,3.0,2.0,1.0,1.0,2.0,3.14,Matches,de57cd45
678,Mohamed Manai,DF,qa Qatar,23-265,2002,3,69.0,23.0,25.6,0.8,0,,0,3,23.0,0,0.33,1.0,4.0,-3.0,-3.91,-1.67,Matches,1e20b706
679,Aïssa Mandi,DF,dz Algeria,34-268,1991,4,360.0,90.0,100.0,4.0,4,90.0,4,0,,0,1.0,5.0,9.0,-4.0,-1.0,,Matches,fbd6378b
680,Sadio Mané,MFFW,sn Senegal,34-098,1992,4,362.0,91.0,92.8,4.0,4,91.0,3,0,,0,0.75,10.0,8.0,2.0,0.5,3.71,Matches,c691bfe2
681,Juan Manuel Sanabria,DF,uy Uruguay,26-110,2000,3,204.0,68.0,75.6,2.3,2,80.0,1,1,45.0,0,0.67,3.0,3.0,0.0,0.0,1.36,Matches,f1d74479
682,Johan Manzambi,MFFW,ch Switzerland,20-276,2005,4,199.0,50.0,33.2,2.2,2,77.0,0,2,23.0,0,2.5,8.0,3.0,5.0,2.26,2.49,Matches,8fcf0e12
683,Mahmoud Al-Mardi,MF,jo Jordan,32-284,1993,3,130.0,43.0,48.1,1.4,1,75.0,0,2,28.0,0,0.0,2.0,3.0,-1.0,-0.69,1.88,Matches,1eedc1ea
684,Jearl Margaritha,FWMF,cw Curaçao,26-098,2000,2,41.0,21.0,15.2,0.5,0,,0,2,21.0,1,0.5,0.0,3.0,-3.0,-6.59,-4.62,Matches,be915a68
685,José María Giménez,DF,uy Uruguay,31-178,1995,0,,,,,0,,0,0,,3,,,,,,,Matches,f0da930c
686,Omar Marmoush,FWMF,eg Egypt,27-160,1999,5,326.0,65.0,67.9,3.6,3,90.0,1,2,28.0,0,1.2,4.0,5.0,-1.0,-0.28,-1.44,Matches,0e0102eb
687,Marquinhos,DF,br Brazil,32-064,1994,5,450.0,90.0,100.0,5.0,5,90.0,5,0,,0,2.0,10.0,4.0,6.0,1.2,,Matches,d5f2f82b
688,Ar'jany Martha,DFFW,cw Curaçao,22-316,2003,0,,,,,0,,0,0,,3,,,,,,,Matches,364f602a
689,Gabriel Martinelli,MF,br Brazil,25-029,2001,4,143.0,36.0,31.8,1.6,1,66.0,0,3,26.0,1,2.25,1.0,0.0,1.0,0.63,-0.84,Matches,48a5a5d6
690,Guillermo Martínez Ayala,FW,mx Mexico,31-124,1995,2,72.0,36.0,16.0,0.8,1,62.0,0,1,10.0,3,1.5,2.0,0.0,2.0,2.5,1.31,Matches,59146354
691,Cristian Martínez,MFFW,pa Panama,29-161,1997,3,242.0,81.0,89.6,2.7,3,81.0,2,0,,0,0.0,0.0,3.0,-3.0,-1.12,2.1,Matches,fdb15495
692,Emiliano Martínez,GK,ar Argentina,33-318,1992,7,690.0,99.0,100.0,7.7,7,99.0,7,0,,0,3.0,19.0,7.0,12.0,1.57,,Matches,7956236f
693,Emiliano Martínez,MF,uy Uruguay,26-334,1999,0,,,,,0,,0,0,,3,,,,,,,Matches,52061089
694,Lautaro Martínez,FW,ar Argentina,28-329,1997,7,310.0,44.0,44.9,3.4,4,60.0,0,3,24.0,0,3.0,12.0,3.0,9.0,2.61,1.9,Matches,f7036e1c
695,Lisandro Martínez,DF,ar Argentina,28-180,1998,6,581.0,97.0,84.2,6.5,6,97.0,5,0,,1,3.0,14.0,6.0,8.0,1.24,-2.06,Matches,bac46a10
696,Thapelo Maseko,MFFW,za South Africa,22-248,2003,3,242.0,81.0,67.2,2.7,3,81.0,0,0,,1,1.33,2.0,1.0,1.0,0.37,2.66,Matches,498d45f7
697,Melvin Mastil,GK,dz Algeria,26-148,2000,0,,,,,0,,0,0,,4,,,,,,,Matches,b2f66efb
698,Hazem Mastouri,FW,tn Tunisia,29-029,1997,1,89.0,89.0,33.0,1.0,1,89.0,0,0,,2,0.0,1.0,3.0,-2.0,-2.02,1.96,Matches,c88f913e
699,Arthur Masuaku,DF,cd Congo DR,32-252,1993,4,315.0,79.0,87.5,3.5,4,79.0,0,0,,0,1.0,4.0,4.0,0.0,0.0,0.0,Matches,57df7a11
700,Igor Matanović,FW,hr Croatia,23-108,2003,3,95.0,32.0,26.4,1.1,0,,0,3,32.0,1,1.0,2.0,4.0,-2.0,-1.89,-2.23,Matches,948e1292
701,Pape Matar Sarr,MF,sn Senegal,23-306,2002,2,67.0,34.0,17.2,0.7,0,,0,2,34.0,2,0.0,1.0,3.0,-2.0,-2.69,-3.52,Matches,feb5d972
702,Jean-Philippe Mateta,FW,fr France,29-019,1997,3,24.0,8.0,3.8,0.3,0,,0,3,8.0,4,3.0,1.0,0.0,1.0,3.75,2.12,Matches,50e6dc35
703,Thabang Matuludi,DF,za South Africa,27-184,1999,0,,,,,0,,0,0,,4,,,,,,,Matches,8a77ded2
704,Mauricio,MF,py Paraguay,25-056,2001,4,173.0,43.0,36.0,1.9,0,,0,4,43.0,1,0.5,1.0,1.0,0.0,0.0,0.88,Matches,bf4cbc22
705,Fiston Mayele,FW,cd Congo DR,32-023,1994,2,42.0,21.0,11.7,0.5,0,,0,2,21.0,2,1.5,3.0,0.0,3.0,6.43,7.28,Matches,0d113a00
706,Ibrahim Maza,MFFW,dz Algeria,20-235,2005,4,351.0,88.0,97.5,3.9,4,88.0,3,0,,0,1.0,5.0,9.0,-4.0,-1.03,-1.03,Matches,89b3bc5e
707,Noussair Mazraoui,DF,ma Morocco,28-245,1997,6,477.0,80.0,83.7,5.3,5,94.0,4,1,8.0,0,1.83,7.0,4.0,3.0,0.57,-0.4,Matches,b74277a0
708,Kylian Mbappé,FW,fr France,27-209,1998,7,605.0,86.0,96.0,6.7,7,86.0,3,0,,0,2.57,15.0,4.0,11.0,1.64,-1.96,Matches,42fd9c7f
709,Thalente Mbatha,MF,za South Africa,26-123,2000,4,260.0,65.0,72.2,2.9,2,90.0,2,2,40.0,0,1.0,2.0,3.0,-1.0,-0.35,0.55,Matches,f6272be9
710,Ibrahim Mbaye,MF,sn Senegal,18-174,2008,4,157.0,39.0,40.3,1.7,1,56.0,0,3,34.0,0,0.75,4.0,6.0,-2.0,-1.15,-2.31,Matches,201b4ee4
711,Chancel Mbemba,DF,cd Congo DR,31-343,1994,4,360.0,90.0,100.0,4.0,4,90.0,4,0,,0,1.0,5.0,5.0,0.0,0.0,,Matches,e76cb9cc
712,Mbekezeli Mbokazi,DF,za South Africa,20-301,2005,4,360.0,90.0,100.0,4.0,4,90.0,4,0,,0,1.0,2.0,4.0,-2.0,-0.5,,Matches,13398d42
713,Nathanaël Mbuku,MFFW,cd Congo DR,24-123,2002,3,143.0,48.0,39.7,1.6,2,67.0,0,1,9.0,1,1.0,2.0,1.0,1.0,0.63,1.04,Matches,46750e9c
714,Callum McCowatt,MF,nz New Zealand,27-078,1999,3,159.0,53.0,58.9,1.8,2,66.0,0,1,27.0,0,0.33,4.0,6.0,-2.0,-1.13,2.11,Matches,3fc42049
715,John McGinn,MF,sct Scotland,31-272,1994,3,259.0,86.0,95.9,2.9,3,86.0,0,0,,0,1.0,1.0,4.0,-3.0,-1.04,-1.04,Matches,90f91999
716,Scott McKenna,DF,sct Scotland,29-247,1996,1,90.0,90.0,33.3,1.0,1,90.0,1,0,,2,0.0,0.0,3.0,-3.0,-3.0,-3.0,Matches,4e5a4cbc
717,Weston McKennie,MF,us United States,27-323,1998,5,443.0,89.0,98.4,4.9,5,89.0,2,0,,0,1.8,11.0,7.0,4.0,0.81,13.67,Matches,01c3aff5
718,Mark McKenzie,DF,us United States,27-142,1999,1,90.0,90.0,20.0,1.0,1,90.0,1,0,,3,0.0,2.0,3.0,-1.0,-1.0,-2.0,Matches,a5f5d094
719,Kenny McLean,MF,sct Scotland,34-190,1992,3,118.0,39.0,43.7,1.3,1,90.0,1,2,14.0,0,1.0,0.0,3.0,-3.0,-2.29,-2.29,Matches,471f16b3
720,Scott McTominay,MF,sct Scotland,29-221,1996,3,270.0,90.0,100.0,3.0,3,90.0,3,0,,0,1.0,1.0,4.0,-3.0,-1.0,,Matches,d93c2511
721,Brandon Mechele,DF,be Belgium,33-170,1993,6,570.0,95.0,100.0,6.3,6,95.0,6,0,,0,1.83,14.0,7.0,7.0,1.11,,Matches,0a6dbbf7
722,Facundo Medina,DF,ar Argentina,27-050,1999,4,257.0,64.0,37.2,2.9,3,85.0,1,1,1.0,3,3.0,5.0,1.0,4.0,1.4,-0.26,Matches,6f5ec8bb
723,Yaimar Medina,DFMF,ec Ecuador,21-254,2004,1,45.0,45.0,12.5,0.5,0,,0,1,45.0,3,0.0,0.0,0.0,0.0,0.0,0.57,Matches,1fe8ecf7
724,Hannibal Mejbri,MF,tn Tunisia,23-177,2003,3,270.0,90.0,100.0,3.0,3,90.0,3,0,,0,0.0,2.0,12.0,-10.0,-3.33,,Matches,ca22ccb0
725,Luis Mejía,GK,pa Panama,35-123,1991,0,,,,,0,,0,0,,3,,,,,,,Matches,2390dcad
726,Santiago Mele,GK,uy Uruguay,28-314,1997,0,,,,,0,,0,0,,3,,,,,,,Matches,62849d22
727,Amar Memić,MF,ba Bosnia–Herz,25-178,2001,4,224.0,56.0,62.2,2.5,2,82.0,1,2,31.0,0,1.0,3.0,5.0,-2.0,-0.8,-0.14,Matches,918c187c
728,Memphis,FWMF,nl Netherlands,32-154,1994,3,54.0,18.0,13.8,0.6,0,,0,3,18.0,1,2.33,1.0,1.0,0.0,0.0,-1.61,Matches,8f696594
729,Sultan Mendash,MF,sa Saudi Arabia,31-273,1994,1,65.0,65.0,24.1,0.7,1,65.0,0,0,,2,1.0,0.0,0.0,0.0,0.0,1.76,Matches,8738a7a1
730,Lucas Mendes,DF,qa Qatar,36-014,1990,1,4.0,4.0,1.5,0.0,0,,0,1,4.0,2,0.0,0.0,1.0,-1.0,-22.5,-20.13,Matches,5169f27f
731,Nuno Mendes,DF,pt Portugal,24-028,2002,5,395.0,79.0,87.8,4.4,5,79.0,2,0,,0,1.6,8.0,2.0,6.0,1.37,3.0,Matches,f20e4cc9
732,Ryan Mendes,FWMF,cv Cabo Verde,36-190,1990,4,330.0,83.0,84.6,3.7,4,83.0,2,0,,0,0.75,3.0,3.0,0.0,0.0,1.5,Matches,ba6e01ab
733,Antoine Mendy,DF,sn Senegal,22-051,2004,0,,,,,0,,0,0,,4,,,,,,,Matches,3322e296
734,Édouard Mendy,GK,sn Senegal,34-138,1992,2,152.0,76.0,39.0,1.7,2,76.0,1,0,,0,0.0,2.0,6.0,-4.0,-2.37,-4.26,Matches,33887998
735,Gideon Mensah,DF,gh Ghana,27-364,1998,4,360.0,90.0,100.0,4.0,4,90.0,4,0,,0,1.0,2.0,3.0,-1.0,-0.25,,Matches,9bdd8118
736,Mikel Merino,MF,es Spain,30-025,1996,7,153.0,22.0,24.3,1.7,1,59.0,0,6,16.0,0,2.71,4.0,0.0,4.0,2.35,0.84,Matches,d080ed5e
737,Lionel Messi,FW,ar Argentina,39-023,1987,7,620.0,89.0,89.9,6.9,6,98.0,5,1,31.0,0,3.0,17.0,6.0,11.0,1.6,0.31,Matches,d70ce98e
738,Connor Metcalfe,MF,au Australia,26-254,1999,4,315.0,79.0,80.8,3.5,3,90.0,2,1,45.0,0,1.25,3.0,1.0,2.0,0.57,2.97,Matches,73ce4d7d
739,Garven Metusala,DF,ht Haiti,26-198,1999,0,,,,,0,,0,0,,3,,,,,,,Matches,3fb38040
740,Thomas Meunier,DF,be Belgium,34-308,1991,3,190.0,63.0,33.3,2.1,2,74.0,1,1,43.0,3,1.67,4.0,1.0,3.0,1.42,0.47,Matches,e162b013
741,Liam Millar,MF,ca Canada,26-293,1999,3,162.0,54.0,36.0,1.8,2,65.0,0,1,33.0,2,1.33,1.0,1.0,0.0,0.0,-0.94,Matches,983515f8
742,Roderick Miller,DF,pa Panama,34-105,1992,0,,,,,0,,0,0,,3,,,,,,,Matches,2b80837f
743,Kim Min-jae,DF,kr Korea Republic,29-244,1996,3,245.0,82.0,90.7,2.7,3,82.0,2,0,,0,1.0,2.0,3.0,-1.0,-0.37,-0.37,Matches,e0f8151c
744,Yerry Mina,DF,co Colombia,31-297,1994,1,2.0,2.0,0.4,0.0,0,,0,1,2.0,4,1.0,0.0,0.0,0.0,0.0,-0.75,Matches,6d5701f2
745,Alan Minda,MF,ec Ecuador,23-064,2003,1,55.0,55.0,15.3,0.6,1,55.0,0,0,,3,0.0,0.0,0.0,0.0,0.0,0.59,Matches,9cfd5b00
746,Aubrey Modiba,DF,za South Africa,30-360,1995,4,346.0,87.0,96.1,3.8,4,87.0,3,0,,0,1.0,2.0,4.0,-2.0,-0.52,-0.52,Matches,bb1f97f2
747,Luka Modrić,MF,hr Croatia,40-311,1985,4,317.0,79.0,88.1,3.5,4,79.0,2,0,,0,1.5,6.0,6.0,0.0,0.0,2.09,Matches,6025fab1
748,Relebohile Mofokeng,MF,za South Africa,21-267,2004,3,169.0,56.0,46.9,1.9,2,62.0,0,1,45.0,1,1.33,2.0,0.0,2.0,1.07,2.95,Matches,25c3fb97
749,Shahriar Moghanlou,FW,ir IR Iran,31-208,1994,3,88.0,29.0,32.6,1.0,1,52.0,0,2,18.0,0,1.0,1.0,1.0,0.0,0.0,0.0,Matches,92f69be8
750,Milad Mohammadi,DF,ir IR Iran,32-291,1993,3,205.0,68.0,75.9,2.3,2,90.0,2,1,25.0,0,1.0,3.0,3.0,0.0,0.0,0.0,Matches,740a0e28
751,Mohammad Mohebi,MF,ir IR Iran,27-209,1998,3,244.0,81.0,90.4,2.7,3,81.0,1,0,,0,1.0,3.0,3.0,0.0,0.0,0.0,Matches,7b6b53c3
752,Johan Mojica,DF,co Colombia,33-330,1992,4,390.0,98.0,81.3,4.3,4,98.0,4,0,,1,2.5,5.0,1.0,4.0,0.92,0.92,Matches,608f2092
753,Teboho Mokoena,MF,za South Africa,29-174,1997,3,270.0,90.0,75.0,3.0,3,90.0,3,0,,0,0.33,1.0,4.0,-3.0,-1.0,-2.0,Matches,00029b1e
754,Nahuel Molina,DF,ar Argentina,28-102,1998,6,465.0,78.0,67.4,5.2,5,84.0,1,1,45.0,1,3.0,7.0,6.0,1.0,0.19,-4.21,Matches,23610943
755,Jamiro Monteiro,MF,cv Cabo Verde,32-236,1993,4,281.0,70.0,72.1,3.1,3,76.0,0,1,54.0,0,0.75,3.0,4.0,-1.0,-0.32,-0.32,Matches,d384bddd
756,César Montes,DF,mx Mexico,29-143,1997,4,314.0,79.0,69.8,3.5,4,79.0,2,0,,0,2.25,8.0,2.0,6.0,1.72,1.06,Matches,28e957d7
757,Gonzalo Montiel,DF,ar Argentina,29-197,1997,5,135.0,27.0,19.6,1.5,1,45.0,0,4,23.0,2,3.0,9.0,0.0,9.0,6.0,5.51,Matches,374d5158
758,Kim Moon-hwan,MF,kr Korea Republic,30-350,1995,1,70.0,70.0,25.9,0.8,1,70.0,0,0,,2,0.0,0.0,1.0,-1.0,-1.29,-1.29,Matches,6bce7dd8
759,Gilberto Mora,MF,mx Mexico,17-276,2008,4,213.0,53.0,47.3,2.4,3,63.0,0,1,25.0,1,2.25,6.0,3.0,3.0,1.27,-0.25,Matches,69c9ffe8
760,Ederson Moraes,GK,br Brazil,32-334,1993,0,,,,,0,,0,0,,5,,,,,,,Matches,3bb7b8b4
761,Diego Moreira,MF,be Belgium,21-345,2004,1,58.0,58.0,10.2,0.6,0,,0,1,58.0,5,3.0,3.0,0.0,3.0,4.66,3.95,Matches,12de1b0d
762,Steven Moreira,DF,cv Cabo Verde,31-338,1994,4,301.0,75.0,77.2,3.3,3,100.0,3,1,1.0,0,0.75,4.0,5.0,-1.0,-0.3,-0.3,Matches,f10983ae
763,Tshepang Moremi,MF,za South Africa,25-288,2000,2,34.0,17.0,9.4,0.4,0,,0,2,17.0,2,1.5,1.0,1.0,0.0,0.0,0.55,Matches,546d38f9
764,Nikola Moro,MF,hr Croatia,28-127,1998,0,,,,,0,,0,0,,4,,,,,,,Matches,ff579c7e
765,Orlando Mosquera,GK,pa Panama,31-204,1994,3,270.0,90.0,100.0,3.0,3,90.0,3,0,,0,0.0,0.0,4.0,-4.0,-1.33,,Matches,ea34d827
766,Samir El Mourabet,MF,ma Morocco,20-284,2005,5,81.0,16.0,14.2,0.9,0,,0,5,16.0,1,2.2,3.0,0.0,3.0,3.33,3.15,Matches,1a03d055
767,Samuel Moutoussamy,MF,cd Congo DR,29-339,1996,4,330.0,83.0,91.7,3.7,4,83.0,1,0,,0,1.0,3.0,5.0,-2.0,-0.55,-6.55,Matches,af0c835b
768,Akmal Mozgovoy,MF,uz Uzbekistan,27-106,1999,3,216.0,72.0,80.0,2.4,2,86.0,1,1,45.0,0,0.0,2.0,7.0,-5.0,-2.08,4.58,Matches,114cb95b
769,Lionel Mpasi,GK,cd Congo DR,31-350,1994,4,360.0,90.0,100.0,4.0,4,90.0,4,0,,0,1.0,5.0,5.0,0.0,0.0,,Matches,5c6b0637
770,Khuliso Mudau,DF,za South Africa,31-082,1995,4,360.0,90.0,100.0,4.0,4,90.0,4,0,,0,1.0,2.0,4.0,-2.0,-0.5,,Matches,75388f92
771,Tarik Muharemovic,DF,ba Bosnia–Herz,23-139,2003,3,259.0,86.0,71.9,2.9,3,86.0,2,0,,0,0.33,1.0,4.0,-3.0,-1.04,-1.04,Matches,426dda23
772,Miro Muheim,DFMF,ch Switzerland,28-115,1998,3,87.0,29.0,14.5,1.0,0,,0,3,29.0,1,0.67,0.0,3.0,-3.0,-3.1,-4.33,Matches,844c6a91
773,Nihad Mujakić,DF,ba Bosnia–Herz,28-093,1998,0,,,,,0,,0,0,,4,,,,,,,Matches,8eff6286
774,Ngal'Ayel Mukau,MF,cd Congo DR,21-256,2004,4,195.0,49.0,54.2,2.2,3,59.0,0,1,19.0,0,1.0,4.0,2.0,2.0,0.92,2.01,Matches,bb461b8a
775,Mert Müldür,DF,tr Türkiye,27-105,1999,3,101.0,34.0,37.4,1.1,1,90.0,1,2,6.0,0,1.0,1.0,1.0,0.0,0.0,1.07,Matches,1295552e
776,Abdul Mumin,DF,gh Ghana,28-041,1998,0,,,,,0,,0,0,,4,,,,,,,Matches,5487adcd
777,Munir,GK,ma Morocco,37-068,1989,0,,,,,0,,0,0,,6,,,,,,,Matches,fc8287db
778,Daniel Muñoz,DF,co Colombia,30-052,1996,5,394.0,79.0,82.1,4.4,4,98.0,4,1,4.0,0,2.2,5.0,1.0,4.0,0.91,0.91,Matches,778ef829
779,Víctor Muñoz,MF,es Spain,23-004,2003,0,,,,,0,,0,0,,7,,,,,,,Matches,f8b5680f
780,Mohammed Muntari,FW,qa Qatar,32-209,1993,0,,,,,0,,0,0,,3,,,,,,,Matches,da38f46e
781,Petar Musa,FW,hr Croatia,28-135,1998,2,110.0,55.0,30.6,1.2,2,55.0,0,0,,2,1.5,2.0,3.0,-1.0,-0.82,-0.82,Matches,4567a0b4
782,Jamal Musiala,MF,de Germany,23-141,2003,4,270.0,68.0,69.2,3.0,3,71.0,1,1,58.0,0,1.75,5.0,4.0,1.0,0.33,-3.42,Matches,2c0558b8
783,Fernando Muslera,GK,uy Uruguay,40-031,1986,3,225.0,75.0,83.3,2.5,3,75.0,2,0,,0,0.67,3.0,4.0,-1.0,-0.4,-0.4,Matches,a2abe631
784,Juan Musso,GK,ar Argentina,32-072,1994,0,,,,,0,,0,0,,7,,,,,,,Matches,a111cf41
785,Yvon Mvogo,GK,ch Switzerland,32-041,1994,0,,,,,0,,0,0,,6,,,,,,,Matches,dc29b608
786,Phillipp Mwene,DF,at Austria,32-169,1994,2,147.0,74.0,40.8,1.6,2,74.0,0,0,,2,2.0,3.0,3.0,0.0,0.0,1.27,Matches,2ff76adc
787,David Møller Wolfe,DF,no Norway,24-085,2002,5,430.0,86.0,75.4,4.8,5,86.0,2,0,,1,2.4,10.0,5.0,5.0,1.05,2.98,Matches,9affc5f2
788,Obite N'Dicka,DF,ci Côte d'Ivoire,26-331,1999,0,,,,,0,,0,0,,4,,,,,,,Matches,441197b8
789,Yūto Nagatomo,DFMF,jp Japan,39-308,1986,1,16.0,16.0,4.4,0.2,0,,0,1,16.0,3,1.0,0.0,0.0,0.0,0.0,-0.78,Matches,4b6960d2
790,Keito Nakamura,MF,jp Japan,25-354,2000,4,307.0,77.0,85.3,3.4,4,77.0,1,0,,0,1.25,7.0,4.0,3.0,0.88,0.88,Matches,d97af612
791,Abdallah Nasib,DF,jo Jordan,32-142,1994,3,260.0,87.0,96.3,2.9,3,87.0,2,0,,0,0.0,3.0,7.0,-4.0,-1.38,7.62,Matches,aaab3072
792,Sherzod Nasrullaev,DFMF,uz Uzbekistan,27-359,1998,3,180.0,60.0,66.7,2.0,3,60.0,1,0,,0,0.0,1.0,7.0,-6.0,-3.0,0.0,Matches,aeb0c7f7
793,Duckens Nazon,FWMF,ht Haiti,32-101,1994,1,24.0,24.0,8.9,0.3,0,,0,1,24.0,2,0.0,0.0,2.0,-2.0,-7.5,-6.04,Matches,20e87a42
794,Khulumani Ndamane,DF,za South Africa,22-162,2004,0,,,,,0,,0,0,,4,,,,,,,Matches,0ebbc4f3
795,Cherif Ndiaye,FWMF,sn Senegal,30-175,1996,0,,,,,0,,0,0,,4,,,,,,,Matches,858a54c3
796,Iliman Ndiaye,FW,sn Senegal,26-133,2000,3,114.0,38.0,29.2,1.3,1,72.0,0,2,21.0,1,1.0,6.0,1.0,5.0,3.95,5.25,Matches,5ed97752
797,Dan Ndoye,MFFW,ch Switzerland,25-265,2000,6,406.0,68.0,67.7,4.5,5,79.0,0,1,11.0,0,1.83,4.0,1.0,3.0,0.67,0.2,Matches,8e697a8f
798,Moutaz Neffati,DF,tn Tunisia,21-316,2004,0,,,,,0,,0,0,,2,,,,,,,Matches,f440d45f
799,Jayden Nelson,FWMF,ca Canada,23-294,2002,1,4.0,4.0,0.9,0.0,0,,0,1,4.0,4,0.0,0.0,1.0,-1.0,-22.5,-23.31,Matches,92305a81
800,Ali Nemati,DF,ir IR Iran,30-159,1996,3,270.0,90.0,100.0,3.0,3,90.0,3,0,,0,1.0,3.0,3.0,0.0,0.0,,Matches,19a221f7
801,Abduvohid Nematov,GK,uz Uzbekistan,25-119,2001,2,180.0,90.0,66.7,2.0,2,90.0,2,0,,1,0.0,1.0,8.0,-7.0,-3.5,-1.5,Matches,25e45f2a
802,Pedro Neto,MF,pt Portugal,26-130,2000,5,350.0,70.0,77.8,3.9,5,70.0,1,0,,0,1.6,4.0,2.0,2.0,0.51,-2.19,Matches,7ba2eaa9
803,Manuel Neuer,GK,de Germany,40-112,1986,4,390.0,98.0,100.0,4.3,4,98.0,4,0,,0,1.75,11.0,5.0,6.0,1.38,,Matches,8778c910
804,João Neves,MF,pt Portugal,21-293,2004,5,390.0,78.0,86.7,4.3,4,86.0,3,1,45.0,0,1.6,7.0,3.0,4.0,0.92,-0.58,Matches,c2a15a27
805,Rúben Neves,MF,pt Portugal,29-126,1997,2,55.0,28.0,12.2,0.6,1,45.0,0,1,10.0,3,2.0,1.0,0.0,1.0,1.64,0.72,Matches,44bfb6c5
806,Neymar,FWMF,br Brazil,34-162,1992,2,39.0,20.0,8.7,0.4,0,,0,2,20.0,1,1.5,1.0,2.0,-1.0,-2.31,-3.84,Matches,69384e5d
807,Nathan Ngoy,DF,be Belgium,23-037,2003,4,335.0,84.0,58.8,3.7,4,84.0,3,0,,1,1.25,6.0,4.0,2.0,0.54,-1.38,Matches,eb7abf2e
808,Moussa Niakhaté,DF,sn Senegal,30-131,1996,4,390.0,98.0,100.0,4.3,4,98.0,4,0,,0,0.75,10.0,9.0,1.0,0.23,,Matches,00242715
809,Payam Niazmand,GK,ir IR Iran,31-102,1995,0,,,,,0,,0,0,,3,,,,,,,Matches,7b2ed47e
810,Gustaf Nilsson,FW,se Sweden,29-055,1997,1,2.0,2.0,0.6,0.0,0,,0,1,2.0,3,0.0,0.0,0.0,0.0,0.0,0.75,Matches,a7d48b00
811,Felix Nmecha,MF,de Germany,25-280,2000,4,270.0,68.0,69.2,3.0,4,68.0,1,0,,0,1.75,8.0,4.0,4.0,1.33,-0.17,Matches,091c86e2
812,Kristoffer Nordfeldt,GK,se Sweden,37-024,1989,2,180.0,90.0,50.0,2.0,2,90.0,2,0,,2,1.5,6.0,6.0,0.0,0.0,1.5,Matches,78549904
813,Tyrese Noslin,MF,cw Curaçao,23-309,2002,1,14.0,14.0,5.2,0.2,0,,0,1,14.0,2,0.0,0.0,0.0,0.0,0.0,2.81,Matches,c3709bd2
814,Ernest Nuamah,MF,gh Ghana,22-258,2003,3,89.0,30.0,24.7,1.0,1,57.0,0,2,16.0,1,1.0,1.0,1.0,0.0,0.0,0.33,Matches,234a703c
815,Alexander Nübel,GK,de Germany,29-290,1996,0,,,,,0,,0,0,,4,,,,,,,Matches,afb0c500
816,Matheus Nunes,DFMF,pt Portugal,27-324,1998,1,1.0,1.0,0.2,0.0,0,,0,1,1.0,4,1.0,0.0,0.0,0.0,0.0,-1.0,Matches,e6af02e0
817,Darwin Núñez,FW,uy Uruguay,27-023,1999,3,156.0,52.0,57.8,1.7,2,68.0,1,1,21.0,0,0.67,0.0,2.0,-2.0,-1.15,-1.94,Matches,4d77b365
818,Antonio Nusa,FW,no Norway,21-091,2005,6,318.0,53.0,55.8,3.5,4,64.0,0,2,31.0,0,2.0,6.0,4.0,2.0,0.57,0.57,Matches,4ab12002
819,Benjamin Nygren,MF,se Sweden,25-009,2001,4,130.0,33.0,36.1,1.4,2,59.0,0,2,6.0,0,1.0,3.0,5.0,-2.0,-1.38,-0.99,Matches,d6ebf67f
820,Ørjan Nyland,GK,no Norway,35-310,1990,5,480.0,96.0,84.2,5.3,5,96.0,5,0,,1,2.4,12.0,7.0,5.0,0.94,3.94,Matches,bdedffac
821,Aiden O'Neill,MF,au Australia,28-013,1998,4,360.0,90.0,92.3,4.0,4,90.0,3,0,,0,1.25,3.0,3.0,0.0,0.0,0.0,Matches,c7aee75b
822,Nico O'Reilly,DF,eng England,21-118,2005,7,461.0,66.0,69.8,5.1,5,86.0,3,2,17.0,0,2.29,12.0,8.0,4.0,0.78,-0.12,Matches,91ca4a16
823,Salim Obaid,DF,jo Jordan,34-181,1992,3,21.0,7.0,7.8,0.2,0,,0,3,7.0,0,0.0,0.0,2.0,-2.0,-8.57,-7.49,Matches,f494bf5f
824,Armando Obispo,DF,cw Curaçao,27-134,1999,3,270.0,90.0,100.0,3.0,3,90.0,3,0,,0,0.33,1.0,9.0,-8.0,-2.67,,Matches,2ffa6348
825,Guillermo Ochoa,GK,mx Mexico,41-004,1985,1,13.0,13.0,2.9,0.1,0,,0,1,13.0,4,3.0,1.0,0.0,1.0,6.92,5.69,Matches,1e9bde92
826,Kōki Ogawa,FW,jp Japan,28-343,1997,3,42.0,14.0,11.7,0.5,0,,0,3,14.0,1,0.67,1.0,0.0,1.0,2.14,1.58,Matches,3d2e8955
827,Braian Ojeda,MF,py Paraguay,26-020,2000,1,22.0,22.0,4.6,0.2,0,,0,1,22.0,4,1.0,0.0,0.0,0.0,0.0,0.59,Matches,60953af0
828,Noah Okafor,FWMF,ch Switzerland,26-054,2000,1,20.0,20.0,3.3,0.2,0,,0,1,20.0,5,3.0,0.0,0.0,0.0,0.0,-0.62,Matches,ca607d59
829,Ime Okon,DF,za South Africa,22-147,2004,4,360.0,90.0,100.0,4.0,4,90.0,4,0,,0,1.0,2.0,4.0,-2.0,-0.5,,Matches,3cb58055
830,Paul Okon-Engstler,MF,au Australia,21-174,2005,4,197.0,49.0,50.5,2.2,2,80.0,0,2,19.0,0,1.25,2.0,2.0,0.0,0.0,0.0,Matches,ecd6464a
831,Ben Old,MF,nz New Zealand,23-338,2002,3,93.0,31.0,34.4,1.0,0,,0,3,31.0,0,0.33,1.0,6.0,-5.0,-4.84,-4.33,Matches,e14e818c
832,Michael Olise,MF,fr France,24-217,2001,7,556.0,79.0,88.3,6.2,7,79.0,3,0,,0,2.57,15.0,4.0,11.0,1.78,0.56,Matches,c4486bac
833,Mathías Olivera,DF,uy Uruguay,28-259,1997,3,270.0,90.0,100.0,3.0,3,90.0,3,0,,0,0.67,3.0,4.0,-1.0,-0.33,,Matches,41c12f75
834,Dani Olmo,MF,es Spain,28-071,1998,7,417.0,60.0,66.2,4.6,5,75.0,0,2,21.0,0,2.71,9.0,1.0,8.0,1.73,0.04,Matches,ae44e8e2
835,Tani Oluwaseyi,FW,ca Canada,26-063,2000,5,259.0,52.0,57.6,2.9,3,69.0,0,2,27.0,0,1.4,3.0,2.0,1.0,0.35,-0.59,Matches,950ef017
836,Gastón Olveira,GK,py Paraguay,33-087,1993,0,,,,,0,,0,0,,5,,,,,,,Matches,556f8f36
837,Ali Olwan,MF,jo Jordan,26-113,2000,3,268.0,89.0,99.3,3.0,3,89.0,1,0,,0,0.0,3.0,8.0,-5.0,-1.68,-1.68,Matches,33c1d68d
838,Amadou Onana,MF,be Belgium,24-335,2001,4,106.0,27.0,18.6,1.2,2,38.0,0,2,16.0,1,2.5,4.0,2.0,2.0,1.7,0.73,Matches,828657ff
839,Christopher Opéri,DF,ci Côte d'Ivoire,29-079,1997,1,90.0,90.0,25.0,1.0,1,90.0,1,0,,3,3.0,2.0,0.0,2.0,2.0,2.33,Matches,914bb955
840,Jerome Opoku,DF,gh Ghana,27-276,1998,3,270.0,90.0,75.0,3.0,3,90.0,3,0,,1,1.33,1.0,1.0,0.0,0.0,1.0,Matches,091d6ee5
841,Joel Ordóñez,DF,ec Ecuador,22-087,2004,3,225.0,75.0,62.5,2.5,3,75.0,2,0,,1,1.0,2.0,4.0,-2.0,-0.8,-0.8,Matches,2990a15c
842,Keisuke Ōsako,GK,jp Japan,26-354,1999,0,,,,,0,,0,0,,4,,,,,,,Matches,3980aeaf
843,Jonathan Osorio,MF,ca Canada,34-035,1992,2,5.0,3.0,1.1,0.1,0,,0,2,3.0,3,0.5,0.0,1.0,-1.0,-18.0,-18.81,Matches,70106ff6
844,David Ospina,GK,co Colombia,37-320,1988,0,,,,,0,,0,0,,5,,,,,,,Matches,82b1198a
845,Nicolás Otamendi,DF,ar Argentina,38-155,1988,6,170.0,28.0,24.6,1.9,1,90.0,1,5,16.0,1,3.0,8.0,1.0,7.0,3.71,2.84,Matches,0d267745
846,Zakaria El Ouahdi,DFMF,ma Morocco,24-198,2001,1,17.0,17.0,3.0,0.2,0,,0,1,17.0,5,0.0,0.0,0.0,0.0,0.0,-0.65,Matches,a3d79d3c
847,Assan Ouédraogo,MF,de Germany,20-069,2006,0,,,,,0,,0,0,,4,,,,,,,Matches,75e6fc2f
848,Ayoub Al-Oui,DF,qa Qatar,21-128,2005,2,149.0,75.0,55.2,1.7,2,75.0,1,0,,1,0.5,0.0,7.0,-7.0,-4.23,-3.48,Matches,010e5bae
849,Azzedine Ounahi,MF,ma Morocco,26-089,2000,6,435.0,73.0,76.3,4.8,5,83.0,1,1,21.0,0,1.83,6.0,4.0,2.0,0.41,-0.92,Matches,83299cc0
850,Mohammed Al-Owais,GK,sa Saudi Arabia,34-280,1991,3,270.0,90.0,100.0,3.0,3,90.0,3,0,,0,0.67,1.0,5.0,-4.0,-1.33,,Matches,f2c060c6
851,Elisha Owusu,MF,gh Ghana,28-252,1997,3,151.0,50.0,41.9,1.7,2,61.0,0,1,29.0,1,1.0,0.0,1.0,-1.0,-0.6,-0.6,Matches,e2781082
852,Mikel Oyarzabal,FW,es Spain,29-087,1997,7,540.0,77.0,85.7,6.0,7,77.0,2,0,,0,2.71,10.0,1.0,9.0,1.5,-1.5,Matches,8c3c640c
853,Salih Özcan,MF,tr Türkiye,28-187,1998,2,100.0,50.0,37.0,1.1,1,90.0,1,1,10.0,1,1.5,3.0,2.0,1.0,0.9,2.49,Matches,15413fa5
854,Willian Pacho,DF,ec Ecuador,24-274,2001,4,360.0,90.0,100.0,4.0,4,90.0,4,0,,0,1.0,2.0,4.0,-2.0,-0.5,,Matches,ecbe2839
855,Kendry Páez,MF,ec Ecuador,19-074,2007,1,12.0,12.0,3.3,0.1,0,,0,1,12.0,3,0.0,0.0,0.0,0.0,0.0,0.52,Matches,f3bb9f59
856,Exequiel Palacios,DF,ar Argentina,27-285,1998,1,90.0,90.0,13.0,1.0,1,90.0,1,0,,6,3.0,3.0,1.0,2.0,2.0,0.5,Matches,e82adcab
857,Ivor Pandur,GK,hr Croatia,26-114,2000,0,,,,,0,,0,0,,4,,,,,,,Matches,457cb02f
858,Lucas Paquetá,MF,br Brazil,28-324,1997,4,233.0,58.0,51.8,2.6,4,58.0,0,0,,0,2.5,7.0,2.0,5.0,1.93,1.52,Matches,9b6f7fd5
859,Leandro Paredes,MF,ar Argentina,32-018,1994,6,398.0,66.0,57.7,4.4,4,88.0,2,2,23.0,1,3.0,10.0,6.0,4.0,0.9,-1.56,Matches,dff153a4
860,Thomas Partey,MF,gh Ghana,33-034,1993,3,270.0,90.0,75.0,3.0,3,90.0,3,0,,0,0.33,1.0,3.0,-2.0,-0.67,-1.67,Matches,529f49ab
861,Marco Pašalić,MF,hr Croatia,25-306,2000,3,99.0,33.0,27.5,1.1,1,71.0,0,2,14.0,1,2.0,1.0,1.0,0.0,0.0,0.34,Matches,1866b0f1
862,Mario Pašalić,MF,hr Croatia,31-158,1995,4,123.0,31.0,34.2,1.4,1,77.0,0,3,15.0,0,1.5,3.0,4.0,-1.0,-0.73,-0.73,Matches,e599253a
863,Nathan Patterson,DF,sct Scotland,24-274,2001,3,185.0,62.0,68.5,2.1,2,85.0,0,1,16.0,0,1.0,0.0,4.0,-4.0,-1.95,-3.0,Matches,230f0471
864,Wilguens Paugain,DF,ht Haiti,24-327,2001,0,,,,,0,,0,0,,3,,,,,,,Matches,4385ee98
865,João Paulo Fernandes,DF,cv Cabo Verde,28-052,1998,2,105.0,53.0,26.9,1.2,1,90.0,1,1,15.0,2,1.0,0.0,0.0,0.0,0.0,0.32,Matches,afcac9da
866,Alex Paulsen,GK,nz New Zealand,24-013,2002,0,,,,,0,,0,0,,3,,,,,,,Matches,2da46a72
867,Aleksandar Pavlovic,MF,de Germany,22-075,2004,4,272.0,68.0,69.7,3.0,4,68.0,1,0,,0,1.75,9.0,4.0,5.0,1.65,0.89,Matches,2658c82f
868,Tim Payne,DF,nz New Zealand,32-188,1994,3,224.0,75.0,83.0,2.5,3,75.0,0,0,,0,0.33,3.0,7.0,-4.0,-1.61,2.31,Matches,4e86877c
869,Nicolás Paz,MF,ar Argentina,21-312,2004,2,71.0,36.0,10.3,0.8,1,60.0,0,1,11.0,5,3.0,2.0,1.0,1.0,1.27,-0.33,Matches,01bb93d5
870,Marcus Pedersen,DF,no Norway,26-001,2000,4,236.0,59.0,41.4,2.6,1,82.0,0,3,51.0,1,1.5,4.0,5.0,-1.0,-0.38,-1.19,Matches,596cc50e
871,Pedri,MF,es Spain,23-234,2002,7,440.0,63.0,69.8,4.9,5,78.0,1,2,25.0,0,2.71,9.0,0.0,9.0,1.84,0.42,Matches,0d9b2d31
872,Facundo Pellistri,FWMF,uy Uruguay,24-209,2001,0,,,,,0,,0,0,,3,,,,,,,Matches,ac7e7b1c
873,Mike Penders,GK,be Belgium,20-351,2005,0,,,,,0,,0,0,,6,,,,,,,Matches,074e1710
874,Patrick Pentz,GK,at Austria,29-196,1997,0,,,,,0,,0,0,,4,,,,,,,Matches,0810b6df
875,Nicolas Pépé,FW,ci Côte d'Ivoire,31-049,1995,4,234.0,59.0,65.0,2.6,3,76.0,0,1,6.0,0,1.5,3.0,3.0,0.0,0.0,-0.71,Matches,57e3f0c7
876,Ricardo Pepi,FW,us United States,23-189,2003,5,204.0,41.0,45.3,2.3,2,82.0,1,3,14.0,0,1.8,5.0,5.0,0.0,0.0,-1.1,Matches,a2b1ed42
877,Kojo Peprah Oppong,DF,gh Ghana,22-043,2004,2,49.0,25.0,13.6,0.5,0,,0,2,25.0,2,0.5,1.0,1.0,0.0,0.0,0.29,Matches,37a6fdb3
878,Léo Pereira,DF,br Brazil,30-167,1996,0,,,,,0,,0,0,,5,,,,,,,Matches,bd247251
879,Ivan Perišić,MFDF,hr Croatia,37-165,1989,4,360.0,90.0,100.0,4.0,4,90.0,4,0,,0,1.5,6.0,7.0,-1.0,-0.25,,Matches,6fe90922
880,Jens Petter Hauge,DFFW,no Norway,26-278,1999,1,8.0,8.0,1.4,0.1,0,,0,1,8.0,5,0.0,0.0,1.0,-1.0,-11.25,-11.73,Matches,12c35abe
881,Charles Pickel,DFMF,cd Congo DR,29-063,1997,2,35.0,18.0,9.7,0.4,0,,0,2,18.0,2,0.5,0.0,1.0,-1.0,-2.57,-2.85,Matches,f71ad8cb
882,Jordan Pickford,GK,eng England,32-132,1994,7,660.0,94.0,100.0,7.3,7,94.0,7,0,,0,2.29,14.0,8.0,6.0,0.82,,Matches,4806ec67
883,Pico,DF,cv Cabo Verde,34-030,1992,4,390.0,98.0,100.0,4.3,4,98.0,4,0,,0,0.75,4.0,5.0,-1.0,-0.23,,Matches,faef0f92
884,Alexandre Pierre,GK,ht Haiti,25-142,2001,0,,,,,0,,0,0,,3,,,,,,,Matches,d0fc9f5f
885,Woodensky Pierre,MF,ht Haiti,21-199,2004,0,,,,,0,,0,0,,3,,,,,,,Matches,1b452afb
886,Frantzdy Pierrot,FW,ht Haiti,31-110,1995,3,143.0,48.0,53.0,1.6,2,68.0,1,1,8.0,0,0.0,0.0,5.0,-5.0,-3.15,-2.44,Matches,307877be
887,Nando Pijnaker,DF,nz New Zealand,27-142,1999,0,,,,,0,,0,0,,3,,,,,,,Matches,92afdf2a
888,Kevin Pina,MF,cv Cabo Verde,29-171,1997,4,349.0,87.0,89.5,3.9,4,87.0,2,0,,0,0.75,3.0,4.0,-1.0,-0.26,-0.26,Matches,296026ae
889,Wagner Pina,DF,cv Cabo Verde,23-256,2002,1,89.0,89.0,22.8,1.0,1,89.0,0,0,,3,1.0,0.0,0.0,0.0,0.0,0.3,Matches,9bf22b95
890,Orbelín Pineda,FWMF,mx Mexico,30-115,1996,2,31.0,16.0,6.9,0.3,0,,0,2,16.0,3,3.0,0.0,0.0,0.0,0.0,-1.5,Matches,411fabd7
891,Yéremy Pino,FWMF,es Spain,23-270,2002,2,70.0,35.0,11.1,0.8,0,,0,2,35.0,5,3.0,1.0,0.0,1.0,1.29,-0.48,Matches,540ec57b
892,Joaquín Piquerez,DFMF,uy Uruguay,27-327,1998,0,,,,,0,,0,0,,3,,,,,,,Matches,46009f44
893,Kelvin Pires,DF,cv Cabo Verde,26-042,2000,0,,,,,0,,0,0,,4,,,,,,,Matches,8fe1e61b
894,Isidro Pitta,FW,py Paraguay,26-337,1999,1,45.0,45.0,9.4,0.5,1,45.0,0,0,,4,3.0,1.0,0.0,1.0,2.0,2.83,Matches,e9fc7295
895,Johny Placide,GK,ht Haiti,38-169,1988,3,270.0,90.0,100.0,3.0,3,90.0,3,0,,0,0.0,2.0,8.0,-6.0,-2.0,,Matches,f1666a9d
896,Gonzalo Plata,FW,ec Ecuador,25-258,2000,4,360.0,90.0,100.0,4.0,4,90.0,4,0,,0,1.0,2.0,4.0,-2.0,-0.5,,Matches,54bcdeb0
897,Marin Pongračić,DF,hr Croatia,28-309,1997,3,270.0,90.0,75.0,3.0,3,90.0,3,0,,1,2.0,4.0,3.0,1.0,0.33,2.33,Matches,2a6cd437
898,Jackson Porozo,DF,ec Ecuador,25-347,2000,1,29.0,29.0,8.1,0.3,0,,0,1,29.0,3,0.0,0.0,1.0,-1.0,-3.1,-2.83,Matches,7d704e92
899,Pedro Porro,DF,es Spain,26-307,1999,5,443.0,89.0,70.3,4.9,5,89.0,4,0,,2,3.0,12.0,1.0,11.0,2.23,1.75,Matches,27d0a506
900,Stefan Posch,DF,at Austria,29-064,1997,4,331.0,83.0,91.9,3.7,4,83.0,2,0,,0,1.0,6.0,7.0,-1.0,-0.27,5.93,Matches,7f609bfc
901,Alexander Prass,DFMF,at Austria,25-052,2001,2,29.0,15.0,8.1,0.3,0,,0,2,15.0,2,0.0,0.0,2.0,-2.0,-6.21,-5.93,Matches,6637e6a7
902,Ángelo Preciado,DFMF,ec Ecuador,28-149,1998,4,109.0,27.0,30.3,1.2,0,,0,4,27.0,0,1.0,1.0,1.0,0.0,0.0,0.72,Matches,eadc8e4f
903,Ruben Providence,MF,ht Haiti,25-010,2001,3,220.0,73.0,81.5,2.4,3,73.0,0,0,,0,0.0,2.0,6.0,-4.0,-1.64,1.96,Matches,26bab383
904,Lukáš Provod,FW,cz Czechia,29-267,1996,3,122.0,41.0,45.2,1.4,1,63.0,0,2,30.0,0,0.33,1.0,3.0,-2.0,-1.48,-0.26,Matches,8f21b7bd
905,Marc Pubill,DF,es Spain,23-027,2003,1,1.0,1.0,0.2,0.0,0,,0,1,1.0,6,3.0,0.0,0.0,0.0,0.0,-1.72,Matches,365113c0
906,Gustavo Puerta,MF,co Colombia,22-359,2003,5,469.0,94.0,97.7,5.2,5,94.0,4,0,,0,2.2,4.0,1.0,3.0,0.58,-7.61,Matches,2c08cab0
907,Christian Pulisic,MF,us United States,27-302,1998,4,223.0,56.0,49.6,2.5,3,63.0,0,1,33.0,0,1.5,6.0,4.0,2.0,0.81,0.41,Matches,1bf33a9a
908,Ahmed Qasem,MFFW,iq Iraq,23-005,2003,3,123.0,41.0,45.6,1.4,2,53.0,1,1,18.0,0,0.0,0.0,6.0,-6.0,-4.39,-1.33,Matches,27219ecb
909,Jarell Quansah,DF,eng England,23-169,2003,2,115.0,58.0,17.4,1.3,2,58.0,0,0,,3,3.0,3.0,1.0,2.0,1.57,0.9,Matches,4125cb98
910,Julián Quiñones,FWMF,mx Mexico,29-115,1997,5,410.0,82.0,91.1,4.6,5,82.0,1,0,,0,2.4,10.0,3.0,7.0,1.54,1.54,Matches,5535c728
911,Alberto Quintero,FWMF,pa Panama,38-211,1987,1,3.0,3.0,1.1,0.0,0,,0,1,3.0,2,0.0,0.0,0.0,0.0,0.0,1.35,Matches,5854ae43
912,Juan Quintero,FWMF,co Colombia,33-180,1993,4,121.0,30.0,25.2,1.3,0,,0,4,30.0,1,2.0,1.0,0.0,1.0,0.74,-0.01,Matches,540d0b37
913,Ramy Rabia,DF,eg Egypt,33-058,1993,5,372.0,74.0,77.5,4.1,3,100.0,3,2,36.0,0,1.2,7.0,5.0,2.0,0.48,1.32,Matches,e32afa36
914,Adrien Rabiot,MF,fr France,31-105,1995,6,495.0,83.0,78.6,5.5,6,83.0,5,0,,1,2.5,12.0,2.0,10.0,1.82,0.48,Matches,8794e251
915,Stjepan Radeljić,DF,ba Bosnia–Herz,28-315,1997,2,180.0,90.0,50.0,2.0,2,90.0,2,0,,2,1.5,3.0,3.0,0.0,0.0,1.5,Matches,30e03a25
916,Soufiane Rahimi,FW,ma Morocco,30-045,1996,6,163.0,27.0,28.6,1.8,0,,0,6,27.0,0,1.83,6.0,1.0,5.0,2.76,2.98,Matches,f126a259
917,Abdul Rahman Baba,DFMF,gh Ghana,32-015,1994,1,1.0,1.0,0.3,0.0,0,,0,1,1.0,3,1.0,0.0,0.0,0.0,0.0,0.25,Matches,e4086af3
918,Anthony Ralston,DF,sct Scotland,27-243,1998,2,11.0,6.0,4.1,0.1,0,,0,2,6.0,1,0.0,0.0,0.0,0.0,0.0,1.04,Matches,56208b05
919,Moisés Ramírez,GK,ec Ecuador,25-311,2000,0,,,,,0,,0,0,,4,,,,,,,Matches,edf42402
920,Gonçalo Ramos,FW,pt Portugal,25-027,2001,2,36.0,18.0,8.0,0.4,0,,0,2,18.0,3,2.0,2.0,0.0,2.0,5.0,4.35,Matches,f63cda26
921,Jiovany Ramos,DF,pa Panama,29-172,1997,2,166.0,83.0,61.5,1.8,2,83.0,1,0,,1,0.0,0.0,2.0,-2.0,-1.08,0.65,Matches,30cda59f
922,Jesse Randall,MF,nz New Zealand,23-332,2002,3,61.0,20.0,22.6,0.7,0,,0,3,20.0,0,0.33,1.0,5.0,-4.0,-5.9,-5.04,Matches,513ec88e
923,Raúl Rangel,GK,mx Mexico,26-142,2000,5,437.0,87.0,97.1,4.9,5,87.0,4,0,,0,2.4,9.0,3.0,6.0,1.24,-5.69,Matches,15f733fb
924,Raphinha,MFFW,br Brazil,29-215,1996,2,129.0,65.0,28.7,1.4,2,65.0,1,0,,1,2.0,3.0,1.0,2.0,1.4,0.27,Matches,3423f250
925,Nizar Al Rashdan,MF,jo Jordan,27-116,1999,3,255.0,85.0,94.4,2.8,3,85.0,2,0,,0,0.0,3.0,7.0,-4.0,-1.41,4.59,Matches,feaa0ffd
926,Marcus Rashford,MF,eng England,28-259,1997,5,178.0,36.0,27.0,2.0,2,75.0,1,3,9.0,2,2.0,3.0,1.0,2.0,1.01,0.26,Matches,a1d5bd30
927,Nicolas Raskin,MF,be Belgium,25-144,2001,6,341.0,57.0,59.8,3.8,3,78.0,1,3,35.0,0,1.83,10.0,3.0,7.0,1.85,1.85,Matches,dba1f190
928,David Raum,DF,de Germany,28-086,1998,2,108.0,54.0,27.7,1.2,1,90.0,1,1,18.0,2,1.5,3.0,2.0,1.0,0.83,-0.76,Matches,7d450ed3
929,Noor Al Rawabdeh,MF,jo Jordan,29-143,1997,3,270.0,90.0,100.0,3.0,3,90.0,3,0,,0,0.0,3.0,8.0,-5.0,-1.67,,Matches,3bb06c86
930,David Raya,GK,es Spain,30-305,1995,0,,,,,0,,0,0,,7,,,,,,,Matches,98ea5115
931,Rayan,FWMF,br Brazil,19-348,2006,4,288.0,72.0,64.0,3.2,3,79.0,1,1,51.0,1,2.25,6.0,1.0,5.0,1.56,1.01,Matches,288647fc
932,Iqraam Rayners,FW,za South Africa,30-210,1995,4,161.0,40.0,44.7,1.8,2,70.0,0,2,11.0,0,1.0,0.0,4.0,-4.0,-2.24,-3.14,Matches,190b0d5e
933,Amirmohammad Razzaghinia,MF,ir IR Iran,20-097,2006,0,,,,,0,,0,0,,3,,,,,,,Matches,ac3242eb
934,Tim Ream,DF,us United States,38-285,1987,4,360.0,90.0,80.0,4.0,4,90.0,4,0,,1,2.25,9.0,5.0,4.0,1.0,2.0,Matches,28b40c9c
935,Ahmed Reda Tagnaouti,GK,ma Morocco,30-103,1996,0,,,,,0,,0,0,,6,,,,,,,Matches,12e12fd9
936,Tijjani Reijnders,MF,nl Netherlands,27-353,1998,3,199.0,66.0,51.0,2.2,3,66.0,0,0,,1,2.33,9.0,3.0,6.0,2.71,2.71,Matches,afb61630
937,Omar Rekik,DF,tn Tunisia,24-209,2001,2,180.0,90.0,66.7,2.0,2,90.0,2,0,,1,0.0,1.0,9.0,-8.0,-4.0,-2.0,Matches,e69e0f7b
938,Israel Reyes,DF,mx Mexico,26-055,2000,4,202.0,51.0,44.9,2.2,2,90.0,2,2,11.0,1,3.0,5.0,0.0,5.0,2.23,1.5,Matches,0db8bbc4
939,Gio Reyna,MF,us United States,23-246,2002,5,131.0,26.0,29.1,1.5,1,75.0,0,4,14.0,0,1.8,3.0,4.0,-1.0,-0.69,-1.82,Matches,7fa4e703
940,Ramin Rezaeian,DFMF,ir IR Iran,36-118,1990,3,270.0,90.0,100.0,3.0,3,90.0,3,0,,0,1.0,3.0,3.0,0.0,0.0,,Matches,c0ae3446
941,Chadi Riad,DF,ma Morocco,23-030,2003,4,344.0,86.0,60.4,3.8,4,86.0,3,0,,2,2.0,6.0,4.0,2.0,0.52,-0.27,Matches,b3b9b8b8
942,Declan Rice,MF,eng England,27-184,1999,6,467.0,78.0,70.8,5.2,6,78.0,2,0,,1,2.17,10.0,6.0,4.0,0.77,-0.16,Matches,1c7012b8
943,Chris Richards,DF,us United States,26-111,2000,4,360.0,90.0,80.0,4.0,4,90.0,4,0,,1,2.25,9.0,5.0,4.0,1.0,2.0,Matches,0a3d6d2b
944,Fabian Rieder,MFFW,ch Switzerland,24-151,2002,5,302.0,60.0,50.3,3.4,3,86.0,0,2,23.0,1,1.6,1.0,2.0,-1.0,-0.3,-1.81,Matches,c2bd8585
945,Richard Ríos,MF,co Colombia,26-045,2000,5,140.0,28.0,29.2,1.6,0,,0,5,28.0,0,2.2,1.0,0.0,1.0,0.64,-0.15,Matches,72da065d
946,Robin Risser,GK,fr France,21-227,2004,0,,,,,0,,0,0,,7,,,,,,,Matches,56a66faa
947,Ró-Ró,DF,qa Qatar,35-345,1990,3,270.0,90.0,100.0,3.0,3,90.0,3,0,,0,0.33,2.0,10.0,-8.0,-2.67,,Matches,8735fe66
948,Andy Robertson,DF,sct Scotland,32-128,1994,3,225.0,75.0,83.3,2.5,3,75.0,2,0,,0,1.0,1.0,3.0,-2.0,-0.8,1.2,Matches,2e4f5f03
949,Antonee Robinson,DFMF,us United States,28-343,1997,4,348.0,87.0,77.3,3.9,4,87.0,2,0,,1,2.25,9.0,4.0,5.0,1.29,3.06,Matches,289601e6
950,Miles Robinson,DF,us United States,29-125,1997,1,90.0,90.0,20.0,1.0,1,90.0,1,0,,4,0.0,2.0,3.0,-1.0,-1.0,-2.0,Matches,782a95d9
951,Sergio Rochet,GK,uy Uruguay,33-116,1993,1,45.0,45.0,16.7,0.5,0,,0,1,45.0,2,0.0,0.0,0.0,0.0,0.0,0.4,Matches,81b99b9e
952,Rodri,MF,es Spain,30-025,1996,7,626.0,89.0,99.4,7.0,7,89.0,6,0,,0,2.71,13.0,1.0,12.0,1.73,1.73,Matches,6434f10d
953,Garry Rodrigues,MF,cv Cabo Verde,35-232,1990,2,76.0,38.0,19.5,0.8,1,57.0,0,1,19.0,2,1.0,1.0,2.0,-1.0,-1.18,-1.18,Matches,149895bf
954,Brian Rodríguez,FWMF,uy Uruguay,26-058,2000,3,41.0,14.0,15.2,0.5,0,,0,3,14.0,0,0.67,0.0,0.0,0.0,0.0,0.39,Matches,c86041d7
955,James Rodríguez,FWMF,co Colombia,35-005,1991,5,313.0,63.0,65.2,3.5,5,63.0,0,0,,0,2.2,3.0,1.0,2.0,0.58,-0.5,Matches,715bf047
956,Kevin Rodríguez,FW,ec Ecuador,26-135,2000,4,118.0,30.0,32.8,1.3,0,,0,4,30.0,0,1.0,1.0,1.0,0.0,0.0,0.74,Matches,189fb038
957,Ricardo Rodríguez,DF,ch Switzerland,33-326,1992,6,517.0,86.0,86.2,5.7,6,86.0,3,0,,0,1.83,10.0,3.0,7.0,1.22,4.47,Matches,7f78ad23
958,Tomás Rodríguez,FW,pa Panama,27-130,1999,2,46.0,23.0,17.0,0.5,1,45.0,0,1,1.0,1,0.0,0.0,0.0,0.0,0.0,1.61,Matches,59f97bc8
959,Robin Roefs,GK,nl Netherlands,23-181,2003,0,,,,,0,,0,0,,4,,,,,,,Matches,349fa918
960,Godfried Roemeratoe,MF,cw Curaçao,26-332,1999,1,7.0,7.0,2.6,0.1,0,,0,1,7.0,2,1.0,0.0,0.0,0.0,0.0,2.74,Matches,a646b710
961,Morgan Rogers,MF,eng England,23-356,2002,6,249.0,42.0,37.7,2.8,2,90.0,2,4,17.0,1,2.17,5.0,2.0,3.0,1.08,0.43,Matches,2e5915f1
962,Logan Rogerson,FWMF,nz New Zealand,28-050,1998,0,,,,,0,,0,0,,2,,,,,,,Matches,9538d1a4
963,Cristian Roldan,MF,us United States,31-044,1995,0,,,,,0,,0,0,,2,,,,,,,Matches,48875649
964,Cristian Romero,DF,ar Argentina,28-081,1998,6,539.0,90.0,78.1,6.0,6,90.0,2,0,,1,3.0,12.0,6.0,6.0,1.0,-2.57,Matches,a3d94a58
965,Luis Romo,MF,mx Mexico,31-042,1995,4,264.0,66.0,58.7,2.9,4,66.0,0,0,,1,2.25,6.0,3.0,3.0,1.02,-0.91,Matches,e590bb10
966,Cristiano Ronaldo,FW,pt Portugal,41-162,1985,5,440.0,88.0,97.8,4.9,5,88.0,4,0,,0,1.6,7.0,3.0,4.0,0.82,-8.18,Matches,dea698d9
967,Eloy Room,GK,cw Curaçao,37-161,1989,3,270.0,90.0,100.0,3.0,3,90.0,3,0,,0,0.33,1.0,9.0,-8.0,-2.67,,Matches,6b33d86b
968,Marten de Roon,DFMF,nl Netherlands,35-110,1991,1,11.0,11.0,2.8,0.1,0,,0,1,11.0,3,1.0,0.0,0.0,0.0,0.0,-1.42,Matches,2a1beb34
969,Márcio Rosa,GK,cv Cabo Verde,29-144,1997,0,,,,,0,,0,0,,4,,,,,,,Matches,87e907ff
970,Saed Al-Rosan,DF,jo Jordan,29-166,1997,1,10.0,10.0,3.7,0.1,0,,0,1,10.0,2,0.0,0.0,1.0,-1.0,-9.0,-7.62,Matches,f3115445
971,Antonio Rüdiger,DF,de Germany,33-136,1993,4,262.0,66.0,67.2,2.9,2,100.0,1,2,32.0,0,1.75,6.0,3.0,3.0,1.03,-1.08,Matches,18b896d6
972,Alex Rufer,MF,nz New Zealand,30-035,1996,0,,,,,0,,0,0,,3,,,,,,,Matches,53be5103
973,Fabián Ruiz Peña,MF,es Spain,30-105,1996,7,260.0,37.0,41.3,2.9,3,67.0,0,4,15.0,0,2.71,4.0,1.0,3.0,1.04,-1.15,Matches,c0c7ff58
974,Gerónimo Rulli,GK,ar Argentina,34-058,1992,0,,,,,0,,0,0,,7,,,,,,,Matches,625c144a
975,Mathew Ryan,GK,au Australia,34-100,1992,1,2.0,2.0,0.5,0.0,0,,0,1,2.0,3,1.0,0.0,0.0,0.0,0.0,0.0,Matches,4535e4bb
976,Julian Ryerson,DF,no Norway,28-242,1997,4,223.0,56.0,39.1,2.5,4,56.0,1,0,,2,2.25,5.0,2.0,3.0,1.21,1.47,Matches,009a4f60
977,José Sá,GK,pt Portugal,33-181,1993,0,,,,,0,,0,0,,5,,,,,,,Matches,903b6e8b
978,Elias Saad,MFFW,tn Tunisia,26-202,1999,2,116.0,58.0,43.0,1.3,2,58.0,0,0,,1,0.0,1.0,5.0,-4.0,-3.1,0.4,Matches,78a2284f
979,Marwane Saâdane,DFMF,ma Morocco,34-181,1992,1,4.0,4.0,0.7,0.0,0,,0,1,4.0,5,3.0,1.0,0.0,1.0,22.5,22.02,Matches,14f47102
980,Mustafa Saadoon,DF,iq Iraq,25-053,2001,1,18.0,18.0,6.7,0.2,0,,0,1,18.0,2,0.0,0.0,2.0,-2.0,-10.0,-6.79,Matches,928dc5c9
981,Mahmoud Saber,MF,eg Egypt,24-352,2001,2,46.0,23.0,9.6,0.5,1,45.0,0,1,1.0,3,1.0,1.0,1.0,0.0,0.0,-0.21,Matches,632c42f5
982,Marcel Sabitzer,MF,at Austria,32-122,1994,4,360.0,90.0,100.0,4.0,4,90.0,4,0,,0,1.0,6.0,9.0,-3.0,-0.75,,Matches,e280527c
983,Ibrahim Sadeh,MF,jo Jordan,26-081,2000,0,,,,,0,,0,0,,3,,,,,,,Matches,4bdf95b2
984,Noah Sadiki,MF,cd Congo DR,21-212,2004,4,259.0,65.0,71.9,2.9,2,90.0,2,2,40.0,0,1.0,4.0,4.0,0.0,0.0,0.0,Matches,645481cc
985,Michal Sadílek,MF,cz Czechia,27-047,1999,3,183.0,61.0,67.8,2.0,2,78.0,1,1,27.0,0,0.33,1.0,5.0,-4.0,-1.97,-1.97,Matches,7c9fa389
986,Alexis Saelemaekers,MF,be Belgium,27-020,1999,4,83.0,21.0,14.6,0.9,1,57.0,0,3,9.0,2,1.75,3.0,2.0,1.0,1.08,-0.02,Matches,ee251371
987,Ismael Saibari,FW,ma Morocco,25-170,2001,5,381.0,76.0,66.8,4.2,5,76.0,1,0,,1,2.2,5.0,4.0,1.0,0.24,-1.19,Matches,3ec9f005
988,Bukayo Saka,MF,eng England,24-315,2001,6,268.0,45.0,40.6,3.0,2,59.0,0,4,38.0,1,2.67,7.0,1.0,6.0,2.01,2.01,Matches,bc7dc64d
989,Mohamed Salah,FWMF,eg Egypt,34-032,1992,5,425.0,85.0,88.5,4.7,5,85.0,2,0,,0,1.2,8.0,7.0,1.0,0.21,0.21,Matches,e342ad68
990,Anass Salah-Eddine,DF,ma Morocco,24-180,2002,4,212.0,53.0,37.2,2.4,2,78.0,0,2,29.0,2,1.25,4.0,4.0,0.0,0.0,-1.01,Matches,0d274394
991,Nathan Saliba,MF,ca Canada,22-160,2004,3,182.0,61.0,40.4,2.0,2,74.0,1,1,34.0,2,2.0,4.0,2.0,2.0,0.99,0.65,Matches,44cfc681
992,William Saliba,DF,fr France,25-115,2001,6,479.0,80.0,76.0,5.3,6,80.0,5,0,,1,2.5,12.0,2.0,10.0,1.88,0.69,Matches,972aeb2a
993,Brice Samba,GK,fr France,32-083,1994,0,,,,,0,,0,0,,7,,,,,,,Matches,60d90c55
994,Shurandy Sambo,DF,cw Curaçao,24-332,2001,1,1.0,1.0,0.4,0.0,0,,0,1,1.0,2,0.0,0.0,0.0,0.0,0.0,2.68,Matches,4b1d5a70
995,César Samudio,GK,pa Panama,32-144,1994,0,,,,,0,,0,0,,3,,,,,,,Matches,4eb9cc0f
996,Antonio Sanabria,FW,py Paraguay,30-135,1996,2,83.0,42.0,17.3,0.9,1,61.0,0,1,22.0,3,0.5,0.0,3.0,-3.0,-3.25,-3.25,Matches,0a447501
997,Davinson Sánchez,DF,co Colombia,30-035,1996,5,480.0,96.0,100.0,5.3,5,96.0,5,0,,0,2.2,5.0,1.0,4.0,0.75,,Matches,da7b447d
998,Jorge Sánchez,DF,mx Mexico,28-219,1997,4,348.0,87.0,77.3,3.9,4,87.0,3,0,,1,2.25,8.0,3.0,5.0,1.29,-0.47,Matches,c8d1c3a5
999,Alex Sandro,DFMF,br Brazil,35-172,1991,1,9.0,9.0,2.0,0.1,0,,0,1,9.0,4,3.0,0.0,0.0,0.0,0.0,-1.22,Matches,0d82903c
1000,Leroy Sané,MF,de Germany,30-187,1996,4,326.0,82.0,83.6,3.6,4,82.0,2,0,,0,1.75,9.0,5.0,4.0,1.1,-1.71,Matches,2b114be3
1001,Ibrahim Sangaré,MF,ci Côte d'Ivoire,28-227,1997,4,268.0,67.0,74.4,3.0,3,85.0,2,1,14.0,0,1.5,5.0,3.0,2.0,0.67,1.65,Matches,bced0375
1002,Kaishū Sano,MF,jp Japan,25-199,2000,3,270.0,90.0,75.0,3.0,3,90.0,3,0,,1,1.33,7.0,4.0,3.0,1.0,1.0,Matches,7a7a6361
1003,Danilo Santos,MF,br Brazil,25-079,2001,4,46.0,12.0,10.2,0.5,0,,0,4,12.0,1,1.75,1.0,2.0,-1.0,-1.96,-3.52,Matches,a816dbfb
1004,Douglas Santos,DF,br Brazil,32-117,1994,5,441.0,88.0,98.0,4.9,5,88.0,4,0,,0,2.0,10.0,4.0,6.0,1.22,1.22,Matches,c50e5bba
1005,Bara Sapoko Ndiaye,MF,sn Senegal,18-198,2007,1,26.0,26.0,6.7,0.3,0,,0,1,26.0,3,0.0,0.0,1.0,-1.0,-3.46,-3.96,Matches,fa080d50
1006,Ismaila Sarr,MFFW,sn Senegal,28-142,1998,4,364.0,91.0,93.3,4.0,4,91.0,2,0,,0,0.75,8.0,7.0,1.0,0.25,0.25,Matches,bfdb33aa
1007,Mamadou Sarr,DF,sn Senegal,20-322,2005,0,,,,,0,,0,0,,4,,,,,,,Matches,61f80c89
1008,Farrukh Sayfiev,DFMF,uz Uzbekistan,35-181,1991,1,45.0,45.0,16.7,0.5,0,,0,1,45.0,2,0.0,1.0,2.0,-1.0,-2.0,1.2,Matches,bad66fb5
1009,Amine Sbai,FWMF,ma Morocco,25-254,2000,1,6.0,6.0,1.1,0.1,0,,0,1,6.0,5,0.0,0.0,0.0,0.0,0.0,-0.64,Matches,bafbe06a
1010,Joe Scally,DF,us United States,23-198,2002,2,87.0,44.0,19.3,1.0,1,76.0,0,1,11.0,3,1.5,2.0,2.0,0.0,0.0,-0.74,Matches,236f02cd
1011,Patrik Schick,FW,cz Czechia,30-174,1996,3,180.0,60.0,66.7,2.0,2,77.0,1,1,27.0,0,0.33,2.0,2.0,0.0,0.0,4.0,Matches,5d4f7d61
1012,Andreas Schjelderup,FW,no Norway,22-046,2004,6,252.0,42.0,44.2,2.8,2,75.0,0,4,26.0,0,2.0,7.0,7.0,0.0,0.0,-0.57,Matches,a427724f
1013,Alexander Schlager,GK,at Austria,30-166,1996,4,360.0,90.0,100.0,4.0,4,90.0,4,0,,0,1.0,6.0,9.0,-3.0,-0.75,,Matches,6fe5c35b
1014,Xaver Schlager,MF,at Austria,28-292,1997,4,238.0,60.0,66.1,2.6,4,60.0,1,0,,0,1.0,2.0,5.0,-3.0,-1.13,-1.13,Matches,8f056768
1015,Nico Schlotterbeck,DF,de Germany,26-228,1999,2,135.0,68.0,34.6,1.5,2,68.0,1,0,,0,3.0,7.0,2.0,5.0,3.33,2.98,Matches,34e12499
1016,Romano Schmid,MFFW,at Austria,26-171,2000,4,263.0,66.0,73.1,2.9,4,66.0,0,0,,0,1.0,3.0,4.0,-1.0,-0.34,1.51,Matches,220ace7e
1017,Alessandro Schöpf,MF,at Austria,32-160,1994,0,,,,,0,,0,0,,4,,,,,,,Matches,106bca06
1018,Kamogelo Sebelebele,DFMF,za South Africa,23-361,2002,1,7.0,7.0,1.9,0.1,0,,0,1,7.0,3,1.0,0.0,0.0,0.0,0.0,0.51,Matches,cc014f7d
1019,Abdoulaye Seck,DF,sn Senegal,34-043,1992,1,57.0,57.0,14.6,0.6,1,57.0,0,0,,3,3.0,2.0,0.0,2.0,3.16,3.43,Matches,f07a0fe5
1020,Alidu Seidu,DF,gh Ghana,26-043,2000,1,78.0,78.0,21.7,0.9,0,,0,1,78.0,3,0.0,0.0,1.0,-1.0,-1.15,-1.15,Matches,cea59f02
1021,Nicolas Seiwald,MF,at Austria,25-074,2001,4,315.0,79.0,87.5,3.5,4,79.0,3,0,,0,1.0,6.0,7.0,-1.0,-0.29,3.71,Matches,28c6e925
1022,Ayumu Seko,DF,jp Japan,26-040,2000,2,86.0,43.0,23.9,1.0,1,74.0,0,1,12.0,2,2.0,2.0,1.0,1.0,1.05,0.39,Matches,5c6a4059
1023,Egil Selvik,GK,no Norway,28-352,1997,1,90.0,90.0,15.8,1.0,1,90.0,1,0,,5,0.0,1.0,4.0,-3.0,-3.0,-3.94,Matches,05d89c1c
1024,Ken Sema,FWMF,se Sweden,32-290,1993,1,16.0,16.0,4.4,0.2,0,,0,1,16.0,3,1.0,0.0,0.0,0.0,0.0,0.78,Matches,1770bd68
1025,Nélson Semedo,DFMF,pt Portugal,32-243,1993,4,127.0,32.0,28.2,1.4,0,,0,4,32.0,1,1.75,4.0,1.0,3.0,2.13,1.57,Matches,d04b94db
1026,Willy Semedo,FW,cv Cabo Verde,32-081,1994,3,131.0,44.0,33.6,1.5,1,60.0,0,2,36.0,1,0.67,1.0,2.0,-1.0,-0.69,-0.69,Matches,d1edc98f
1027,Antoine Semenyo,MFFW,gh Ghana,26-191,2000,4,360.0,90.0,100.0,4.0,4,90.0,4,0,,0,1.0,2.0,3.0,-1.0,-0.25,,Matches,efd2ec23
1028,Marvin Senaya,DF,gh Ghana,25-170,2001,4,278.0,70.0,77.2,3.1,4,70.0,2,0,,0,1.0,2.0,2.0,0.0,0.0,1.1,Matches,1d383c10
1029,Marcos Senesi,DF,ar Argentina,29-068,1997,1,90.0,90.0,13.0,1.0,1,90.0,1,0,,6,3.0,3.0,1.0,2.0,2.0,0.5,Matches,35141f4c
1030,Igor Sergeev,FW,uz Uzbekistan,33-078,1993,3,28.0,9.0,10.4,0.3,0,,0,3,9.0,0,0.0,0.0,3.0,-3.0,-9.64,-7.41,Matches,8df41977
1031,Jean Seri,MF,ci Côte d'Ivoire,34-363,1991,1,14.0,14.0,3.9,0.2,0,,0,1,14.0,3,3.0,0.0,0.0,0.0,0.0,-0.26,Matches,10efd0e1
1032,Kim Seung-gyu,GK,kr Korea Republic,35-290,1990,3,270.0,90.0,100.0,3.0,3,90.0,3,0,,0,1.0,2.0,3.0,-1.0,-0.33,,Matches,eabaafa6
1033,Paik Seung-ho,MF,kr Korea Republic,29-122,1997,3,204.0,68.0,75.6,2.3,3,68.0,0,0,,0,1.0,2.0,2.0,0.0,0.0,1.36,Matches,1e1bea09
1034,Joaquin Seys,DF,be Belgium,21-111,2005,1,30.0,30.0,5.3,0.3,0,,0,1,30.0,5,0.0,0.0,1.0,-1.0,-3.0,-4.33,Matches,0beabf0a
1035,Jacob Shaffelburg,MF,ca Canada,26-233,1999,5,92.0,18.0,20.4,1.0,0,,0,5,18.0,0,1.4,4.0,2.0,2.0,1.96,1.71,Matches,339a2561
1036,Mohammed Abu Al-Shamat,MF,sa Saudi Arabia,23-340,2002,3,136.0,45.0,50.4,1.5,1,80.0,0,2,28.0,0,0.67,1.0,1.0,0.0,0.0,2.69,Matches,dd65e243
1037,Lawrence Shankland,FW,sct Scotland,30-341,1995,2,171.0,86.0,63.3,1.9,2,86.0,0,0,,1,1.5,1.0,3.0,-2.0,-1.05,-0.14,Matches,63b1a176
1038,Sharara,FW,jo Jordan,28-199,1997,2,2.0,1.0,0.7,0.0,0,,0,2,1.0,1,0.0,0.0,0.0,0.0,0.0,1.68,Matches,67e2aed8
1039,Saleh Al-Shehri,FW,sa Saudi Arabia,32-258,1993,0,,,,,0,,0,0,,3,,,,,,,Matches,f4377d0f
1040,Mohamed El-Shenawy,GK,eg Egypt,37-211,1988,0,,,,,0,,0,0,,5,,,,,,,Matches,b3b16d95
1041,Aimar Sher,MF,iq Iraq,23-209,2002,1,23.0,23.0,8.5,0.3,0,,0,1,23.0,2,0.0,0.0,0.0,0.0,0.0,4.01,Matches,ef301f96
1042,Kento Shiogai,FW,jp Japan,21-113,2005,1,7.0,7.0,1.9,0.1,0,,0,1,7.0,3,1.0,1.0,0.0,1.0,12.86,12.35,Matches,6bc2fef7
1043,Mostafa Shobeir,GK,eg Egypt,26-063,2000,5,480.0,96.0,100.0,5.3,5,96.0,5,0,,0,1.2,8.0,7.0,1.0,0.19,,Matches,0cb1d2ba
1044,Eldor Shomurodov,FW,uz Uzbekistan,31-018,1995,3,269.0,90.0,99.6,3.0,3,90.0,2,0,,0,0.0,2.0,10.0,-8.0,-2.68,87.32,Matches,57469b2d
1045,Otabek Shukurov,MF,uz Uzbekistan,30-025,1996,3,237.0,79.0,87.8,2.6,3,79.0,1,0,,0,0.0,2.0,8.0,-6.0,-2.28,5.9,Matches,62032a56
1046,Nkosinathi Sibisi,DF,za South Africa,30-298,1995,1,90.0,90.0,25.0,1.0,1,90.0,1,0,,3,0.0,0.0,2.0,-2.0,-2.0,-2.0,Matches,932f8e2b
1047,Kwasi Sibo,MF,gh Ghana,28-023,1998,4,248.0,62.0,68.9,2.8,3,78.0,1,1,13.0,0,1.0,2.0,3.0,-1.0,-0.36,-0.36,Matches,be834ad7
1048,Niko Sigur,MF,ca Canada,22-311,2003,3,126.0,42.0,28.0,1.4,1,86.0,0,2,20.0,2,2.0,2.0,2.0,0.0,0.0,-0.83,Matches,5c56986b
1049,Bernardo Silva,MF,pt Portugal,31-341,1994,4,97.0,24.0,21.6,1.1,1,45.0,0,3,17.0,1,1.75,4.0,2.0,2.0,1.86,1.09,Matches,3eb22ec9
1050,Éderson Silva,MF,br Brazil,27-010,1999,2,22.0,11.0,4.9,0.2,0,,0,2,11.0,3,1.5,1.0,1.0,0.0,0.0,-1.26,Matches,a9202def
1051,Rui Silva,GK,pt Portugal,32-160,1994,0,,,,,0,,0,0,,5,,,,,,,Matches,ea83bfa6
1052,Giuliano Simeone,FW,ar Argentina,23-211,2002,2,141.0,71.0,20.4,1.6,2,71.0,0,0,,5,3.0,2.0,2.0,0.0,0.0,-1.97,Matches,a6536561
1053,Dominique Simon,MF,ht Haiti,25-353,2000,2,56.0,28.0,20.7,0.6,0,,0,2,28.0,1,0.0,0.0,1.0,-1.0,-1.61,0.5,Matches,ffd8e8c5
1054,Unai Simón,GK,es Spain,29-036,1997,7,630.0,90.0,100.0,7.0,7,90.0,7,0,,0,2.71,13.0,1.0,12.0,1.71,,Matches,5dcf3e90
1055,Sarpreet Singh,MF,nz New Zealand,27-147,1999,3,209.0,70.0,77.4,2.3,3,70.0,0,0,,0,0.33,3.0,5.0,-2.0,-0.86,5.04,Matches,4ba886c6
1056,Wilfried Singo,DF,ci Côte d'Ivoire,25-204,2000,2,171.0,86.0,47.5,1.9,2,86.0,1,0,,2,1.5,2.0,1.0,1.0,0.53,0.53,Matches,8b609c34
1057,Sphephelo Sithole,MF,za South Africa,27-136,1999,3,229.0,76.0,63.6,2.5,3,76.0,2,0,,0,1.0,1.0,2.0,-1.0,-0.39,0.29,Matches,33bcd4b3
1058,Ellyes Skhiri,MFDF,tn Tunisia,31-068,1995,3,250.0,83.0,92.6,2.8,3,83.0,1,0,,0,0.0,2.0,10.0,-8.0,-2.88,6.12,Matches,c2211709
1059,Eric Smith,DFMF,se Sweden,29-190,1997,0,,,,,0,,0,0,,4,,,,,,,Matches,8817312f
1060,Tommy Smith,DF,nz New Zealand,36-108,1990,0,,,,,0,,0,0,,3,,,,,,,Matches,26a48676
1061,Hugo Sochůrek,MF,cz Czechia,18-040,2008,0,,,,,0,,0,0,,3,,,,,,,Matches,c75bba87
1062,Alexandr Sojka,MFDF,cz Czechia,23-106,2003,3,141.0,47.0,52.2,1.6,2,69.0,0,1,4.0,0,0.33,2.0,3.0,-1.0,-0.64,1.45,Matches,765b7bfc
1063,Ramón Sosa,FWMF,py Paraguay,26-320,1999,1,12.0,12.0,2.5,0.1,0,,0,1,12.0,4,0.0,0.0,1.0,-1.0,-7.5,-7.12,Matches,2d3417a1
1064,Tomáš Souček,MF,cz Czechia,31-140,1995,3,137.0,46.0,50.7,1.5,1,90.0,1,2,24.0,0,0.33,1.0,3.0,-2.0,-1.31,0.04,Matches,6613c819
1065,Harry Souttar,DF,au Australia,27-268,1998,4,390.0,98.0,100.0,4.3,4,98.0,4,0,,0,1.25,3.0,3.0,0.0,0.0,,Matches,0a6cb1b1
1066,John Souttar,DF,sct Scotland,29-295,1996,0,,,,,0,,0,0,,3,,,,,,,Matches,312d7b42
1067,Djibril Sow,MF,ch Switzerland,29-161,1997,4,253.0,63.0,42.2,2.8,2,79.0,0,2,48.0,2,1.75,7.0,2.0,5.0,1.78,2.04,Matches,4c6facae
1068,Çağlar Söyüncü,DF,tr Türkiye,30-055,1996,1,7.0,7.0,2.6,0.1,0,,0,1,7.0,2,3.0,1.0,0.0,1.0,12.86,13.88,Matches,21166ff4
1069,Djed Spence,DF,eng England,25-342,2000,7,314.0,45.0,47.6,3.5,3,74.0,0,4,23.0,0,2.29,4.0,2.0,2.0,0.57,-0.47,Matches,9bc9a519
1070,Dayne St. Clair,GK,ca Canada,29-069,1997,0,,,,,0,,0,0,,5,,,,,,,Matches,3f41d25f
1071,Marko Stamenic,MF,nz New Zealand,24-148,2002,3,269.0,90.0,99.6,3.0,3,90.0,2,0,,0,0.33,4.0,10.0,-6.0,-2.01,-2.01,Matches,690d1049
1072,Jindřich Staněk,GK,cz Czechia,30-081,1996,0,,,,,0,,0,0,,3,,,,,,,Matches,eca17cf2
1073,Josip Stanišić,DFMF,hr Croatia,26-106,2000,4,360.0,90.0,100.0,4.0,4,90.0,4,0,,0,1.5,6.0,7.0,-1.0,-0.25,,Matches,7ed08d5c
1074,Carl Starfelt,DF,se Sweden,31-046,1995,1,4.0,4.0,1.1,0.0,0,,0,1,4.0,3,1.0,0.0,0.0,0.0,0.0,0.76,Matches,5cfec13d
1075,Ross Stewart,FW,sct Scotland,30-006,1996,1,2.0,2.0,0.7,0.0,0,,0,1,2.0,2,0.0,0.0,0.0,0.0,0.0,1.01,Matches,18986367
1076,Angelo Stiller,MF,de Germany,25-104,2001,1,45.0,45.0,11.5,0.5,0,,0,1,45.0,3,0.0,0.0,1.0,-1.0,-2.0,-3.83,Matches,3b1ed320
1077,John Stones,DF,eng England,32-050,1994,5,330.0,66.0,50.0,3.7,3,98.0,1,2,18.0,2,2.4,8.0,5.0,3.0,0.82,0.0,Matches,5eecec3d
1078,Stopira,DF,cv Cabo Verde,38-058,1988,0,,,,,0,,0,0,,4,,,,,,,Matches,e9517008
1079,Jørgen Strand Larsen,FW,no Norway,26-161,2000,2,105.0,53.0,18.4,1.2,1,90.0,1,1,15.0,4,0.0,1.0,4.0,-3.0,-2.57,-3.54,Matches,f553b2b3
1080,Elliot Stroud,MF,se Sweden,24-025,2002,4,166.0,42.0,46.1,1.8,2,70.0,0,2,14.0,0,1.0,3.0,3.0,0.0,0.0,1.39,Matches,ff11bdec
1081,Luis Suárez,FW,co Colombia,28-227,1997,5,331.0,66.0,69.0,3.7,3,72.0,0,2,57.0,0,2.2,3.0,1.0,2.0,0.54,-0.66,Matches,eeba07f8
1082,Luka Sučić,FWMF,hr Croatia,23-312,2002,1,19.0,19.0,5.3,0.2,0,,0,1,19.0,3,3.0,0.0,0.0,0.0,0.0,0.26,Matches,1e1378e1
1083,Petar Sučić,MFFW,hr Croatia,22-265,2003,4,289.0,72.0,80.3,3.2,3,90.0,3,1,19.0,0,1.5,5.0,7.0,-2.0,-0.62,-1.89,Matches,23fb46ea
1084,Yukinari Sugawara,MF,jp Japan,26-019,2000,4,148.0,37.0,41.1,1.6,1,90.0,1,3,19.0,0,1.25,3.0,2.0,1.0,0.61,-0.24,Matches,580bcd18
1085,Rebin Sulaka,DF,iq Iraq,34-096,1992,2,43.0,22.0,15.9,0.5,1,12.0,0,1,31.0,1,0.0,0.0,2.0,-2.0,-4.19,-0.62,Matches,928bec06
1086,Pavel Šulc,FW,cz Czechia,25-200,2000,3,189.0,63.0,70.0,2.1,2,77.0,1,1,36.0,0,0.33,1.0,4.0,-3.0,-1.43,-0.32,Matches,e9b893af
1087,Kamaldeen Sulemana,MFFW,gh Ghana,24-152,2002,2,127.0,64.0,35.3,1.4,2,64.0,0,0,,2,1.5,0.0,1.0,-1.0,-0.71,-0.71,Matches,a62f8bf1
1088,Crysencio Summerville,FW,nl Netherlands,24-260,2001,4,253.0,63.0,64.9,2.8,2,95.0,1,2,32.0,0,2.0,6.0,3.0,3.0,1.07,-0.9,Matches,df04eb4b
1089,Ivan Šunjić,MF,ba Bosnia–Herz,29-281,1996,4,196.0,49.0,54.4,2.2,3,60.0,0,1,17.0,0,1.0,2.0,5.0,-3.0,-1.38,-1.38,Matches,e18098de
1090,Finn Surman,DF,nz New Zealand,22-297,2003,3,270.0,90.0,100.0,3.0,3,90.0,3,0,,0,0.33,4.0,10.0,-6.0,-2.0,,Matches,016e419b
1091,Josip Šutalo,DF,hr Croatia,26-139,2000,4,360.0,90.0,100.0,4.0,4,90.0,4,0,,0,1.5,6.0,7.0,-1.0,-0.25,,Matches,33a6a650
1092,Junnosuke Suzuki,DF,jp Japan,23-005,2003,2,43.0,22.0,11.9,0.5,0,,0,2,22.0,2,1.5,1.0,1.0,0.0,0.0,-0.85,Matches,77428b1e
1093,Yuito Suzuki,FWMF,jp Japan,24-265,2001,1,12.0,12.0,3.3,0.1,0,,0,1,12.0,3,3.0,1.0,0.0,1.0,7.5,6.98,Matches,c25a7a2a
1094,Zion Suzuki,GK,jp Japan,23-330,2002,4,360.0,90.0,100.0,4.0,4,90.0,4,0,,0,1.25,8.0,5.0,3.0,0.75,,Matches,51e1f4f5
1095,Mattias Svanberg,MF,se Sweden,27-193,1999,2,16.0,8.0,4.4,0.2,0,,0,2,8.0,2,1.5,1.0,0.0,1.0,5.63,6.67,Matches,92d83c27
1096,Daniel Svensson,DF,se Sweden,24-155,2002,3,98.0,33.0,27.2,1.1,1,81.0,0,2,9.0,1,1.33,1.0,3.0,-2.0,-1.84,-1.49,Matches,124c9382
1097,Michael Svoboda,DF,at Austria,27-275,1998,0,,,,,0,,0,0,,4,,,,,,,Matches,8abd174d
1098,Alexander Sørloth,FW,no Norway,30-224,1995,5,337.0,67.0,59.1,3.7,5,67.0,0,0,,1,2.4,7.0,3.0,4.0,1.07,1.84,Matches,e92cd3f7
1099,Musa Al-Taamari,FW,jo Jordan,29-037,1997,3,215.0,72.0,79.6,2.4,2,85.0,0,1,45.0,0,0.0,3.0,5.0,-2.0,-0.84,4.07,Matches,f15f8b2b
1100,Haris Tabaković,FW,ba Bosnia–Herz,32-027,1994,1,16.0,16.0,4.4,0.2,0,,0,1,16.0,3,0.0,0.0,1.0,-1.0,-5.63,-5.1,Matches,723b19c7
1101,Kim Tae-hyeon,DF,kr Korea Republic,25-303,2000,0,,,,,0,,0,0,,3,,,,,,,Matches,3ab57a75
1102,Lee Tae-seok,MF,kr Korea Republic,23-354,2002,2,113.0,57.0,41.9,1.3,2,57.0,0,0,,1,1.5,1.0,1.0,0.0,0.0,0.57,Matches,32257cce
1103,Nicolás Tagliafico,DF,ar Argentina,33-320,1992,6,356.0,59.0,51.6,4.0,4,78.0,1,2,22.0,1,3.0,7.0,5.0,2.0,0.51,-2.19,Matches,f0661424
1104,Jonathan Tah,DF,de Germany,30-156,1996,4,372.0,93.0,95.4,4.1,4,93.0,3,0,,0,1.75,9.0,5.0,4.0,0.97,-9.03,Matches,bd142efb
1105,Mohammad Taha,MF,jo Jordan,21-004,2005,0,,,,,0,,0,0,,3,,,,,,,Matches,4f1daaf3
1106,Benjamin Tahirovic,MF,ba Bosnia–Herz,23-136,2003,4,237.0,59.0,65.8,2.6,2,76.0,1,2,43.0,0,1.0,2.0,2.0,0.0,0.0,2.2,Matches,eb3022c3
1107,Zaid Tahseen,DF,iq Iraq,25-169,2001,2,149.0,75.0,55.2,1.7,2,75.0,1,0,,1,0.0,1.0,6.0,-5.0,-3.02,1.44,Matches,f3380f7e
1108,Chemsdine Talbi,MF,ma Morocco,21-069,2005,5,179.0,36.0,31.4,2.0,1,84.0,0,4,24.0,1,1.6,3.0,2.0,1.0,0.5,-0.19,Matches,47ce793b
1109,Montassar Talbi,DF,tn Tunisia,28-052,1998,3,270.0,90.0,100.0,3.0,3,90.0,3,0,,0,0.0,2.0,12.0,-10.0,-3.33,,Matches,a4a44eb0
1110,Fahad Talib,GK,iq Iraq,31-269,1994,0,,,,,0,,0,0,,3,,,,,,,Matches,c01d9e76
1111,Hassan Al Tambakti,DF,sa Saudi Arabia,27-158,1999,3,212.0,71.0,78.5,2.4,3,71.0,2,0,,0,0.67,1.0,5.0,-4.0,-1.7,-1.7,Matches,6d78c320
1112,Ao Tanaka,MF,jp Japan,27-310,1998,3,193.0,64.0,53.6,2.1,2,90.0,2,1,13.0,1,1.33,5.0,2.0,3.0,1.4,1.4,Matches,1d36d6b6
1113,Sander Tangvik,GK,no Norway,23-230,2002,0,,,,,0,,0,0,,6,,,,,,,Matches,93525deb
1114,Shogo Taniguchi,DF,jp Japan,35-002,1991,3,232.0,77.0,64.4,2.6,2,90.0,2,1,52.0,1,0.67,4.0,5.0,-1.0,-0.39,-3.2,Matches,828a9c47
1115,Mehdi Taremi,FW,ir IR Iran,33-364,1992,3,259.0,86.0,95.9,2.9,3,86.0,2,0,,0,1.0,3.0,3.0,0.0,0.0,0.0,Matches,4c2a5d34
1116,Aurélien Tchouaméni,MF,fr France,26-171,2000,4,360.0,90.0,57.1,4.0,4,90.0,4,0,,3,2.25,10.0,4.0,6.0,1.5,-0.5,Matches,4f255115
1117,Jehad Thakri,DF,sa Saudi Arabia,24-361,2001,0,,,,,0,,0,0,,3,,,,,,,Matches,cf4eaaa7
1118,Arthur Theate,DF,be Belgium,26-053,2000,3,228.0,76.0,40.0,2.5,2,105.0,2,1,18.0,3,2.33,8.0,3.0,5.0,1.97,1.45,Matches,df8d6029
1119,Keeto Thermoncy,DF,ht Haiti,20-110,2006,0,,,,,0,,0,0,,3,,,,,,,Matches,596ab864
1120,Igor Thiago,FW,br Brazil,25-021,2001,1,61.0,61.0,13.6,0.7,1,61.0,0,0,,4,1.0,1.0,1.0,0.0,0.0,-1.39,Matches,dc45ac24
1121,Malick Thiaw,DFMF,de Germany,24-343,2001,2,42.0,21.0,10.8,0.5,0,,0,2,21.0,2,0.5,0.0,1.0,-1.0,-2.14,-3.95,Matches,ff5ea0bf
1122,Ryan Thomas,MF,nz New Zealand,31-209,1994,3,83.0,28.0,30.7,0.9,1,45.0,0,2,19.0,0,0.33,0.0,2.0,-2.0,-2.17,-0.24,Matches,95efdac2
1123,Brandon Thomas-Asante,FWMF,gh Ghana,27-200,1998,2,53.0,27.0,14.7,0.6,0,,0,2,27.0,2,1.5,2.0,1.0,1.0,1.7,2.28,Matches,fb152f96
1124,Morten Thorsby,MF,no Norway,30-073,1996,1,45.0,45.0,7.9,0.5,0,,0,1,45.0,5,0.0,0.0,1.0,-1.0,-2.0,-2.51,Matches,d1b49282
1125,Kristian Thorstvedt,MF,no Norway,27-126,1999,2,63.0,32.0,11.1,0.7,1,45.0,0,1,18.0,4,1.5,3.0,3.0,0.0,0.0,-0.36,Matches,76ff8d0d
1126,Marcus Thuram,FWMF,fr France,28-345,1997,1,1.0,1.0,0.2,0.0,0,,0,1,1.0,6,3.0,0.0,0.0,0.0,0.0,-1.72,Matches,6f8cd6d0
1127,Youri Tielemans,MF,be Belgium,29-071,1997,5,474.0,95.0,83.2,5.3,5,95.0,4,0,,0,2.2,11.0,5.0,6.0,1.14,0.2,Matches,56f7a928
1128,Kieran Tierney,MF,sct Scotland,29-042,1997,2,104.0,52.0,38.5,1.2,1,59.0,0,1,45.0,1,0.0,0.0,2.0,-2.0,-1.73,-1.19,Matches,fce2302c
1129,Guus Til,FWMF,nl Netherlands,28-207,1997,1,32.0,32.0,8.2,0.4,0,,0,1,32.0,3,3.0,1.0,0.0,1.0,2.81,1.56,Matches,6e44569a
1130,Malik Tillman,MF,us United States,24-050,2002,5,356.0,71.0,79.1,4.0,4,88.0,3,1,5.0,0,1.8,8.0,6.0,2.0,0.51,-0.45,Matches,a5420709
1131,Quinten Timber,MF,nl Netherlands,25-030,2001,2,55.0,28.0,14.1,0.6,0,,0,2,28.0,1,1.0,0.0,2.0,-2.0,-3.27,-5.42,Matches,803e7aca
1132,Yassine Titraoui,MF,dz Algeria,22-356,2003,0,,,,,0,,0,0,,4,,,,,,,Matches,553c40f2
1133,Takehiro Tomiyasu,DF,jp Japan,27-254,1998,3,184.0,61.0,51.1,2.0,2,84.0,1,1,16.0,1,1.33,5.0,2.0,3.0,1.47,1.47,Matches,b3af9be1
1134,Ivan Toney,FW,eng England,30-123,1996,1,1.0,1.0,0.2,0.0,0,,0,1,1.0,6,0.0,0.0,0.0,0.0,0.0,-0.82,Matches,e09f279b
1135,Mehdi Torabi,MF,ir IR Iran,31-310,1994,1,25.0,25.0,9.3,0.3,0,,0,1,25.0,2,1.0,0.0,0.0,0.0,0.0,0.0,Matches,74567feb
1136,Félix Torres Caicedo,DF,ec Ecuador,29-187,1997,1,6.0,6.0,1.7,0.1,0,,0,1,6.0,3,3.0,0.0,0.0,0.0,0.0,0.51,Matches,c0a8860f
1137,Ferrán Torres,FW,es Spain,26-138,2000,7,229.0,33.0,36.3,2.5,1,80.0,0,6,25.0,0,2.71,4.0,0.0,4.0,1.57,-0.22,Matches,9e1035f8
1138,Sebastian Tounekti,FW,tn Tunisia,24-004,2002,3,84.0,28.0,31.1,0.9,1,64.0,0,2,10.0,0,0.0,0.0,4.0,-4.0,-4.29,-1.38,Matches,584fee1f
1139,Bazoumana Touré,MF,ci Côte d'Ivoire,20-137,2006,3,80.0,27.0,22.2,0.9,1,55.0,0,2,13.0,1,2.0,0.0,0.0,0.0,0.0,-0.32,Matches,93945a50
1140,Mo Touré,FW,au Australia,22-113,2004,3,165.0,55.0,42.3,1.8,2,59.0,0,1,47.0,1,1.33,1.0,2.0,-1.0,-0.55,-0.95,Matches,8ac64b4e
1141,James Trafford,GK,eng England,23-280,2002,0,,,,,0,,0,0,,7,,,,,,,Matches,259fea27
1142,Kai Trewin,DFMF,au Australia,25-060,2001,1,75.0,75.0,19.2,0.8,0,,0,1,75.0,3,1.0,1.0,0.0,1.0,1.2,1.49,Matches,1ab3d134
1143,Trézéguet,MF,eg Egypt,31-289,1994,4,164.0,41.0,34.2,1.8,1,90.0,1,3,25.0,1,1.25,2.0,4.0,-2.0,-1.1,-1.95,Matches,3ae14ed1
1144,Francisco Trincão,FWMF,pt Portugal,26-200,1999,1,28.0,28.0,6.2,0.3,0,,0,1,28.0,4,3.0,1.0,0.0,1.0,3.21,2.36,Matches,77e39b04
1145,Leandro Trossard,MFFW,be Belgium,31-225,1994,6,506.0,84.0,88.8,5.6,6,84.0,2,0,,0,1.83,10.0,5.0,5.0,0.89,-1.92,Matches,38ceb24a
1146,Auston Trusty,DF,us United States,27-339,1998,2,101.0,51.0,22.4,1.1,1,90.0,1,1,11.0,3,1.5,2.0,3.0,-1.0,-0.89,-1.92,Matches,cddf767b
1147,Aaron Tshibola,MF,cd Congo DR,31-196,1995,0,,,,,0,,0,0,,4,,,,,,,Matches,8ce9cfdd
1148,Axel Tuanzebe,DF,cd Congo DR,28-245,1997,4,360.0,90.0,100.0,4.0,4,90.0,4,0,,0,1.0,5.0,5.0,0.0,0.0,,Matches,2baec6ce
1149,Matt Turner,GK,us United States,32-023,1994,1,90.0,90.0,20.0,1.0,1,90.0,1,0,,4,0.0,2.0,3.0,-1.0,-1.0,-2.0,Matches,4a51ba65
1150,Ayase Ueda,FW,jp Japan,27-310,1998,4,321.0,80.0,89.2,3.6,4,80.0,1,0,,0,1.25,7.0,5.0,2.0,0.56,-1.75,Matches,c0295327
1151,Manuel Ugarte,MF,uy Uruguay,25-097,2001,3,184.0,61.0,68.1,2.0,3,61.0,0,0,,0,0.67,2.0,4.0,-2.0,-0.98,-2.02,Matches,c9817014
1152,Avazbek Ulmasaliev,DF,uz Uzbekistan,26-112,2000,0,,,,,0,,0,0,,3,,,,,,,Matches,e30a1d73
1153,Deniz Undav,FW,de Germany,29-363,1996,4,151.0,38.0,38.7,1.7,1,62.0,0,3,30.0,0,1.75,6.0,2.0,4.0,2.38,1.63,Matches,dd549382
1154,Dayot Upamecano,DF,fr France,27-263,1998,7,615.0,88.0,97.6,6.8,7,88.0,6,0,,0,2.57,15.0,4.0,11.0,1.61,-4.39,Matches,d248cd8f
1155,Jakhongir Urozov,DF,uz Uzbekistan,22-180,2004,2,95.0,48.0,35.2,1.1,1,81.0,0,1,14.0,1,0.0,1.0,3.0,-2.0,-1.89,1.71,Matches,71210bed
1156,Oston Urunov,MF,uz Uzbekistan,25-210,2000,2,63.0,32.0,23.3,0.7,1,45.0,0,1,18.0,1,0.0,0.0,3.0,-3.0,-4.29,-1.68,Matches,56521adf
1157,Can Uzun,MF,tr Türkiye,20-248,2005,2,38.0,19.0,14.1,0.4,0,,0,2,19.0,1,1.5,1.0,0.0,1.0,2.37,3.53,Matches,1d0b134a
1158,Anthony Valencia,MF,ec Ecuador,22-361,2003,0,,,,,0,,0,0,,4,,,,,,,Matches,674dee62
1159,Enner Valencia,FW,ec Ecuador,36-255,1989,4,287.0,72.0,79.7,3.2,4,72.0,1,0,,0,1.0,1.0,3.0,-2.0,-0.63,-0.63,Matches,fb485406
1160,Yan Valery,DF,tn Tunisia,27-145,1999,3,251.0,84.0,93.0,2.8,3,84.0,2,0,,0,0.0,2.0,10.0,-8.0,-2.87,6.61,Matches,531a4aa8
1161,Gonzalo Valle,GK,ec Ecuador,30-139,1996,0,,,,,0,,0,0,,4,,,,,,,Matches,7340dadf
1162,Federico Valverde,MF,uy Uruguay,27-360,1998,3,236.0,79.0,87.4,2.6,3,79.0,2,0,,0,0.67,3.0,4.0,-1.0,-0.38,-0.38,Matches,0959c2a2
1163,Virgil van Dijk,DF,nl Netherlands,35-009,1991,4,390.0,98.0,100.0,4.3,4,98.0,4,0,,0,2.0,11.0,5.0,6.0,1.38,,Matches,e06683ca
1164,Hans Vanaken,MF,be Belgium,33-327,1992,6,319.0,53.0,56.0,3.5,3,70.0,1,3,36.0,0,1.83,9.0,5.0,4.0,1.13,0.05,Matches,392a7aea
1165,Guillermo Varela,DF,uy Uruguay,33-115,1993,3,270.0,90.0,100.0,3.0,3,90.0,3,0,,0,0.67,3.0,4.0,-1.0,-0.33,,Matches,5c961282
1166,Hélio Varela,FW,cv Cabo Verde,24-075,2002,3,104.0,35.0,26.7,1.2,0,,0,3,35.0,1,0.67,2.0,2.0,0.0,0.0,0.31,Matches,91c99fec
1167,Camilo Vargas,GK,co Colombia,37-130,1989,5,480.0,96.0,100.0,5.3,5,96.0,5,0,,0,2.2,5.0,1.0,4.0,0.75,,Matches,004e3d0f
1168,Obed Vargas,MF,mx Mexico,20-346,2005,3,66.0,22.0,14.7,0.7,0,,0,3,22.0,2,3.0,1.0,0.0,1.0,1.36,-0.04,Matches,9cc1fde4
1169,Ruben Vargas,MF,ch Switzerland,27-346,1998,6,284.0,47.0,47.3,3.2,3,76.0,0,3,19.0,0,1.83,9.0,3.0,6.0,1.9,2.47,Matches,6ecbddf6
1170,Nikola Vasilj,GK,ba Bosnia–Herz,30-227,1995,4,360.0,90.0,100.0,4.0,4,90.0,4,0,,0,1.0,5.0,8.0,-3.0,-0.75,,Matches,f038585f
1171,Johan Vásquez,DF,mx Mexico,27-268,1998,4,360.0,90.0,80.0,4.0,4,90.0,4,0,,1,2.25,7.0,3.0,4.0,1.0,-2.0,Matches,5eaed77a
1172,Alexis Vega,FWMF,mx Mexico,28-234,1997,1,12.0,12.0,2.7,0.1,0,,0,1,12.0,4,3.0,0.0,0.0,0.0,0.0,-1.44,Matches,f40f4c38
1173,Renato Veiga,DF,pt Portugal,22-353,2003,5,450.0,90.0,100.0,5.0,5,90.0,5,0,,0,1.6,8.0,3.0,5.0,1.0,,Matches,fc8fcbd1
1174,Gustavo Velásquez,DF,py Paraguay,35-091,1991,5,246.0,49.0,51.3,2.7,2,90.0,2,3,22.0,0,1.0,0.0,2.0,-2.0,-0.73,-0.35,Matches,b99b4cf5
1175,Nishan Velupillay,MF,au Australia,25-071,2001,2,75.0,38.0,19.2,0.8,1,45.0,0,1,30.0,2,1.5,1.0,2.0,-1.0,-1.2,-1.49,Matches,40cb6b33
1176,Micky van de Ven,DFMF,nl Netherlands,25-089,2001,3,265.0,88.0,67.9,2.9,3,88.0,2,0,,1,1.67,8.0,3.0,5.0,1.7,0.98,Matches,8fe2a392
1177,Bart Verbruggen,GK,nl Netherlands,23-333,2002,4,390.0,98.0,100.0,4.3,4,98.0,4,0,,0,2.0,11.0,5.0,6.0,1.38,,Matches,cf134113
1178,Matías Viña,DF,uy Uruguay,28-250,1997,1,45.0,45.0,16.7,0.5,1,45.0,0,0,,2,1.0,0.0,1.0,-1.0,-2.0,-2.0,Matches,08eb3b58
1179,Federico Viñas,FW,uy Uruguay,28-017,1998,3,192.0,64.0,71.1,2.1,2,79.0,0,1,34.0,0,0.67,3.0,3.0,0.0,0.0,1.15,Matches,d30c7094
1180,Denis Višinský,FW,cz Czechia,23-118,2003,1,55.0,55.0,20.4,0.6,1,55.0,0,0,,2,0.0,0.0,1.0,-1.0,-1.64,-0.38,Matches,d5aac0e9
1181,Pedro Vite,MF,ec Ecuador,24-130,2002,4,360.0,90.0,100.0,4.0,4,90.0,4,0,,0,1.0,2.0,4.0,-2.0,-0.5,,Matches,9c146b36
1182,Vitinha,MF,pt Portugal,26-154,2000,5,376.0,75.0,83.6,4.2,5,75.0,0,0,,0,1.6,5.0,2.0,3.0,0.72,-1.71,Matches,3b029691
1183,Nikola Vlašić,MF,hr Croatia,28-286,1997,3,189.0,63.0,52.5,2.1,2,88.0,0,1,13.0,1,1.0,3.0,3.0,0.0,0.0,0.53,Matches,aa8e289e
1184,Cristian Volpato,MF,au Australia,22-244,2003,3,160.0,53.0,41.0,1.8,2,65.0,0,1,30.0,1,0.67,1.0,1.0,0.0,0.0,0.0,Matches,72f87f25
1185,Vozinha,GK,cv Cabo Verde,40-044,1986,4,390.0,98.0,100.0,4.3,4,98.0,4,0,,0,0.75,4.0,5.0,-1.0,-0.23,,Matches,dc04ac24
1186,Francis de Vries,DF,nz New Zealand,31-231,1994,2,18.0,9.0,6.7,0.2,0,,0,2,9.0,1,0.0,1.0,2.0,-1.0,-5.0,-3.21,Matches,90a63dda
1187,Luka Vušković,DF,hr Croatia,19-143,2007,1,65.0,65.0,18.1,0.7,1,65.0,0,0,,3,0.0,2.0,3.0,-1.0,-1.38,-1.38,Matches,fd6bdbce
1188,Elye Wahi,FW,ci Côte d'Ivoire,23-196,2003,3,110.0,37.0,30.6,1.2,1,55.0,0,2,28.0,1,2.0,1.0,1.0,0.0,0.0,-0.36,Matches,0d7b6576
1189,Ben Waine,FW,nz New Zealand,25-036,2001,0,,,,,0,,0,0,,3,,,,,,,Matches,1510013c
1190,Aaron Wan-Bissaka,DF,cd Congo DR,28-233,1997,4,354.0,89.0,98.3,3.9,4,89.0,3,0,,0,1.0,5.0,5.0,0.0,0.0,0.0,Matches,9e525177
1191,Paul Wanner,MF,at Austria,20-206,2005,4,234.0,59.0,65.0,2.6,2,79.0,1,2,39.0,0,1.0,4.0,6.0,-2.0,-0.77,-0.05,Matches,cb64672e
1192,Tsuyoshi Watanabe,DF,jp Japan,29-162,1997,2,90.0,45.0,25.0,1.0,1,74.0,0,1,16.0,2,1.0,1.0,2.0,-1.0,-1.0,-2.33,Matches,d5f5955a
1193,Cecilio Waterman,FW,pa Panama,35-095,1991,2,76.0,38.0,28.1,0.8,1,62.0,0,1,14.0,1,0.0,0.0,0.0,0.0,0.0,1.86,Matches,ddd5637f
1194,Joel Waterman,DF,ca Canada,30-174,1996,0,,,,,0,,0,0,,5,,,,,,,Matches,47ddcc22
1195,Ollie Watkins,FWMF,eng England,30-199,1995,1,7.0,7.0,1.1,0.1,0,,0,1,7.0,6,3.0,0.0,0.0,0.0,0.0,-0.83,Matches,aed3a70f
1196,Timothy Weah,MF,us United States,26-145,2000,2,76.0,38.0,16.9,0.8,1,57.0,0,1,19.0,3,1.5,3.0,3.0,0.0,0.0,-0.72,Matches,8eec784d
1197,Wout Weghorst,FW,nl Netherlands,33-344,1992,1,50.0,50.0,12.8,0.6,0,,0,1,50.0,3,1.0,1.0,1.0,0.0,0.0,-1.59,Matches,c4e87b8b
1198,Wéverton,GK,br Brazil,38-216,1987,0,,,,,0,,0,0,,5,,,,,,,Matches,81be82e9
1199,Cho Wi-je,DF,kr Korea Republic,24-326,2001,0,,,,,0,,0,0,,3,,,,,,,Matches,dcf21532
1200,Jacob Widell Zetterström,GK,se Sweden,28-006,1998,2,180.0,90.0,50.0,2.0,2,90.0,2,0,,2,0.5,1.0,4.0,-3.0,-1.5,-1.5,Matches,ac5120d8
1201,Silvan Widmer,DF,ch Switzerland,33-134,1993,5,175.0,35.0,29.2,1.9,1,85.0,0,4,23.0,1,2.0,2.0,3.0,-1.0,-0.51,-1.57,Matches,f68b64fc
1202,Mats Wieffer,DFMF,nl Netherlands,26-243,1999,0,,,,,0,,0,0,,4,,,,,,,Matches,4876c9ab
1203,Florian Wiegele,GK,at Austria,25-118,2001,0,,,,,0,,0,0,,4,,,,,,,Matches,67db5f7f
1204,Iñaki Williams,MFFW,gh Ghana,32-032,1994,2,126.0,63.0,35.0,1.4,2,63.0,0,0,,2,0.5,0.0,1.0,-1.0,-0.71,-0.71,Matches,6a99e0b1
1205,Nico Williams,MF,es Spain,24-005,2002,5,67.0,13.0,10.6,0.7,0,,0,5,13.0,2,2.6,1.0,0.0,1.0,1.34,-0.42,Matches,afdc14d7
1206,Ronwen Williams,GK,za South Africa,34-177,1992,4,360.0,90.0,100.0,4.0,4,90.0,4,0,,0,1.0,2.0,4.0,-2.0,-0.5,,Matches,a66cc153
1207,Patrick Wimmer,FWMF,at Austria,25-048,2001,2,21.0,11.0,5.8,0.2,0,,0,2,11.0,2,1.5,1.0,1.0,0.0,0.0,0.8,Matches,cb11b429
1208,Florian Wirtz,MF,de Germany,23-075,2003,4,361.0,90.0,92.6,4.0,4,90.0,2,0,,0,1.75,11.0,4.0,7.0,1.75,4.85,Matches,e7fcf289
1209,Yoane Wissa,FW,cd Congo DR,29-317,1996,4,360.0,90.0,100.0,4.0,4,90.0,4,0,,0,1.0,5.0,5.0,0.0,0.0,,Matches,2500cef9
1210,Axel Witsel,DFMF,be Belgium,37-186,1989,2,33.0,17.0,5.8,0.4,0,,0,2,17.0,4,1.5,1.0,1.0,0.0,0.0,-1.17,Matches,5dfc6ad5
1211,Nick Woltemade,FWMF,de Germany,24-153,2002,1,33.0,33.0,8.5,0.4,0,,0,1,33.0,3,1.0,0.0,0.0,0.0,0.0,-1.51,Matches,7ca196eb
1212,Chris Wood,FW,nz New Zealand,34-222,1991,3,270.0,90.0,100.0,3.0,3,90.0,3,0,,0,0.33,4.0,10.0,-6.0,-2.0,,Matches,4e9a0555
1213,Michael Woud,GK,nz New Zealand,27-182,1999,0,,,,,0,,0,0,,3,,,,,,,Matches,c9551400
1214,Haji Wright,FWMF,us United States,28-112,1998,2,2.0,1.0,0.4,0.0,0,,0,2,1.0,3,1.5,0.0,1.0,-1.0,-45.0,-45.8,Matches,91cd37b7
1215,Granit Xhaka,MF,ch Switzerland,33-293,1992,6,600.0,100.0,100.0,6.7,6,100.0,6,0,,0,1.83,10.0,6.0,4.0,0.6,,Matches,e61b8aee
1216,Ayman Yahya,MF,sa Saudi Arabia,25-064,2001,0,,,,,0,,0,0,,3,,,,,,,Matches,650eaf9c
1217,Kevin Yakob,MF,iq Iraq,25-280,2000,1,24.0,24.0,8.9,0.3,0,,0,1,24.0,2,0.0,0.0,2.0,-2.0,-7.5,-4.21,Matches,18d3b8df
1218,Lamine Yamal,MFFW,es Spain,19-004,2007,7,494.0,71.0,78.4,5.5,6,79.0,3,1,20.0,0,2.71,11.0,1.0,10.0,1.82,0.5,Matches,82ec26c1
1219,César Yanis,MF,pa Panama,30-170,1996,0,,,,,0,,0,0,,3,,,,,,,Matches,d6cc3b04
1220,Yannick,MF,cv Cabo Verde,30-200,1995,2,32.0,16.0,8.2,0.4,0,,0,2,16.0,2,0.5,1.0,1.0,0.0,0.0,0.25,Matches,6246aa55
1221,Gessime Yassine,MF,ma Morocco,20-237,2005,3,80.0,27.0,14.0,0.9,0,,0,3,27.0,3,1.33,3.0,0.0,3.0,3.38,3.19,Matches,f5ccae19
1222,John Yeboah,MF,ec Ecuador,26-024,2000,4,311.0,78.0,86.4,3.5,4,78.0,0,0,,0,1.0,2.0,3.0,-1.0,-0.29,1.55,Matches,8dfdc6c3
1223,Tete Yengi,FW,au Australia,25-231,2000,2,24.0,12.0,6.2,0.3,0,,0,2,12.0,2,2.0,1.0,0.0,1.0,3.75,4.0,Matches,1c215c70
1224,Kenan Yıldız,MF,tr Türkiye,21-074,2005,3,218.0,73.0,80.7,2.4,2,87.0,1,1,45.0,0,1.0,2.0,4.0,-2.0,-0.83,-0.83,Matches,d8cda243
1225,Caleb Yirenkyi,MF,gh Ghana,20-183,2006,4,264.0,66.0,73.3,2.9,3,86.0,2,1,6.0,0,1.0,1.0,1.0,0.0,0.0,0.94,Matches,d40ce7b0
1226,Seol Young-woo,MF,kr Korea Republic,27-224,1998,3,250.0,83.0,92.6,2.8,3,83.0,2,0,,0,1.0,2.0,3.0,-1.0,-0.36,-0.36,Matches,8e577e1d
1227,Manaf Younis,DF,iq Iraq,29-243,1996,1,75.0,75.0,27.8,0.8,0,,0,1,75.0,2,0.0,0.0,4.0,-4.0,-4.8,-1.57,Matches,b798826e
1228,Aria Yousefi,MF,ir IR Iran,24-086,2002,1,45.0,45.0,16.7,0.5,1,45.0,0,0,,2,1.0,1.0,1.0,0.0,0.0,0.0,Matches,fd069512
1229,Ali Yousif,FW,iq Iraq,30-179,1996,1,33.0,33.0,12.2,0.4,0,,0,1,33.0,2,0.0,0.0,3.0,-3.0,-8.18,-5.14,Matches,943fd50a
1230,İsmail Yüksek,MF,tr Türkiye,27-172,1999,2,139.0,70.0,51.5,1.5,2,70.0,0,0,,1,0.0,0.0,3.0,-3.0,-1.94,-2.63,Matches,6c5af908
1231,Utkir Yusupov,GK,uz Uzbekistan,35-194,1991,1,90.0,90.0,33.3,1.0,1,90.0,1,0,,2,0.0,1.0,3.0,-2.0,-2.0,1.5,Matches,31caffaf
1232,Warren Zaïre-Emery,DFMF,fr France,20-131,2006,1,20.0,20.0,3.2,0.2,0,,0,1,20.0,6,3.0,0.0,0.0,0.0,0.0,-1.77,Matches,6b9960cf
1233,Denis Zakaria,DF,ch Switzerland,29-239,1996,4,357.0,89.0,59.5,4.0,4,89.0,1,0,,2,1.25,4.0,2.0,2.0,0.5,-0.24,Matches,384d58d9
1234,Salah Zakaria,GK,qa Qatar,27-084,1999,0,,,,,0,,0,0,,3,,,,,,,Matches,aed851da
1235,Rodrigo Zalazar,FWMF,uy Uruguay,26-339,1999,0,,,,,0,,0,0,,3,,,,,,,Matches,fc3697dd
1236,Jaroslav Zelený,MF,cz Czechia,33-331,1992,2,126.0,63.0,46.7,1.4,1,90.0,1,1,36.0,1,0.5,1.0,3.0,-2.0,-1.43,-0.18,Matches,bc647827
1237,Alejandro Zendejas,FWMF,us United States,28-160,1998,1,14.0,14.0,3.1,0.2,0,,0,1,14.0,4,0.0,0.0,1.0,-1.0,-6.43,-7.25,Matches,d717b80e
1238,Besfort Zeneli,MF,se Sweden,23-238,2002,2,60.0,30.0,16.7,0.7,0,,0,2,30.0,2,0.0,1.0,2.0,-1.0,-1.5,-0.9,Matches,6be253bf
1239,Ramiz Zerrouki,MF,dz Algeria,28-052,1998,3,111.0,37.0,30.8,1.2,2,51.0,0,1,9.0,1,1.0,0.0,3.0,-3.0,-2.43,-2.07,Matches,c762b1a6
1240,Luca Zidane,GK,dz Algeria,28-065,1998,3,270.0,90.0,75.0,3.0,3,90.0,3,0,,1,1.0,2.0,6.0,-4.0,-1.33,-1.33,Matches,c818c4d9
1241,Mostafa Ziko,FWMF,eg Egypt,29-081,1997,5,370.0,74.0,77.1,4.1,5,74.0,0,0,,0,1.2,7.0,5.0,2.0,0.49,1.3,Matches,68ff8437
1242,David Zima,DF,cz Czechia,25-251,2000,1,13.0,13.0,4.8,0.1,0,,0,1,13.0,2,1.0,0.0,1.0,-1.0,-6.92,-5.87,Matches,acf7e795
1243,Zizo,MF,eg Egypt,30-188,1996,4,56.0,14.0,11.7,0.6,0,,0,4,14.0,1,1.25,0.0,0.0,0.0,0.0,-0.21,Matches,c6415ba9
1244,Martin Zlomislić,GK,ba Bosnia–Herz,27-335,1998,0,,,,,0,,0,0,,4,,,,,,,Matches,7d7cb997
1245,Martín Zubimendi,MF,es Spain,27-165,1999,0,,,,,0,,0,0,,7,,,,,,,Matches,3ee0dd59
1246,Themba Zwane,FWMF,za South Africa,36-348,1989,1,23.0,23.0,6.4,0.3,0,,0,1,23.0,0,0.0,0.0,1.0,-1.0,-3.91,-3.65,Matches,c6f21aa8
1247,Martin Ødegaard,MF,no Norway,27-212,1998,5,470.0,94.0,82.5,5.2,5,94.0,4,0,,1,2.4,11.0,7.0,4.0,0.77,2.57,Matches,79300479
1248,Leo Østigård,DF,no Norway,26-231,1999,5,146.0,29.0,25.6,1.6,1,90.0,1,4,14.0,1,1.8,3.0,7.0,-4.0,-2.47,-3.74,Matches,b35a7399
