Rk,Player,Pos,Squad,Age,Club,Born,Playing Time_MP,Playing Time_Starts,Playing Time_Min,Playing Time_90s,Performance_Gls,Performance_Ast,Performance_G+A,Performance_G-PK,Performance_PK,Performance_PKatt,Performance_CrdY,Performance_CrdR,Per 90 Minutes_Gls,Per 90 Minutes_Ast,Per 90 Minutes_G+A,Per 90 Minutes_G-PK,Per 90 Minutes_G+A-PK,Matches,-additional_-9999,Standard_Sh,Standard_SoT,Performance_TklW,Performance_Int,Playing Time_Min_play
1,Brenden Aaronson,MF,us United States,25-268,1.eng Leeds United,2000,1,1,76,0.8,0,0,0,0,0,0,0,0,0.0,0.0,0.0,0.0,0.0,Matches,5bc43860,3.0,1.0,1.0,0.0,76.0
2,Thelo Aasgaard,MF,no Norway,24-076,1.sct Rangers,2002,1,1,90,1.0,1,0,1,1,0,0,0,0,1.0,0.0,1.0,1.0,1.0,Matches,c88a28b9,2.0,1.0,1.0,3.0,90.0
3,Hamza Abdelkarim,FW,eg Egypt,18-197,4.es Barcelona B,2008,4,0,60,0.7,0,0,0,0,0,0,0,0,0.0,0.0,0.0,0.0,0.0,Matches,057d8f12,0.0,0.0,0.0,0.0,60.0
4,Hossam Abdelmaguid,DF,eg Egypt,25-078,1.eg Zamalek SC,2001,2,0,59,0.7,0,0,0,0,0,0,0,0,0.0,0.0,0.0,0.0,0.0,Matches,accbfc94,0.0,0.0,0.0,1.0,59.0
5,Mohamed Abdelmonem,DF,eg Egypt,27-166,1.fr Nice,1999,2,1,14,0.2,0,0,0,0,0,0,0,0,0.0,0.0,0.0,0.0,0.0,Matches,bff15d74,0.0,0.0,0.0,0.0,14.0
6,Ali Abdi,DF,tn Tunisia,32-209,1.fr Nice,1993,3,3,269,3.0,0,0,0,0,0,0,0,0,0.0,0.0,0.0,0.0,0.0,Matches,ad7cdb35,1.0,0.0,8.0,4.0,269.0
7,Saud Abdulhamid,DF,sa Saudi Arabia,26-364,1.fr Lens,1999,3,3,269,3.0,0,0,0,0,0,0,1,0,0.0,0.0,0.0,0.0,0.0,Matches,caa254e4,2.0,0.0,9.0,2.0,269.0
8,Abdulla Abdullaev,DF,uz Uzbekistan,28-319,1.ae Dibba Al Fujairah,1997,2,2,180,2.0,0,0,0,0,0,0,0,0,0.0,0.0,0.0,0.0,0.0,Matches,03053fbf,0.0,0.0,2.0,3.0,180.0
9,Yusuf Abdurisag,FW,qa Qatar,26-345,1.qa Al-Wakrah,1999,2,2,98,1.1,0,0,0,0,0,0,0,0,0.0,0.0,0.0,0.0,0.0,Matches,13c8f40b,0.0,0.0,2.0,1.0,98.0
10,Husam Abu Dahab,DF,jo Jordan,26-065,1.kw Al-Salmiya SC,2000,2,2,178,2.0,0,0,0,0,0,0,1,0,0.0,0.0,0.0,0.0,0.0,Matches,300aaeb6,0.0,0.0,3.0,0.0,178.0
11,Mohammad Abu Hasheesh,DF,jo Jordan,31-069,1.iq Al-Karma,1995,1,0,6,0.1,0,0,0,0,0,0,0,0,0.0,0.0,0.0,0.0,0.0,Matches,72c2fa7a,0.0,0.0,2.0,0.0,6.0
12,Mohannad Abu Taha,DF,jo Jordan,23-165,1.iq Al-Quwa Al-Jawiya,2003,3,3,264,2.9,0,0,0,0,0,0,1,0,0.0,0.0,0.0,0.0,0.0,Matches,5c4bac6c,1.0,0.0,2.0,6.0,264.0
13,Mo Abualnadi,DF,jo Jordan,25-159,1.my Selangor FA,2001,1,1,71,0.8,0,0,0,0,0,0,0,0,0.0,0.0,0.0,0.0,0.0,Matches,4bff62e4,0.0,0.0,0.0,0.0,71.0
14,Yazeed Abulaila,GK,jo Jordan,33-190,1.jo Al-Hussein SC,1993,3,3,270,3.0,0,0,0,0,0,0,0,0,0.0,0.0,0.0,0.0,0.0,Matches,5d11fc17,0.0,0.0,0.0,0.0,270.0
15,Mahmoud Abunada,GK,qa Qatar,26-162,1.qa Al Rayyan SC,2000,3,3,270,3.0,0,0,0,0,0,0,1,0,0.0,0.0,0.0,0.0,0.0,Matches,27e7e545,0.0,0.0,0.0,0.0,270.0
16,Elias Achouri,FWMF,tn Tunisia,27-157,1.dk FC Copenhagen,1999,3,0,43,0.5,0,0,0,0,0,0,0,0,0.0,0.0,0.0,0.0,0.0,Matches,4dd2a0be,3.0,1.0,2.0,0.0,43.0
17,Ché Adams,FW,sct Scotland,30-004,1.it Torino,1996,3,2,145,1.6,0,0,0,0,0,0,0,0,0.0,0.0,0.0,0.0,0.0,Matches,f2bf1b0f,1.0,1.0,1.0,0.0,145.0
18,Jayden Adams,MF,za South Africa,25-073,1.za Sundowns,2001,3,2,116,1.3,0,0,0,0,0,0,0,0,0.0,0.0,0.0,0.0,0.0,Matches,259affab,0.0,0.0,0.0,2.0,116.0
19,Tyler Adams,MF,us United States,27-153,1.eng Bournemouth,1999,4,4,341,3.8,0,0,0,0,0,0,1,0,0.0,0.0,0.0,0.0,0.0,Matches,2b09d998,0.0,0.0,5.0,8.0,341.0
20,Ricardo Adé,DF,ht Haiti,36-057,1.ec LDU Quito,1990,3,3,270,3.0,0,0,0,0,0,0,0,0,0.0,0.0,0.0,0.0,0.0,Matches,a9ee5e81,4.0,1.0,2.0,5.0,270.0
21,Ibrahim Adel,MF,eg Egypt,25-085,1.dk Nordsjælland,2001,1,0,3,0.0,0,0,0,0,0,0,0,0,0.0,0.0,0.0,0.0,0.0,Matches,4869216e,0.0,0.0,0.0,0.0,3.0
22,Simon Adingra,FWMF,ci Côte d'Ivoire,24-197,1.fr Monaco,2002,1,0,16,0.2,0,0,0,0,0,0,0,0,0.0,0.0,0.0,0.0,0.0,Matches,4dcec659,0.0,0.0,0.0,0.0,16.0
23,Jonas Adjetey,DF,gh Ghana,22-216,1.de Wolfsburg,2003,3,3,225,2.5,0,0,0,0,0,0,0,0,0.0,0.0,0.0,0.0,0.0,Matches,bdbf78cd,2.0,1.0,3.0,1.0,225.0
24,Michel Aebischer,MFFW,ch Switzerland,29-192,1.it Pisa,1997,4,2,156,1.7,0,0,0,0,0,0,0,0,0.0,0.0,0.0,0.0,0.0,Matches,f9c927de,2.0,1.0,1.0,0.0,156.0
25,Akram Afif,FWMF,qa Qatar,29-241,1.qa Al Sadd,1996,3,3,238,2.6,0,0,0,0,0,0,0,0,0.0,0.0,0.0,0.0,0.0,Matches,fd53d9e7,2.0,0.0,1.0,0.0,238.0
26,Emmanuel Agbadou,DF,ci Côte d'Ivoire,29-030,1.tr Beşiktaş,1997,3,3,270,3.0,0,0,0,0,0,0,0,0,0.0,0.0,0.0,0.0,0.0,Matches,75f1ed80,3.0,1.0,6.0,4.0,270.0
27,Rodrigo Aguirre,FW,uy Uruguay,31-289,1.mx América,1994,1,0,1,0.0,0,0,0,0,0,0,0,0,0.0,0.0,0.0,0.0,0.0,Matches,b5691f5d,0.0,0.0,0.0,0.0,1.0
28,Ali Ahmed,MF,ca Canada,25-280,2.eng Norwich City,2000,4,3,234,2.6,0,0,0,0,0,0,0,0,0.0,0.0,0.0,0.0,0.0,Matches,540a5be1,2.0,1.0,2.0,3.0,234.0
29,Homam Ahmed,DF,qa Qatar,26-326,2.es Cultural Leonesa,1999,2,2,122,1.4,0,1,1,0,0,0,0,1,0.0,0.74,0.74,0.0,0.74,Matches,a62fa158,1.0,0.0,1.0,3.0,122.0
30,Rayan Aït-Nouri,DF,dz Algeria,25-041,1.eng Manchester City,2001,4,3,284,3.2,0,0,0,0,0,0,0,0,0.0,0.0,0.0,0.0,0.0,Matches,9b398aea,1.0,0.0,13.0,5.0,284.0
31,Kristoffer Ajer,DF,no Norway,28-091,1.eng Brentford,1998,5,5,480,5.3,0,0,0,0,0,0,1,0,0.0,0.0,0.0,0.0,0.0,Matches,a8c0acb7,2.0,1.0,8.0,4.0,480.0
32,Manuel Akanji,DF,ch Switzerland,30-363,1.it Inter,1995,6,6,600,6.7,0,0,0,0,0,0,0,0,0.0,0.0,0.0,0.0,0.0,Matches,89ac64a6,1.0,1.0,9.0,6.0,600.0
33,Nathan Aké,DF,nl Netherlands,31-149,1.eng Manchester City,1995,3,2,170,1.9,0,0,0,0,0,0,0,0,0.0,0.0,0.0,0.0,0.0,Matches,eaeca114,1.0,0.0,0.0,4.0,170.0
34,Yunus Akgün,MF,tr Türkiye,26-010,1.tr Galatasaray,2000,2,1,88,1.0,0,0,0,0,0,0,1,0,0.0,0.0,0.0,0.0,0.0,Matches,1453e3cf,0.0,0.0,0.0,0.0,88.0
35,Maghnes Akliouche,MF,fr France,24-142,1.fr Monaco,2002,1,0,8,0.1,0,0,0,0,0,0,0,0,0.0,0.0,0.0,0.0,0.0,Matches,b625b241,0.0,0.0,0.0,0.0,8.0
36,Kerem Aktürkoğlu,FW,tr Türkiye,27-269,1.tr Fenerbahçe,1998,2,2,129,1.4,0,0,0,0,0,0,0,0,0.0,0.0,0.0,0.0,0.0,Matches,f28659fb,3.0,1.0,1.0,0.0,129.0
37,Ahmed Alaaeldin,FW,qa Qatar,33-167,1.qa Al Rayyan SC,1993,2,0,43,0.5,0,0,0,0,0,0,0,0,0.0,0.0,0.0,0.0,0.0,Matches,74fbbb3c,1.0,1.0,1.0,0.0,43.0
38,David Alaba,DF,at Austria,34-023,1.es Real Madrid,1992,4,4,275,3.1,0,1,1,0,0,0,0,0,0.0,0.33,0.33,0.0,0.33,Matches,05439de2,2.0,0.0,1.0,4.0,275.0
39,Kerim Alajbegović,MF,ba Bosnia–Herz,18-299,1.at RB Salzburg,2007,4,3,277,3.1,1,0,1,1,0,0,0,0,0.32,0.0,0.32,0.32,0.32,Matches,f3d9291e,4.0,1.0,0.0,2.0,277.0
40,Jordy Alcivar,MF,ec Ecuador,26-346,1.ec Independiente,1999,1,1,45,0.5,0,0,0,0,0,0,1,0,0.0,0.0,0.0,0.0,0.0,Matches,6e98c19f,1.0,0.0,1.0,0.0,45.0
41,Omar Alderete,DF,py Paraguay,29-203,1.eng Sunderland,1996,4,4,320,3.6,0,0,0,0,0,0,0,0,0.0,0.0,0.0,0.0,0.0,Matches,bb08bce9,1.0,0.0,0.0,2.0,320.0
42,Almoez Ali,FW,qa Qatar,29-332,1.qa Al Duhail SC,1996,1,0,19,0.2,0,0,0,0,0,0,0,0,0.0,0.0,0.0,0.0,0.0,Matches,bae045a9,1.0,1.0,0.0,0.0,19.0
43,Hussein Ali,DF,iq Iraq,24-138,1.pl Pogoń Szczecin,2002,2,2,162,1.8,0,0,0,0,0,0,0,0,0.0,0.0,0.0,0.0,0.0,Matches,b8a919ad,1.0,0.0,2.0,2.0,162.0
44,Mohanad Ali,FW,iq Iraq,26-027,1.ae Dibba Al Fujairah,2000,1,0,13,0.1,0,0,0,0,0,0,0,0,0.0,0.0,0.0,0.0,0.0,Matches,f929049b,0.0,0.0,0.0,0.0,13.0
45,Taha Ali,FWMF,se Sweden,28-016,1.se Malmö,1998,2,0,37,0.4,0,0,0,0,0,0,0,0,0.0,0.0,0.0,0.0,0.0,Matches,da4b8a4e,0.0,0.0,0.0,0.0,37.0
46,Khojiakbar Alijonov,MF,uz Uzbekistan,29-089,1.uz Pakhtakor Tashkent FK,1997,2,1,135,1.5,0,0,0,0,0,0,0,0,0.0,0.0,0.0,0.0,0.0,Matches,e53cbd7a,0.0,0.0,2.0,5.0,135.0
47,Ali Alipour,FW,ir IR Iran,30-248,1.ir Persepolis,1995,1,0,38,0.4,0,0,0,0,0,0,0,0,0.0,0.0,0.0,0.0,0.0,Matches,488ee64c,1.0,0.0,1.0,1.0,38.0
48,Alisson,GK,br Brazil,33-288,1.eng Liverpool,1992,5,5,450,5.0,0,0,0,0,0,0,0,0,0.0,0.0,0.0,0.0,0.0,Matches,7a2e46a8,0.0,0.0,0.0,0.0,450.0
49,Thiago Almada,MF,ar Argentina,25-082,1.es Atlético Madrid,2001,5,3,241,2.7,0,0,0,0,0,0,1,0,0.0,0.0,0.0,0.0,0.0,Matches,27f33438,5.0,2.0,4.0,0.0,241.0
50,Miguel Almirón,MFFW,py Paraguay,32-157,1.us Atlanta Utd,1994,4,4,282,3.1,0,0,0,0,0,0,1,1,0.0,0.0,0.0,0.0,0.0,Matches,862a1c15,4.0,0.0,7.0,3.0,282.0
51,Júnior Alonso,DF,py Paraguay,33-158,1.br Atlético Mineiro,1993,5,4,390,4.3,0,0,0,0,0,0,1,0,0.0,0.0,0.0,0.0,0.0,Matches,b18a3023,3.0,1.0,9.0,4.0,390.0
52,Barış Alper Yılmaz,MFFW,tr Türkiye,26-055,1.tr Galatasaray,2000,3,2,179,2.0,1,1,2,1,0,0,0,0,0.5,0.5,1.01,0.5,1.01,Matches,414b2ce4,2.0,1.0,0.0,0.0,179.0
53,Roberto Alvarado,FWMF,mx Mexico,27-313,1.mx Guadalajara,1998,5,5,428,4.8,0,3,3,0,0,0,0,0,0.0,0.63,0.63,0.0,0.63,Matches,ff871e14,5.0,0.0,3.0,2.0,428.0
54,Edson Álvarez,MFDF,mx Mexico,28-266,1.eng West Ham,1997,4,2,240,2.7,0,0,0,0,0,0,1,0,0.0,0.0,0.0,0.0,0.0,Matches,8b3ab7ad,2.0,0.0,6.0,3.0,240.0
55,Julián Álvarez,FW,ar Argentina,26-167,1.es Atlético Madrid,2000,7,4,501,5.6,1,0,1,1,0,0,0,0,0.18,0.0,0.18,0.18,0.18,Matches,15ab5a2b,11.0,5.0,4.0,3.0,501.0
56,Ayoube Amaimouni,MF,ma Morocco,21-229,1.de Frankfurt,2004,2,0,18,0.2,0,0,0,0,0,0,0,0,0.0,0.0,0.0,0.0,0.0,Matches,c5a07a5e,2.0,1.0,1.0,0.0,18.0
57,Zeki Amdouni,FWMF,ch Switzerland,25-225,1.eng Burnley,2000,4,0,73,0.8,0,0,0,0,0,0,0,0,0.0,0.0,0.0,0.0,0.0,Matches,2ee5b0c9,1.0,0.0,1.0,0.0,73.0
58,Michael Amir Murillo,DFMF,pa Panama,30-156,1.tr Beşiktaş,1996,3,3,270,3.0,0,0,0,0,0,0,0,0,0.0,0.0,0.0,0.0,0.0,Matches,349cae8f,5.0,1.0,3.0,1.0,270.0
59,Nadiem Amiri,MF,de Germany,29-263,1.de Mainz 05,1996,2,0,42,0.5,0,1,1,0,0,0,0,0,0.0,2.14,2.14,0.0,2.14,Matches,555d5edd,2.0,1.0,1.0,0.0,42.0
60,Amir Al Ammari,MF,iq Iraq,28-355,1.pl Cracovia,1997,3,3,247,2.7,0,1,1,0,0,0,2,0,0.0,0.36,0.36,0.0,0.36,Matches,9f65be73,0.0,0.0,1.0,2.0,247.0
61,Azizbek Amonov,FW,uz Uzbekistan,28-260,1.uz FK Bukhara Nurafshon,1997,1,0,14,0.2,0,0,0,0,0,0,0,0,0.0,0.0,0.0,0.0,0.0,Matches,f487314f,1.0,0.0,0.0,0.0,14.0
62,Mohamed Amoura,FWMF,dz Algeria,26-069,1.de Wolfsburg,2000,1,0,27,0.3,0,0,0,0,0,0,0,0,0.0,0.0,0.0,0.0,0.0,Matches,6597f8b6,0.0,0.0,0.0,0.0,27.0
63,Sofyan Amrabat,MF,ma Morocco,29-330,1.es Real Betis,1996,3,1,147,1.6,0,0,0,0,0,0,0,0,0.0,0.0,0.0,0.0,0.0,Matches,5a2cb25d,0.0,0.0,1.0,2.0,147.0
64,Abdulelah Al-Amri,DF,sa Saudi Arabia,29-183,,1997,3,3,239,2.7,1,0,1,1,0,0,1,0,0.38,0.0,0.38,0.38,0.38,Matches,fd0affe3,4.0,2.0,2.0,4.0,239.0
65,Youssef Amyn,MF,iq Iraq,22-330,1.cy AEK Larnaca,2003,1,0,31,0.3,0,0,0,0,0,0,0,0,0.0,0.0,0.0,0.0,0.0,Matches,10c12f22,0.0,0.0,0.0,0.0,31.0
66,Elliot Anderson,MF,eng England,23-253,1.eng Nottingham,2002,7,7,620,6.9,0,1,1,0,0,0,1,0,0.0,0.15,0.15,0.0,0.15,Matches,de31038e,7.0,1.0,18.0,8.0,620.0
67,Andrés Andrade Cedeño,DF,pa Panama,27-274,1.at LASK,1998,3,3,270,3.0,0,0,0,0,0,0,1,0,0.0,0.0,0.0,0.0,0.0,Matches,6ea23758,0.0,0.0,3.0,3.0,270.0
68,Fredrik André Bjørkan,DF,no Norway,27-330,1.no Bodø/Glimt,1998,1,1,45,0.5,0,0,0,0,0,0,0,0,0.0,0.0,0.0,0.0,0.0,Matches,3724baa1,0.0,0.0,1.0,2.0,45.0
69,Nilson Angulo,MF,ec Ecuador,23-028,1.eng Sunderland,2003,4,2,218,2.4,1,0,1,1,0,0,0,0,0.41,0.0,0.41,0.41,0.41,Matches,a9b9d89c,2.0,2.0,1.0,2.0,218.0
70,Waldemar Anton,DFMF,de Germany,29-362,1.de Dortmund,1996,2,0,50,0.6,0,0,0,0,0,0,0,0,0.0,0.0,0.0,0.0,0.0,Matches,5e66fa06,1.0,1.0,1.0,2.0,50.0
71,Jeremy Antonisse,FWMF,cw Curaçao,24-110,1.gr AE Kifisia,2002,2,0,75,0.8,0,0,0,0,0,0,0,0,0.0,0.0,0.0,0.0,0.0,Matches,6011e63a,1.0,0.0,1.0,0.0,75.0
72,Houssem Aouar,MF,dz Algeria,28-017,1.sa Al-Ittihad,1998,3,2,173,1.9,0,2,2,0,0,0,0,0,0.0,1.04,1.04,0.0,1.04,Matches,a5db0bec,3.0,1.0,1.0,0.0,173.0
73,Oswin Appollis,MFFW,za South Africa,24-326,1.za Orlando Pirates,2001,4,3,255,2.8,0,0,0,0,0,0,0,0,0.0,0.0,0.0,0.0,0.0,Matches,e8933eb0,4.0,1.0,3.0,1.0,255.0
74,Yazan Al-Arab,DF,jo Jordan,30-167,1.kr FC Seoul,1996,3,3,270,3.0,0,0,0,0,0,0,1,0,0.0,0.0,0.0,0.0,0.0,Matches,32878a09,0.0,0.0,1.0,11.0,270.0
75,Maxi Araújo,FWMF,uy Uruguay,26-152,1.pt Sporting CP,2000,3,3,250,2.8,2,1,3,2,0,0,0,0,0.72,0.36,1.08,0.72,1.08,Matches,f9ab3f4a,4.0,3.0,0.0,0.0,250.0
76,Tomás Araújo,DF,pt Portugal,24-062,1.pt Benfica,2002,1,1,90,1.0,0,0,0,0,0,0,1,0,0.0,0.0,0.0,0.0,0.0,Matches,0fa11d7d,0.0,0.0,0.0,1.0,90.0
77,Telmo Arcanjo,MF,cv Cabo Verde,25-026,1.pt Vit. Guimarães,2001,2,1,57,0.6,0,0,0,0,0,0,0,0,0.0,0.0,0.0,0.0,0.0,Matches,c692cef2,0.0,0.0,0.0,0.0,57.0
78,Álex Arce,FW,py Paraguay,31-031,1.ar Ind. Rivadavia,1995,2,0,53,0.6,0,0,0,0,0,0,1,0,0.0,0.0,0.0,0.0,0.0,Matches,10411db2,0.0,0.0,1.0,0.0,53.0
79,Carlens Arcus,MFDF,ht Haiti,30-019,1.fr Angers,1996,3,2,146,1.6,0,0,0,0,0,0,1,0,0.0,0.0,0.0,0.0,0.0,Matches,5e837126,0.0,0.0,3.0,3.0,146.0
80,Max Arfsten,MF,us United States,25-089,1.us Columbus Crew,2001,1,0,1,0.0,0,0,0,0,0,0,0,0,0.0,0.0,0.0,0.0,0.0,Matches,668f881e,0.0,0.0,0.0,0.0,1.0
81,Jhon Arias,MF,co Colombia,28-299,1.br Palmeiras,1997,5,5,377,4.2,1,0,1,1,0,0,1,0,0.24,0.0,0.24,0.24,0.24,Matches,86d96066,9.0,4.0,9.0,2.0,377.0
82,Santiago Arias,DF,co Colombia,34-185,1.ar Independiente,1992,1,1,86,1.0,0,0,0,0,0,0,0,0,0.0,0.0,0.0,0.0,0.0,Matches,fdd60087,0.0,0.0,2.0,1.0,86.0
83,Marko Arnautović,FW,at Austria,37-089,1.rs Red Star,1989,4,1,144,1.6,2,0,2,1,1,1,1,0,1.25,0.0,1.25,0.62,0.62,Matches,00459419,3.0,3.0,0.0,0.0,144.0
84,Benjamin Asare,GK,gh Ghana,34-004,1.gh Accra Hearts of Oak,1992,3,2,225,2.5,0,0,0,0,0,0,0,0,0.0,0.0,0.0,0.0,0.0,Matches,4bb65492,0.0,0.0,0.0,0.0,225.0
85,Emam Ashour,MF,eg Egypt,28-147,1.eg Al Ahly,1998,5,5,362,4.0,2,0,2,2,0,0,0,0,0.5,0.0,0.5,0.5,0.5,Matches,31b7d437,10.0,2.0,2.0,4.0,362.0
86,Rustam Ashurmatov,DF,uz Uzbekistan,30-010,1.ir Esteghlal,1996,3,3,256,2.8,0,0,0,0,0,0,0,0,0.0,0.0,0.0,0.0,0.0,Matches,a0ecd397,0.0,0.0,2.0,7.0,256.0
87,Lawrence Ati-Zigi,GK,gh Ghana,29-230,1.ch St. Gallen,1996,2,2,135,1.5,0,0,0,0,0,0,0,0,0.0,0.0,0.0,0.0,0.0,Matches,a12402c3,0.0,0.0,0.0,0.0,135.0
88,Marwan Attia,MF,eg Egypt,27-339,1.eg Al Ahly,1998,5,4,434,4.8,0,1,1,0,0,0,2,0,0.0,0.21,0.21,0.0,0.21,Matches,1ea3d7ec,4.0,0.0,3.0,3.0,434.0
89,Fredrik Aursnes,MFDF,no Norway,30-219,1.pt Benfica,1995,6,3,304,3.4,0,0,0,0,0,0,0,0,0.0,0.0,0.0,0.0,0.0,Matches,f0677ed7,2.0,0.0,8.0,1.0,304.0
90,Gabriel Ávalos,FW,py Paraguay,35-278,1.ar Independiente,1990,4,2,141,1.6,0,0,0,0,0,0,0,0,0.0,0.0,0.0,0.0,0.0,Matches,b6781b67,1.0,0.0,2.0,0.0,141.0
91,Yasin Ayari,MF,se Sweden,22-284,1.eng Brighton,2003,4,4,339,3.8,2,0,2,2,0,0,1,0,0.53,0.0,0.53,0.53,0.53,Matches,f173303a,7.0,3.0,4.0,3.0,339.0
92,Oğuz Aydın,DF,tr Türkiye,25-263,1.tr Fenerbahçe,2000,1,1,89,1.0,0,0,0,0,0,0,0,0,0.0,0.0,0.0,0.0,0.0,Matches,a7b98226,0.0,0.0,6.0,0.0,89.0
93,Jordan Ayew,FW,gh Ghana,34-309,2.eng Leicester City,1991,4,4,300,3.3,0,0,0,0,0,0,0,0,0.0,0.0,0.0,0.0,0.0,Matches,da052c14,0.0,0.0,3.0,1.0,300.0
94,Kaan Ayhan,DFMF,tr Türkiye,31-249,1.tr Galatasaray,1994,1,0,3,0.0,1,0,1,1,0,0,0,0,30.0,0.0,30.0,30.0,30.0,Matches,2200181e,1.0,1.0,0.0,0.0,3.0
95,Neil El Aynaoui,MF,ma Morocco,25-015,1.it Roma,2001,6,6,562,6.2,0,0,0,0,0,0,0,0,0.0,0.0,0.0,0.0,0.0,Matches,17e1261b,7.0,2.0,9.0,8.0,562.0
96,Ali Azaizeh,MF,jo Jordan,22-095,1.sa Al-Shabab,2004,3,1,54,0.6,0,0,0,0,0,0,0,0,0.0,0.0,0.0,0.0,0.0,Matches,3a46ac67,2.0,0.0,3.0,0.0,54.0
97,Juninho Bacuna,MF,cw Curaçao,28-344,1.nl Volendam,1997,3,3,254,2.8,0,0,0,0,0,0,2,0,0.0,0.0,0.0,0.0,0.0,Matches,aaf1bf05,5.0,1.0,4.0,5.0,254.0
98,Leandro Bacuna,MF,cw Curaçao,34-330,2.tr 76 Iğdır Belediyespor,1991,3,3,270,3.0,0,0,0,0,0,0,1,0,0.0,0.0,0.0,0.0,0.0,Matches,9dc69d38,6.0,1.0,3.0,0.0,270.0
99,Álex Baena,MFFW,es Spain,24-362,1.es Atlético Madrid,2001,6,6,407,4.5,1,1,2,1,0,0,1,0,0.22,0.22,0.44,0.22,0.44,Matches,518f2234,12.0,5.0,5.0,2.0,407.0
100,Esmir Bajraktarevic,MF,ba Bosnia–Herz,21-129,1.nl PSV,2005,4,2,230,2.6,0,0,0,0,0,0,0,0,0.0,0.0,0.0,0.0,0.0,Matches,dff24174,3.0,2.0,0.0,3.0,230.0
101,Cédric Bakambu,FW,cd Congo DR,35-097,1.es Real Betis,1991,3,3,190,2.1,0,0,0,0,0,0,0,0,0.0,0.0,0.0,0.0,0.0,Matches,0af4dcf0,3.0,0.0,0.0,0.0,190.0
102,Fabián Balbuena,DF,py Paraguay,34-328,1.br Grêmio,1991,1,0,1,0.0,0,0,0,0,0,0,0,0,0.0,0.0,0.0,0.0,0.0,Matches,3626f7d9,0.0,0.0,0.0,0.0,1.0
103,Folarin Balogun,FW,us United States,25-014,1.fr Monaco,2001,4,4,312,3.5,3,0,3,3,0,0,1,1,0.87,0.0,0.87,0.87,0.87,Matches,31822f8c,14.0,5.0,0.0,1.0,312.0
104,Simon Banza,FWMF,cd Congo DR,29-338,1.ae Al Jazira Club,1996,2,0,40,0.4,0,0,0,0,0,0,0,0,0.0,0.0,0.0,0.0,0.0,Matches,be47b750,0.0,0.0,1.0,0.0,40.0
105,Yoel Bárcenas,MF,pa Panama,32-267,1.mx Mazatlán,1993,3,3,249,2.8,0,0,0,0,0,0,1,0,0.0,0.0,0.0,0.0,0.0,Matches,b39849eb,2.0,0.0,0.0,2.0,249.0
106,Valentín Barco,DFMF,ar Argentina,21-359,1.fr Strasbourg,2004,1,0,20,0.2,0,0,0,0,0,0,0,0,0.0,0.0,0.0,0.0,0.0,Matches,b9f282ec,0.0,0.0,0.0,0.0,20.0
107,Bradley Barcola,MF,fr France,23-318,1.fr PSG,2002,7,4,339,3.8,2,1,3,2,0,0,1,0,0.53,0.27,0.8,0.53,0.8,Matches,a0d55a09,10.0,5.0,4.0,1.0,339.0
108,Abdülkerim Bardakcı,DF,tr Türkiye,31-313,1.tr Galatasaray,1994,3,3,265,2.9,0,0,0,0,0,0,0,0,0.0,0.0,0.0,0.0,0.0,Matches,5d9cff53,3.0,1.0,5.0,2.0,265.0
109,Ivan Bašić,MF,ba Bosnia–Herz,24-078,1.kz FC Astana,2002,3,2,179,2.0,0,1,1,0,0,0,0,0,0.0,0.5,0.5,0.0,0.5,Matches,9b0a0d51,4.0,0.0,1.0,3.0,179.0
110,Ahmed Basil,GK,iq Iraq,29-332,1.iq Al-Shorta,1996,2,2,135,1.5,0,0,0,0,0,0,0,0,0.0,0.0,0.0,0.0,0.0,Matches,3bf9e631,0.0,0.0,0.0,0.0,135.0
111,Martin Baturina,MFFW,hr Croatia,23-151,1.it Como,2003,4,4,321,3.6,1,0,1,1,0,0,0,0,0.28,0.0,0.28,0.28,0.28,Matches,d1eda5f0,3.0,1.0,2.0,1.0,321.0
112,Ibrahim Bayesh,MFFW,iq Iraq,26-077,1.ae Al Dhafra SCC,2000,3,3,235,2.6,0,0,0,0,0,0,0,0,0.0,0.0,0.0,0.0,0.0,Matches,2f2003ba,1.0,0.0,4.0,1.0,235.0
113,Samed Baždar,FW,ba Bosnia–Herz,22-167,1.de Gladbach,2004,1,0,29,0.3,0,0,0,0,0,0,0,0,0.0,0.0,0.0,0.0,0.0,Matches,e59c9d0d,0.0,0.0,0.0,0.0,29.0
114,Riechedly Bazoer,DF,cw Curaçao,29-278,1.tr Konyaspor,1996,1,1,90,1.0,0,0,0,0,0,0,0,0,0.0,0.0,0.0,0.0,0.0,Matches,da59a197,0.0,0.0,1.0,1.0,90.0
115,Patrick Beach,GK,au Australia,22-345,1.au Melb City,2003,4,4,388,4.3,0,0,0,0,0,0,0,0,0.0,0.0,0.0,0.0,0.0,Matches,3cc64624,0.0,0.0,0.0,0.0,388.0
116,Aziz Behich,MF,au Australia,35-213,1.au Melb City,1990,3,2,217,2.4,0,0,0,0,0,0,0,0,0.0,0.0,0.0,0.0,0.0,Matches,b6867b96,1.0,1.0,4.0,1.0,217.0
117,Maximilian Beier,FWMF,de Germany,23-273,1.de Dortmund,2002,1,0,27,0.3,0,0,0,0,0,0,0,0,0.0,0.0,0.0,0.0,0.0,Matches,5db45ee5,0.0,0.0,0.0,0.0,27.0
118,Alireza Beiranvand,GK,ir IR Iran,33-299,1.ir Tractor,1992,3,3,270,3.0,0,0,0,0,0,0,0,0,0.0,0.0,0.0,0.0,0.0,Matches,6ca0b04a,0.0,0.0,0.0,0.0,270.0
119,Zineddine Belaïd,DF,dz Algeria,27-119,1.dz JS Kabylie,1999,2,0,25,0.3,0,0,0,0,0,0,0,0,0.0,0.0,0.0,0.0,0.0,Matches,b2562589,0.0,0.0,0.0,0.0,25.0
120,Rafik Belghali,DF,dz Algeria,24-040,1.it Hellas Verona,2002,4,4,331,3.7,1,0,1,1,0,0,0,0,0.27,0.0,0.27,0.27,0.27,Matches,0abcb968,3.0,1.0,3.0,1.0,331.0
121,Joe Bell,MF,nz New Zealand,27-081,1.no Viking,1999,3,3,243,2.7,0,0,0,0,0,0,0,0,0.0,0.0,0.0,0.0,0.0,Matches,7825847e,1.0,0.0,2.0,4.0,243.0
122,Jean-Ricner Bellegarde,MF,ht Haiti,28-020,1.eng Wolves,1998,3,3,260,2.9,0,0,0,0,0,0,1,0,0.0,0.0,0.0,0.0,0.0,Matches,10f0fdd3,6.0,0.0,2.0,3.0,260.0
123,Jude Bellingham,MF,eng England,23-018,1.es Real Madrid,2003,7,7,602,6.7,6,1,7,6,0,0,1,0,0.9,0.15,1.05,0.9,1.05,Matches,57d88cf9,19.0,13.0,10.0,3.0,602.0
124,Mortadha Ben Ouanes,DFMF,tn Tunisia,32-015,1.tr Kasımpaşa,1994,1,0,23,0.3,0,0,0,0,0,0,0,0,0.0,0.0,0.0,0.0,0.0,Matches,1798891a,0.0,0.0,0.0,0.0,23.0
125,Anis Ben Slimane,MFFW,tn Tunisia,25-123,2.eng Norwich City,2001,3,3,240,2.7,0,0,0,0,0,0,0,0,0.0,0.0,0.0,0.0,0.0,Matches,9ade9ce1,1.0,1.0,2.0,2.0,240.0
126,Oussama Benbot,GK,dz Algeria,31-279,1.dz USM Alger,1994,1,1,90,1.0,0,0,0,0,0,0,0,0,0.0,0.0,0.0,0.0,0.0,Matches,dcae580c,0.0,0.0,0.0,0.0,90.0
127,Nadhir Benbouali,FW,dz Algeria,26-091,1.hu Győr,2000,1,0,45,0.5,1,0,1,1,0,0,0,0,2.0,0.0,2.0,2.0,2.0,Matches,cd25f2b3,2.0,2.0,1.0,0.0,45.0
128,Gilson Benchimol,FW,cv Cabo Verde,24-200,1.ru Akron Tolyatti,2001,2,1,78,0.9,0,0,0,0,0,0,0,0,0.0,0.0,0.0,0.0,0.0,Matches,eae26fce,0.0,0.0,0.0,0.0,78.0
129,Ramy Bensebaini,DF,dz Algeria,31-092,1.de Dortmund,1995,4,4,360,4.0,0,0,0,0,0,0,0,0,0.0,0.0,0.0,0.0,0.0,Matches,378825c7,2.0,0.0,6.0,7.0,360.0
130,Nabil Bentaleb,MF,dz Algeria,31-235,1.fr Lille,1994,4,3,285,3.2,0,0,0,0,0,0,0,0,0.0,0.0,0.0,0.0,0.0,Matches,3189f61a,1.0,0.0,4.0,3.0,285.0
131,Rodrigo Bentancur,MF,uy Uruguay,29-022,1.eng Tottenham,1997,3,3,270,3.0,0,0,0,0,0,0,1,0,0.0,0.0,0.0,0.0,0.0,Matches,3b8674e6,4.0,0.0,5.0,7.0,270.0
132,Patrick Berg,MF,no Norway,28-235,1.no Bodø/Glimt,1997,6,4,445,4.9,0,2,2,0,0,0,1,0,0.0,0.4,0.4,0.0,0.4,Matches,e4114f5d,3.0,0.0,7.0,2.0,445.0
133,Sander Berge,MF,no Norway,28-153,1.eng Fulham,1998,5,5,480,5.3,0,0,0,0,0,0,0,0,0.0,0.0,0.0,0.0,0.0,Matches,d0b6129f,0.0,0.0,4.0,9.0,480.0
134,Lucas Bergvall,MF,se Sweden,20-165,1.eng Tottenham,2006,4,1,181,2.0,0,1,1,0,0,0,1,0,0.0,0.5,0.5,0.0,0.5,Matches,a109e5c8,2.0,0.0,2.0,2.0,181.0
135,Sebastian Berhalter,MF,us United States,25-068,1.us Vancouver,2001,5,1,187,2.1,1,1,2,1,0,0,1,0,0.48,0.48,0.96,0.48,0.96,Matches,f33ee427,3.0,1.0,0.0,3.0,187.0
136,Alexander Bernhardsson,MF,se Sweden,27-312,2.de Holstein Kiel,1998,3,3,217,2.4,0,0,0,0,0,0,0,0,0.0,0.0,0.0,0.0,0.0,Matches,dea1d183,1.0,1.0,2.0,2.0,217.0
137,Tyler Bindon,DF,nz New Zealand,21-171,2.eng Sheffield United,2005,3,1,97,1.1,0,0,0,0,0,0,0,0,0.0,0.0,0.0,0.0,0.0,Matches,3575e5eb,2.0,1.0,2.0,1.0,97.0
138,César Blackman,MFDF,pa Panama,28-106,1.sk Slovan Bratislava,1998,2,2,178,2.0,0,0,0,0,0,0,1,0,0.0,0.0,0.0,0.0,0.0,Matches,c2b11050,2.0,1.0,0.0,1.0,178.0
139,Damián Bobadilla,MF,py Paraguay,25-006,1.br São Paulo,2001,4,2,189,2.1,0,0,0,0,0,0,0,0,0.0,0.0,0.0,0.0,0.0,Matches,ad7d6437,0.0,0.0,3.0,5.0,189.0
140,Oscar Bobb,FW,no Norway,23-005,1.eng Fulham,2003,6,1,225,2.5,0,0,0,0,0,0,0,0,0.0,0.0,0.0,0.0,0.0,Matches,eed2427e,4.0,2.0,3.0,3.0,225.0
141,Moïse Bombito,DF,ca Canada,26-109,1.fr Nice,2000,3,2,193,2.1,0,0,0,0,0,0,0,0,0.0,0.0,0.0,0.0,0.0,Matches,c2f23fc8,1.0,1.0,0.0,1.0,193.0
142,Theo Bongonda,FWMF,cd Congo DR,30-239,1.ru Spartak Moscow,1995,2,0,34,0.4,0,0,0,0,0,0,0,0,0.0,0.0,0.0,0.0,0.0,Matches,0da6a13e,1.0,0.0,0.0,1.0,34.0
143,Ange-Yoan Bonny,FW,ci Côte d'Ivoire,22-265,1.it Inter,2003,4,3,234,2.6,0,0,0,0,0,0,0,0,0.0,0.0,0.0,0.0,0.0,Matches,64629ba4,1.0,1.0,2.0,1.0,234.0
144,Jordy Bos,MFDF,au Australia,23-261,1.nl Feyenoord,2002,4,4,308,3.4,0,0,0,0,0,0,1,0,0.0,0.0,0.0,0.0,0.0,Matches,8070a9fd,5.0,2.0,3.0,3.0,308.0
145,Ayyoub Bouaddi,MF,ma Morocco,18-288,1.fr Lille,2007,5,5,381,4.2,0,0,0,0,0,0,0,0,0.0,0.0,0.0,0.0,0.0,Matches,8006228f,3.0,0.0,3.0,1.0,381.0
146,Hicham Boudaoui,MF,dz Algeria,26-297,1.fr Nice,1999,3,2,128,1.4,0,0,0,0,0,0,1,0,0.0,0.0,0.0,0.0,0.0,Matches,f9d5908e,0.0,0.0,1.0,2.0,128.0
147,Karim Boudiaf,MF,qa Qatar,35-304,1.qa Al Duhail SC,1990,2,1,102,1.1,0,0,0,0,0,0,0,0,0.0,0.0,0.0,0.0,0.0,Matches,a38f33fd,1.0,0.0,0.0,0.0,102.0
148,Adil Boulbina,FW,dz Algeria,23-076,1.qa Al Duhail SC,2003,2,0,19,0.2,0,0,0,0,0,0,0,0,0.0,0.0,0.0,0.0,0.0,Matches,12f7f264,0.0,0.0,0.0,0.0,19.0
149,Yassine Bounou,GK,ma Morocco,35-103,1.sa Al-Hilal,1991,6,6,570,6.3,0,0,0,0,0,0,0,0,0.0,0.0,0.0,0.0,0.0,Matches,f6798fc3,0.0,0.0,0.0,0.0,570.0
150,Nawaf Boushal,DF,sa Saudi Arabia,26-304,1.sa Al-Nassr,1999,2,1,91,1.0,0,0,0,0,0,0,0,0,0.0,0.0,0.0,0.0,0.0,Matches,7dc1c2c6,0.0,0.0,0.0,1.0,91.0
151,Michael Boxall,DF,nz New Zealand,37-333,1.us Minnesota Utd,1988,3,2,207,2.3,0,0,0,0,0,0,0,0,0.0,0.0,0.0,0.0,0.0,Matches,6bfa0d3a,0.0,0.0,1.0,2.0,207.0
152,Sultan Al-Brake,DF,qa Qatar,30-101,1.qa Al Duhail SC,1996,2,1,141,1.6,0,0,0,0,0,0,0,0,0.0,0.0,0.0,0.0,0.0,Matches,fcaa2400,0.0,0.0,1.0,2.0,141.0
153,Joshua Brenet,DF,cw Curaçao,32-119,1.tr Kayserispor,1994,2,2,179,2.0,0,0,0,0,0,0,0,0,0.0,0.0,0.0,0.0,0.0,Matches,2b5527c4,0.0,0.0,4.0,1.0,179.0
154,Brian Brobbey,FW,nl Netherlands,24-166,1.eng Sunderland,2002,4,3,223,2.5,3,0,3,3,0,0,0,0,1.21,0.0,1.21,1.21,1.21,Matches,4c184730,4.0,3.0,1.0,0.0,223.0
155,Dylan Bronn,DF,tn Tunisia,31-028,1.ch Servette FC,1995,1,1,45,0.5,0,0,0,0,0,0,0,0,0.0,0.0,0.0,0.0,0.0,Matches,edd81e2a,0.0,0.0,0.0,1.0,45.0
156,Nathaniel Brown,DF,de Germany,23-031,1.de Frankfurt,2003,3,3,282,3.1,1,1,2,1,0,0,0,0,0.32,0.32,0.64,0.32,0.64,Matches,abc79c47,3.0,2.0,6.0,2.0,282.0
157,Tajon Buchanan,MF,ca Canada,27-159,1.es Villarreal,1999,5,5,376,4.2,0,0,0,0,0,0,0,0,0.0,0.0,0.0,0.0,0.0,Matches,3aca6420,6.0,3.0,5.0,1.0,376.0
158,Ante Budimir,FW,hr Croatia,34-360,1.es Osasuna,1991,3,2,155,1.7,1,0,1,1,0,0,0,0,0.58,0.0,0.58,0.58,0.58,Matches,8f3565b3,3.0,1.0,1.0,0.0,155.0
159,Firas Al-Buraikan,FW,sa Saudi Arabia,26-064,1.sa Al-Ahli,2000,3,3,238,2.6,0,0,0,0,0,0,1,0,0.0,0.0,0.0,0.0,0.0,Matches,ac717a23,0.0,0.0,0.0,1.0,238.0
160,Cameron Burgess,DF,au Australia,30-269,2.eng Swansea City,1995,2,2,135,1.5,0,0,0,0,0,0,0,0,0.0,0.0,0.0,0.0,0.0,Matches,da61ca98,0.0,0.0,1.0,1.0,135.0
161,Dan Burn,DF,eng England,34-069,1.eng Newcastle,1992,3,0,35,0.4,0,0,0,0,0,0,0,0,0.0,0.0,0.0,0.0,0.0,Matches,b2d31e83,0.0,0.0,0.0,0.0,35.0
162,Dženis Burnić,MF,ba Bosnia–Herz,28-056,2.de Karlsruher,1998,2,0,16,0.2,0,0,0,0,0,0,0,0,0.0,0.0,0.0,0.0,0.0,Matches,0dabaf14,1.0,0.0,0.0,0.0,16.0
163,Gustavo Caballero,FWMF,py Paraguay,24-299,2.eng Portsmouth,2001,2,0,96,1.1,0,0,0,0,0,0,0,0,0.0,0.0,0.0,0.0,0.0,Matches,90a38ca7,1.0,1.0,2.0,0.0,96.0
164,Jovane Cabral,FW,cv Cabo Verde,28-033,1.pt Estrela,1998,2,2,139,1.5,0,0,0,0,0,0,0,0,0.0,0.0,0.0,0.0,0.0,Matches,e34e086c,2.0,0.0,3.0,1.0,139.0
165,Liberato Cacace,DF,nz New Zealand,25-293,2.eng Wrexham,2000,3,3,220,2.4,0,0,0,0,0,0,0,0,0.0,0.0,0.0,0.0,0.0,Matches,dd86e8e4,1.0,1.0,2.0,3.0,220.0
166,Juan Cáceres,DF,py Paraguay,26-046,1.ru Dynamo Moskva,2000,5,5,436,4.8,0,0,0,0,0,0,1,0,0.0,0.0,0.0,0.0,0.0,Matches,db887bdf,2.0,1.0,11.0,5.0,436.0
167,Sebastián Cáceres,DF,uy Uruguay,26-333,1.mx América,1999,3,3,270,3.0,0,0,0,0,0,0,0,0,0.0,0.0,0.0,0.0,0.0,Matches,7091c68e,3.0,0.0,1.0,2.0,270.0
168,Jordy Caicedo,FW,ec Ecuador,28-241,1.ar Huracán,1997,3,0,20,0.2,0,0,0,0,0,0,0,0,0.0,0.0,0.0,0.0,0.0,Matches,7fcb27d8,1.0,0.0,0.0,0.0,20.0
169,Moisés Caicedo,MF,ec Ecuador,24-257,1.eng Chelsea,2001,4,4,360,4.0,0,0,0,0,0,0,1,0,0.0,0.0,0.0,0.0,0.0,Matches,16264a81,4.0,1.0,6.0,4.0,360.0
170,Uğurcan Çakır,GK,tr Türkiye,30-103,1.tr Galatasaray,1996,3,3,270,3.0,0,0,0,0,0,0,0,0,0.0,0.0,0.0,0.0,0.0,Matches,f63a8347,0.0,0.0,0.0,0.0,270.0
171,Hakan Çalhanoğlu,MF,tr Türkiye,32-159,1.it Inter,1994,2,2,180,2.0,0,0,0,0,0,0,0,0,0.0,0.0,0.0,0.0,0.0,Matches,cd0fa27b,11.0,2.0,3.0,1.0,180.0
172,Lamine Camara,MF,sn Senegal,22-197,1.fr Monaco,2004,4,3,248,2.8,0,1,1,0,0,0,1,0,0.0,0.36,0.36,0.0,0.36,Matches,19c2ffa4,3.0,0.0,1.0,2.0,248.0
173,Jaminton Campaz,FWMF,co Colombia,26-054,1.ar Rosario Central,2000,3,0,75,0.8,1,0,1,1,0,0,0,0,1.2,0.0,1.2,1.2,1.2,Matches,8d5ceef2,6.0,3.0,1.0,0.0,75.0
174,İrfan Can Kahveci,MF,tr Türkiye,31-002,1.tr Kasımpaşa,1995,1,0,1,0.0,0,0,0,0,0,0,0,0,0.0,0.0,0.0,0.0,0.0,Matches,d2800f47,0.0,0.0,1.0,0.0,1.0
175,José Canale,DF,py Paraguay,29-362,1.ar Lanús,1996,4,1,161,1.8,0,0,0,0,0,0,0,0,0.0,0.0,0.0,0.0,0.0,Matches,97d24b73,0.0,0.0,6.0,1.0,161.0
176,João Cancelo,DF,pt Portugal,32-051,1.es Barcelona,1994,5,5,312,3.5,0,1,1,0,0,0,0,0,0.0,0.29,0.29,0.0,0.29,Matches,bd6351cd,3.0,0.0,4.0,5.0,312.0
177,Agustín Canobbio,FW,uy Uruguay,27-289,1.br Fluminense,1998,3,2,224,2.5,1,0,1,1,0,0,0,1,0.4,0.0,0.4,0.4,0.4,Matches,4f5a2f38,4.0,1.0,3.0,2.0,224.0
178,Casemiro,MF,br Brazil,34-144,1.eng Manchester Utd,1992,5,5,379,4.2,1,0,1,1,0,0,2,0,0.24,0.0,0.24,0.24,0.24,Matches,4d224fe8,4.0,2.0,5.0,6.0,379.0
179,Josué Casimir,MF,ht Haiti,24-296,1.fr Auxerre,2001,3,2,182,2.0,0,0,0,0,0,0,1,0,0.0,0.0,0.0,0.0,0.0,Matches,481f76cf,1.0,0.0,0.0,0.0,182.0
180,Timothy Castagne,DF,be Belgium,30-224,1.eng Fulham,1995,6,5,478,5.3,0,1,1,0,0,0,1,0,0.0,0.19,0.19,0.0,0.19,Matches,197640fd,3.0,1.0,7.0,8.0,478.0
181,Kevin Castaño,MF,co Colombia,25-291,1.ar River Plate,2000,2,0,16,0.2,0,0,0,0,0,0,0,0,0.0,0.0,0.0,0.0,0.0,Matches,c393c3d9,0.0,0.0,0.0,0.0,16.0
182,Jens Castrop,MF,kr Korea Republic,22-353,1.de Gladbach,2003,1,0,45,0.5,0,0,0,0,0,0,0,0,0.0,0.0,0.0,0.0,0.0,Matches,03fee7de,0.0,0.0,0.0,0.0,45.0
183,Zeki Çelik,DF,tr Türkiye,29-150,1.it Roma,1997,2,2,163,1.8,0,0,0,0,0,0,0,0,0.0,0.0,0.0,0.0,0.0,Matches,31a62dc7,1.0,1.0,3.0,1.0,163.0
184,Lukáš Červ,MF,cz Czechia,25-098,1.cz Viktoria Plzeň,2001,2,2,163,1.8,0,0,0,0,0,0,0,0,0.0,0.0,0.0,0.0,0.0,Matches,bb4a41bc,3.0,2.0,3.0,0.0,163.0
185,Fares Chaïbi,MF,dz Algeria,23-231,1.de Frankfurt,2002,4,4,360,4.0,0,0,0,0,0,0,1,0,0.0,0.0,0.0,0.0,0.0,Matches,357103bd,9.0,3.0,5.0,3.0,360.0
186,Štěpán Chaloupek,DF,cz Czechia,23-131,1.cz Slavia Prague,2003,1,1,90,1.0,0,0,0,0,0,0,0,0,0.0,0.0,0.0,0.0,0.0,Matches,ded82b9a,0.0,0.0,0.0,2.0,90.0
187,Mouhib Chamakh,GK,tn Tunisia,24-326,1.tn Club Africain,2001,1,1,90,1.0,0,0,0,0,0,0,0,0,0.0,0.0,0.0,0.0,0.0,Matches,9627f87b,0.0,0.0,0.0,0.0,90.0
188,Firas Chaouat,FW,tn Tunisia,30-070,1.tn Club Africain,1996,3,0,49,0.5,0,0,0,0,0,0,0,0,0.0,0.0,0.0,0.0,0.0,Matches,7fa8ef98,0.0,0.0,0.0,0.0,49.0
189,Luis Chávez,MF,mx Mexico,30-183,1.ru Dynamo Moskva,1996,1,0,25,0.3,0,0,0,0,0,0,0,0,0.0,0.0,0.0,0.0,0.0,Matches,e50949ea,0.0,0.0,1.0,0.0,25.0
190,Mateo Chávez,DF,mx Mexico,22-066,1.nl AZ Alkmaar,2004,1,1,77,0.9,1,0,1,1,0,0,0,0,1.17,0.0,1.17,1.17,1.17,Matches,f82246a1,1.0,1.0,1.0,0.0,77.0
191,Samir Chergui,DF,dz Algeria,27-161,1.fr Paris FC,1999,1,0,20,0.2,0,0,0,0,0,0,0,0,0.0,0.0,0.0,0.0,0.0,Matches,4b6ab1da,0.0,0.0,0.0,0.0,20.0
192,Rayan Cherki,FWMF,fr France,22-334,1.eng Manchester City,2003,6,0,85,0.9,0,0,0,0,0,0,0,0,0.0,0.0,0.0,0.0,0.0,Matches,b34c63a5,1.0,1.0,1.0,1.0,85.0
193,Mathieu Choinière,MF,ca Canada,27-160,1.us LAFC,1999,1,1,57,0.6,0,0,0,0,0,0,0,0,0.0,0.0,0.0,0.0,0.0,Matches,017459bb,0.0,0.0,1.0,2.0,57.0
194,Tahith Chong,MF,cw Curaçao,26-225,2.eng Sheffield United,1999,3,3,247,2.7,0,0,0,0,0,0,0,0,0.0,0.0,0.0,0.0,0.0,Matches,2696b6a9,4.0,2.0,0.0,1.0,247.0
195,Tomáš Chorý,FW,cz Czechia,31-172,1.cz Slavia Prague,1995,2,0,31,0.3,0,0,0,0,0,0,0,0,0.0,0.0,0.0,0.0,0.0,Matches,163bbd4a,0.0,0.0,0.0,0.0,31.0
196,Ryan Christie,MF,sct Scotland,31-145,1.eng Bournemouth,1995,3,1,95,1.1,0,0,0,0,0,0,1,0,0.0,0.0,0.0,0.0,0.0,Matches,26ce2263,2.0,0.0,3.0,2.0,95.0
197,Carney Chukwuemeka,MF,at Austria,22-270,1.de Dortmund,2003,3,0,83,0.9,0,0,0,0,0,0,0,0,0.0,0.0,0.0,0.0,0.0,Matches,b2f9c73e,2.0,1.0,0.0,0.0,83.0
198,Mojmír Chytil,FW,cz Czechia,27-079,1.cz Slavia Prague,1999,1,0,7,0.1,0,0,0,0,0,0,0,0,0.0,0.0,0.0,0.0,0.0,Matches,01a08323,0.0,0.0,0.0,0.0,7.0
199,Brian Cipenga,MFFW,cd Congo DR,28-128,2.es Castellón,1998,2,2,146,1.6,1,0,1,1,0,0,0,0,0.62,0.0,0.62,0.62,0.62,Matches,e4787d6f,6.0,1.0,2.0,0.0,146.0
200,Alessandro Circati,DF,au Australia,22-280,1.it Parma,2003,4,4,390,4.3,0,0,0,0,0,0,1,0,0.0,0.0,0.0,0.0,0.0,Matches,1223765c,3.0,0.0,7.0,2.0,390.0
201,Pathé Ciss,DF,sn Senegal,32-123,1.es Rayo Vallecano,1994,4,1,184,2.0,0,0,0,0,0,0,0,0,0.0,0.0,0.0,0.0,0.0,Matches,9a0408b6,2.0,1.0,0.0,0.0,184.0
202,Livano Comenencia,MF,cw Curaçao,22-164,1.ch Zürich,2004,3,3,233,2.6,1,0,1,1,0,0,1,0,0.39,0.0,0.39,0.39,0.39,Matches,c9d96dc1,5.0,2.0,1.0,11.0,233.0
203,Eray Cömert,DF,ch Switzerland,28-163,1.es Valencia,1998,1,0,31,0.3,0,0,0,0,0,0,0,0,0.0,0.0,0.0,0.0,0.0,Matches,15937e17,0.0,0.0,0.0,0.0,31.0
204,Francisco Conceição,MF,pt Portugal,23-215,1.it Juventus,2002,4,0,126,1.4,0,0,0,0,0,0,0,0,0.0,0.0,0.0,0.0,0.0,Matches,5ef3d210,2.0,0.0,2.0,0.0,126.0
205,Jhon Córdoba,FW,co Colombia,33-067,1.ru Krasnodar,1993,3,2,99,1.1,0,0,0,0,0,0,0,0,0.0,0.0,0.0,0.0,0.0,Matches,9f381d8b,2.0,1.0,0.0,0.0,99.0
206,José Córdoba,DF,pa Panama,25-133,2.eng Norwich City,2001,3,3,270,3.0,0,0,0,0,0,0,0,0,0.0,0.0,0.0,0.0,0.0,Matches,bec98750,0.0,0.0,3.0,1.0,270.0
207,Derek Cornelius,DF,ca Canada,28-234,1.fr Marseille,1997,4,4,315,3.5,0,0,0,0,0,0,1,0,0.0,0.0,0.0,0.0,0.0,Matches,577744b8,5.0,1.0,3.0,2.0,315.0
208,Diogo Costa,GK,pt Portugal,26-301,1.pt Porto,1999,5,5,450,5.0,0,0,0,0,0,0,0,0,0.0,0.0,0.0,0.0,0.0,Matches,93fffbcf,0.0,0.0,0.0,0.0,450.0
209,Nuno da Costa,FW,cv Cabo Verde,35-157,1.tr Başakşehir,1991,4,1,159,1.8,0,0,0,0,0,0,0,0,0.0,0.0,0.0,0.0,0.0,Matches,909222de,1.0,0.0,2.0,1.0,159.0
210,Samu Costa,MF,pt Portugal,25-232,1.es Mallorca,2000,1,0,21,0.2,0,0,0,0,0,0,0,0,0.0,0.0,0.0,0.0,0.0,Matches,76c2a023,0.0,0.0,1.0,0.0,21.0
211,Vladimír Coufal,MFDF,cz Czechia,33-329,1.de Hoffenheim,1992,3,3,270,3.0,0,1,1,0,0,0,0,0,0.0,0.33,0.33,0.0,0.33,Matches,fdf3cb77,1.0,0.0,1.0,2.0,270.0
212,Thibaut Courtois,GK,be Belgium,34-067,1.es Real Madrid,1992,6,6,550,6.1,0,0,0,0,0,0,0,0,0.0,0.0,0.0,0.0,0.0,Matches,1840e36d,0.0,0.0,0.0,0.0,550.0
213,Maxime Crépeau,GK,ca Canada,32-067,1.us Orlando City,1994,5,5,450,5.0,0,0,0,0,0,0,0,0,0.0,0.0,0.0,0.0,0.0,Matches,ea42e480,0.0,0.0,1.0,0.0,450.0
214,Max Crocombe,GK,nz New Zealand,32-339,2.eng Millwall,1993,3,3,270,3.0,0,0,0,0,0,0,0,0,0.0,0.0,0.0,0.0,0.0,Matches,fdf47077,0.0,0.0,0.0,0.0,270.0
215,Pau Cubarsí,DF,es Spain,19-176,1.es Barcelona,2007,7,7,630,7.0,0,0,0,0,0,0,1,0,0.0,0.0,0.0,0.0,0.0,Matches,cc7888f3,4.0,2.0,4.0,4.0,630.0
216,Andrés Cubas,MF,py Paraguay,30-056,1.us Vancouver,1996,5,5,480,5.3,0,0,0,0,0,0,1,0,0.0,0.0,0.0,0.0,0.0,Matches,9b40a6ea,1.0,0.0,13.0,11.0,480.0
217,Cucho,FWMF,co Colombia,27-088,1.es Real Betis,1999,2,0,50,0.6,0,1,1,0,0,0,0,0,0.0,1.8,1.8,0.0,1.8,Matches,71b47ab9,1.0,0.0,0.0,0.0,50.0
218,Marc Cucurella,DF,es Spain,27-360,1.eng Chelsea,1998,7,7,630,7.0,0,2,2,0,0,0,1,0,0.0,0.29,0.29,0.0,0.29,Matches,1daec722,5.0,3.0,4.0,7.0,630.0
219,Matheus Cunha,FW,br Brazil,27-051,1.eng Manchester Utd,1999,5,4,290,3.2,3,0,3,3,0,0,0,0,0.93,0.0,0.93,0.93,0.93,Matches,dc62b55d,11.0,5.0,3.0,3.0,290.0
220,Findlay Curtis,MF,sct Scotland,19-289,1.sct Kilmarnock,2006,2,0,9,0.1,0,0,0,0,0,0,1,0,0.0,0.0,0.0,0.0,0.0,Matches,e2a68b89,0.0,0.0,0.0,0.0,9.0
221,Aymen Dahmen,GK,tn Tunisia,29-170,1.tn Ahly Sfaxien,1997,2,2,180,2.0,0,0,0,0,0,0,0,0,0.0,0.0,0.0,0.0,0.0,Matches,8bf49030,0.0,0.0,0.0,0.0,180.0
222,Diogo Dalot,DFMF,pt Portugal,27-121,1.eng Manchester Utd,1999,2,0,65,0.7,0,0,0,0,0,0,0,0,0.0,0.0,0.0,0.0,0.0,Matches,d9565625,1.0,0.0,2.0,0.0,65.0
223,Danilo,DF,br Brazil,35-002,1.br Flamengo,1991,5,4,405,4.5,0,0,0,0,0,0,2,0,0.0,0.0,0.0,0.0,0.0,Matches,94b2001f,1.0,0.0,2.0,7.0,405.0
224,Kevin Danso,DF,at Austria,27-301,1.eng Tottenham,1998,4,2,241,2.7,0,0,0,0,0,0,0,0,0.0,0.0,0.0,0.0,0.0,Matches,6e33125f,1.0,0.0,1.0,0.0,241.0
225,Vladimír Darida,MF,cz Czechia,35-343,1.cz Hradec Králové,1990,1,1,54,0.6,0,0,0,0,0,0,0,0,0.0,0.0,0.0,0.0,0.0,Matches,3eb0f2df,1.0,0.0,0.0,1.0,54.0
226,Jonathan David,FW,ca Canada,26-184,1.it Juventus,2000,5,5,420,4.7,3,0,3,3,0,0,1,0,0.64,0.0,0.64,0.64,0.64,Matches,ce50fd99,18.0,8.0,1.0,3.0,420.0
227,Promise David,FW,ca Canada,25-014,1.be Union SG,2001,4,0,80,0.9,1,1,2,1,0,0,0,0,1.13,1.13,2.25,1.13,2.25,Matches,dbe19468,5.0,3.0,1.0,1.0,80.0
228,Alphonso Davies,DFFW,ca Canada,25-257,1.de Bayern Munich,2000,1,0,16,0.2,0,0,0,0,0,0,0,0,0.0,0.0,0.0,0.0,0.0,Matches,d781d855,0.0,0.0,0.0,0.0,16.0
229,Erick Davis,DF,pa Panama,35-108,1.pa Plaza Amador,1991,2,0,4,0.0,0,0,0,0,0,0,0,0,0.0,0.0,0.0,0.0,0.0,Matches,2ffb0739,1.0,0.0,1.0,0.0,4.0
230,Nasser Al-Dawsari,MF,sa Saudi Arabia,27-210,1.sa Al-Hilal,1998,3,2,207,2.3,0,0,0,0,0,0,1,0,0.0,0.0,0.0,0.0,0.0,Matches,7709e4a6,1.0,0.0,4.0,4.0,207.0
231,Salem Al-Dawsari,MF,sa Saudi Arabia,34-332,1.sa Al-Hilal,1991,3,3,245,2.7,0,0,0,0,0,0,1,0,0.0,0.0,0.0,0.0,0.0,Matches,60ee859c,3.0,0.0,1.0,1.0,245.0
232,Mohammad Al-Dawud,FWMF,jo Jordan,34-096,1.jo Al-Wehdat SC,1992,1,0,3,0.0,0,0,0,0,0,0,0,0,0.0,0.0,0.0,0.0,0.0,Matches,e645c3fc,0.0,0.0,0.0,0.0,3.0
233,Kevin De Bruyne,MF,be Belgium,35-019,1.it Napoli,1991,5,5,382,4.2,1,0,1,1,0,0,1,0,0.24,0.0,0.24,0.24,0.24,Matches,e46012d4,20.0,5.0,2.0,0.0,382.0
234,Maxim De Cuyper,DF,be Belgium,25-207,1.eng Brighton,2000,6,5,442,4.9,0,0,0,0,0,0,1,0,0.0,0.0,0.0,0.0,0.0,Matches,d494882e,10.0,6.0,2.0,6.0,442.0
235,Luc De Fougerolles,DF,ca Canada,20-278,1.eng Fulham,2005,5,4,372,4.1,0,0,0,0,0,0,2,0,0.0,0.0,0.0,0.0,0.0,Matches,45c427ff,3.0,1.0,6.0,2.0,372.0
236,Charles De Ketelaere,FWMF,be Belgium,25-129,1.it Atalanta,2001,5,5,350,3.9,3,1,4,3,0,0,0,0,0.77,0.26,1.03,0.77,1.03,Matches,2ef7c612,6.0,5.0,4.0,5.0,350.0
237,Nicolás De La Cruz,MF,uy Uruguay,29-046,1.br Flamengo,1997,3,0,86,1.0,0,0,0,0,0,0,1,0,0.0,0.0,0.0,0.0,0.0,Matches,8fda5c72,4.0,2.0,1.0,2.0,86.0
238,Rodrigo De Paul,MF,ar Argentina,32-054,1.us Inter Miami,1994,6,5,422,4.7,0,1,1,0,0,0,1,0,0.0,0.21,0.21,0.0,0.21,Matches,162efffd,2.0,1.0,4.0,6.0,422.0
239,Amar Dedić,DF,ba Bosnia–Herz,23-333,1.pt Benfica,2002,3,3,270,3.0,0,0,0,0,0,0,1,0,0.0,0.0,0.0,0.0,0.0,Matches,bc6e544a,2.0,1.0,7.0,1.0,270.0
240,Louicius Deedson,MF,ht Haiti,25-156,1.us FC Dallas,2001,3,1,112,1.2,0,0,0,0,0,0,0,0,0.0,0.0,0.0,0.0,0.0,Matches,f7059bb1,2.0,0.0,0.0,1.0,112.0
241,Hannes Delcroix,DF,ht Haiti,27-139,1.ch Lugano,1999,3,3,270,3.0,0,0,0,0,0,0,0,0,0.0,0.0,0.0,0.0,0.0,Matches,b737f944,0.0,0.0,3.0,4.0,270.0
242,Ousmane Dembélé,MF,fr France,29-063,1.fr PSG,1997,7,7,547,6.1,5,2,7,5,0,0,0,0,0.82,0.33,1.15,0.82,1.15,Matches,b19db005,20.0,10.0,2.0,0.0,547.0
243,Merih Demiral,DF,tr Türkiye,28-134,1.sa Al-Ahli,1998,2,2,180,2.0,0,0,0,0,0,0,0,0,0.0,0.0,0.0,0.0,0.0,Matches,e3cceee6,6.0,2.0,1.0,1.0,180.0
244,Ermedin Demirović,FW,ba Bosnia–Herz,28-114,1.de Stuttgart,1998,4,4,354,3.9,0,0,0,0,0,0,1,0,0.0,0.0,0.0,0.0,0.0,Matches,ed79b7d3,4.0,4.0,1.0,1.0,354.0
245,Sergiño Dest,MF,us United States,25-256,1.nl PSV,2000,5,4,297,3.3,0,0,0,0,0,0,0,0,0.0,0.0,0.0,0.0,0.0,Matches,5976f83e,3.0,1.0,1.0,5.0,297.0
246,Frans Dhia Putros,DF,iq Iraq,33-003,1.id Persib Bandung,1993,1,1,90,1.0,0,0,0,0,0,0,0,0,0.0,0.0,0.0,0.0,0.0,Matches,0102aa7e,0.0,0.0,2.0,2.0,90.0
247,Oumar Diakité,FW,ci Côte d'Ivoire,22-209,1.be Cercle Brugge,2003,2,0,28,0.3,0,0,0,0,0,0,0,0,0.0,0.0,0.0,0.0,0.0,Matches,44435c8f,0.0,0.0,1.0,0.0,28.0
248,Amad Diallo,MFFW,ci Côte d'Ivoire,24-006,1.eng Manchester Utd,2002,4,2,185,2.1,2,0,2,2,0,0,0,0,0.97,0.0,0.97,0.97,0.97,Matches,9dc96f10,8.0,4.0,4.0,2.0,185.0
249,Assane Diao,MF,sn Senegal,20-313,1.it Como,2005,1,0,10,0.1,0,0,0,0,0,0,0,0,0.0,0.0,0.0,0.0,0.0,Matches,8ae7d0ec,0.0,0.0,1.0,0.0,10.0
250,Habib Diarra,MF,sn Senegal,22-195,1.eng Sunderland,2004,3,2,143,1.6,2,0,2,2,0,0,0,0,1.26,0.0,1.26,1.26,1.26,Matches,6d0fe035,4.0,2.0,2.0,1.0,143.0
251,Rúben Dias,DF,pt Portugal,29-064,1.eng Manchester City,1997,4,4,360,4.0,0,0,0,0,0,0,1,0,0.0,0.0,0.0,0.0,0.0,Matches,31c69ef1,0.0,0.0,3.0,5.0,360.0
252,Krépin Diatta,DF,sn Senegal,27-142,1.fr Monaco,1999,4,4,390,4.3,0,0,0,0,0,0,0,0,0.0,0.0,0.0,0.0,0.0,Matches,8104e41e,1.0,0.0,10.0,3.0,390.0
253,Mory Diaw,GK,sn Senegal,33-025,1.fr Le Havre,1993,3,2,238,2.6,0,0,0,0,0,0,0,0,0.0,0.0,0.0,0.0,0.0,Matches,f41a69e6,0.0,0.0,0.0,0.0,238.0
254,Brahim Díaz,MF,ma Morocco,26-348,1.es Real Madrid,1999,6,6,457,5.1,0,4,4,0,0,0,0,0,0.0,0.79,0.79,0.0,0.79,Matches,407feb71,6.0,1.0,2.0,4.0,457.0
255,Ismael Díaz,FWMF,pa Panama,29-066,1.mx León,1997,2,0,37,0.4,0,0,0,0,0,0,0,0,0.0,0.0,0.0,0.0,0.0,Matches,f2a276d1,6.0,2.0,1.0,0.0,37.0
256,Luis Díaz,FWMF,co Colombia,29-185,1.de Bayern Munich,1997,5,5,478,5.3,1,1,2,1,0,0,0,0,0.19,0.19,0.38,0.19,0.38,Matches,4a1a9578,19.0,6.0,0.0,1.0,478.0
257,Bamba Dieng,FW,sn Senegal,26-116,1.fr Lorient,2000,1,0,8,0.1,0,0,0,0,0,0,0,0,0.0,0.0,0.0,0.0,0.0,Matches,40774c6b,0.0,0.0,0.0,0.0,8.0
258,Lucas Digne,DF,fr France,32-362,1.eng Aston Villa,1993,5,5,418,4.6,0,0,0,0,0,0,0,0,0.0,0.0,0.0,0.0,0.0,Matches,1b84dbe1,2.0,1.0,3.0,2.0,418.0
259,Diney,DF,cv Cabo Verde,31-181,1.ae Al Bataeh,1995,4,4,390,4.3,0,0,0,0,0,0,1,0,0.0,0.0,0.0,0.0,0.0,Matches,d2e33ba2,4.0,2.0,7.0,4.0,390.0
260,Ousmane Diomande,DF,ci Côte d'Ivoire,22-225,1.pt Sporting CP,2003,1,1,90,1.0,0,0,0,0,0,0,0,0,0.0,0.0,0.0,0.0,0.0,Matches,394be156,0.0,0.0,0.0,1.0,90.0
261,Yan Diomandé,MFFW,ci Côte d'Ivoire,19-245,1.de RB Leipzig,2006,4,4,329,3.7,0,1,1,0,0,0,0,0,0.0,0.27,0.27,0.0,0.27,Matches,919f5f54,4.0,0.0,6.0,4.0,329.0
262,Issa Diop,DF,ma Morocco,29-189,1.eng Fulham,1997,5,5,476,5.3,1,0,1,1,0,0,3,0,0.19,0.0,0.19,0.19,0.19,Matches,a712ca2b,1.0,1.0,1.0,7.0,476.0
263,El Hadji Malick Diouf,DF,sn Senegal,21-201,1.eng West Ham,2004,3,2,171,1.9,0,0,0,0,0,0,0,0,0.0,0.0,0.0,0.0,0.0,Matches,bd5eb2e5,0.0,0.0,1.0,1.0,171.0
264,Ritsu Doan,MF,jp Japan,28-031,1.de Frankfurt,1998,4,4,278,3.1,0,1,1,0,0,0,0,0,0.0,0.32,0.32,0.0,0.32,Matches,d01bbb6f,1.0,0.0,1.0,1.0,278.0
265,Jeremy Doku,MF,be Belgium,24-051,1.eng Manchester City,2002,5,4,309,3.4,0,0,0,0,0,0,0,0,0.0,0.0,0.0,0.0,0.0,Matches,fffea3e5,3.0,1.0,1.0,3.0,309.0
266,Merchas Doski,DF,iq Iraq,26-222,1.cz Viktoria Plzeň,1999,3,3,270,3.0,0,0,0,0,0,0,1,0,0.0,0.0,0.0,0.0,0.0,Matches,fdf4cfe5,1.0,0.0,9.0,6.0,270.0
267,David Douděra,MF,cz Czechia,28-047,1.cz Slavia Prague,1998,1,1,90,1.0,0,0,0,0,0,0,0,0,0.0,0.0,0.0,0.0,0.0,Matches,e95b4604,4.0,0.0,0.0,1.0,90.0
268,Désiré Doué,MF,fr France,21-044,1.fr PSG,2005,7,3,355,3.9,1,1,2,1,0,0,0,0,0.25,0.25,0.51,0.25,0.51,Matches,9e7483ff,13.0,8.0,6.0,2.0,355.0
269,Guéla Doué,DF,ci Côte d'Ivoire,23-273,1.fr Strasbourg,2002,4,3,277,3.1,0,0,0,0,0,0,1,0,0.0,0.0,0.0,0.0,0.0,Matches,b4ef3fb5,1.0,0.0,5.0,3.0,277.0
270,Deroy Duarte,MF,cv Cabo Verde,27-013,1.bg Ludogorets,1999,4,2,264,2.9,1,0,1,1,0,0,0,0,0.34,0.0,0.34,0.34,0.34,Matches,6af8fc5b,3.0,2.0,5.0,6.0,264.0
271,Laros Duarte,MF,cv Cabo Verde,29-139,1.hu Puskás Akad.,1997,4,2,166,1.8,0,0,0,0,0,0,0,0,0.0,0.0,0.0,0.0,0.0,Matches,4af3d3c8,3.0,3.0,1.0,2.0,166.0
272,Denzel Dumfries,DFMF,nl Netherlands,30-090,1.it Inter,1996,4,4,390,4.3,0,2,2,0,0,0,0,0,0.0,0.46,0.46,0.0,0.46,Matches,481c9ece,5.0,2.0,6.0,1.0,390.0
273,Jean-Kevin Duverne,DF,ht Haiti,29-005,1.be Gent,1997,2,2,169,1.9,0,1,1,0,0,0,0,0,0.0,0.53,0.53,0.0,0.53,Matches,0cbc8baa,1.0,0.0,2.0,4.0,169.0
274,Lyndon Dykes,FWMF,sct Scotland,30-283,2.eng Charlton Athletic,1995,2,0,36,0.4,0,0,0,0,0,0,0,0,0.0,0.0,0.0,0.0,0.0,Matches,cd92357a,1.0,0.0,0.0,0.0,36.0
275,Edin Džeko,FW,ba Bosnia–Herz,40-122,2.de Schalke 04,1986,3,3,176,2.0,0,0,0,0,0,0,1,0,0.0,0.0,0.0,0.0,0.0,Matches,3bb7f478,3.0,0.0,0.0,1.0,176.0
276,Roshon van Eijma,DF,cw Curaçao,28-038,2.nl RKC Waalwijk,1998,1,0,15,0.2,0,0,0,0,0,0,0,0,0.0,0.0,0.0,0.0,0.0,Matches,130368de,0.0,0.0,0.0,0.0,15.0
277,Anthony Elanga,MFFW,se Sweden,24-081,1.eng Newcastle,2002,4,2,217,2.4,2,0,2,2,0,0,0,0,0.83,0.0,0.83,0.83,0.83,Matches,2fba6108,3.0,3.0,0.0,2.0,217.0
278,Meschak Elia,FWMF,cd Congo DR,28-345,1.tr Alanyaspor,1997,2,0,46,0.5,0,1,1,0,0,0,0,0,0.0,1.96,1.96,0.0,1.96,Matches,5d51b074,2.0,1.0,0.0,1.0,46.0
279,Callan Elliot,DF,nz New Zealand,27-010,1.au Auckland FC,1999,1,0,13,0.1,0,0,0,0,0,0,0,0,0.0,0.0,0.0,0.0,0.0,Matches,9d6968a3,0.0,0.0,1.0,0.0,13.0
280,Eren Elmalı,DF,tr Türkiye,26-010,1.tr Galatasaray,2000,2,1,111,1.2,0,0,0,0,0,0,1,0,0.0,0.0,0.0,0.0,0.0,Matches,8eeb8ba4,0.0,0.0,1.0,2.0,111.0
281,Nico Elvedi,DF,ch Switzerland,29-290,1.de Gladbach,1996,6,6,600,6.7,0,0,0,0,0,0,1,0,0.0,0.0,0.0,0.0,0.0,Matches,48035304,3.0,0.0,2.0,6.0,600.0
282,Breel Embolo,FW,ch Switzerland,29-153,1.fr Rennes,1997,6,6,501,5.6,2,2,4,1,1,1,2,1,0.36,0.36,0.72,0.18,0.54,Matches,0b4f388a,10.0,5.0,0.0,2.0,501.0
283,Julio Enciso,FW,py Paraguay,22-175,1.fr Strasbourg,2004,5,5,386,4.3,1,2,3,1,0,0,0,0,0.23,0.47,0.7,0.23,0.7,Matches,9cfbad36,8.0,1.0,5.0,1.0,386.0
284,Endrick,FW,br Brazil,19-361,1.fr Lyon,2006,4,0,114,1.3,0,0,0,0,0,0,0,0,0.0,0.0,0.0,0.0,0.0,Matches,a2728fbf,3.0,0.0,1.0,1.0,114.0
285,Sherzod Esanov,MF,uz Uzbekistan,23-166,1.uz FK Bukhara Nurafshon,2003,1,0,1,0.0,0,0,0,0,0,0,0,0,0.0,0.0,0.0,0.0,0.0,Matches,bd6667ba,0.0,0.0,0.0,1.0,1.0
286,Fidel Escobar,DF,pa Panama,31-189,1.cr Saprissa,1995,1,1,90,1.0,0,0,0,0,0,0,0,0,0.0,0.0,0.0,0.0,0.0,Matches,4991ec66,0.0,0.0,2.0,1.0,90.0
287,Pervis Estupiñán,MF,ec Ecuador,28-177,1.it Milan,1998,2,1,89,1.0,0,0,0,0,0,0,0,0,0.0,0.0,0.0,0.0,0.0,Matches,d38fdf53,0.0,0.0,1.0,0.0,89.0
288,Derrick Etienne,FWMF,ht Haiti,29-234,1.us Toronto FC,1996,1,0,10,0.1,0,0,0,0,0,0,0,0,0.0,0.0,0.0,0.0,0.0,Matches,59059f1e,0.0,0.0,0.0,0.0,10.0
289,Stephen Eustáquio,MF,ca Canada,29-208,1.pt Porto,1996,5,4,392,4.4,1,0,1,1,0,0,0,0,0.23,0.0,0.23,0.23,0.23,Matches,577efaec,4.0,1.0,5.0,3.0,392.0
290,Martin Expérience,DFMF,ht Haiti,27-130,2.fr Nancy,1999,3,3,270,3.0,0,0,0,0,0,0,0,0,0.0,0.0,0.0,0.0,0.0,Matches,9edb83f4,1.0,0.0,6.0,4.0,270.0
291,Saeid Ezatolahi,MF,ir IR Iran,29-289,1.ae Al-Ahli Dubai FC,1996,3,3,264,2.9,0,0,0,0,0,0,2,0,0.0,0.0,0.0,0.0,0.0,Matches,314d95ac,6.0,2.0,5.0,7.0,264.0
292,Eberechi Eze,FWMF,eng England,28-018,1.eng Arsenal,1998,4,0,133,1.5,0,0,0,0,0,0,0,0,0.0,0.0,0.0,0.0,0.0,Matches,ae4fc6a4,5.0,0.0,0.0,0.0,133.0
293,Fabinho,DFMF,br Brazil,32-267,1.sa Al-Ittihad,1993,3,0,71,0.8,0,0,0,0,0,0,1,0,0.0,0.0,0.0,0.0,0.0,Matches,7f3b388c,1.0,0.0,1.0,2.0,71.0
294,José Fajardo,FW,pa Panama,32-333,1.ec Univ Católica,1993,3,1,155,1.7,0,0,0,0,0,0,1,0,0.0,0.0,0.0,0.0,0.0,Matches,682e47b3,1.0,0.0,2.0,0.0,155.0
295,Odeh Al-Fakhouri,MFFW,jo Jordan,20-237,1.eg Pyramids FC,2005,3,2,148,1.6,0,0,0,0,0,0,0,0,0.0,0.0,0.0,0.0,0.0,Matches,30591ae5,2.0,1.0,1.0,2.0,148.0
296,Henrik Falchener,DF,no Norway,23-070,1.no Viking,2003,1,1,65,0.7,0,0,0,0,0,0,0,0,0.0,0.0,0.0,0.0,0.0,Matches,57fe6b9b,0.0,0.0,0.0,1.0,65.0
297,Marko Farji,MF,iq Iraq,22-123,2.it Venezia,2004,2,0,54,0.6,0,0,0,0,0,0,0,0,0.0,0.0,0.0,0.0,0.0,Matches,e046cff6,0.0,0.0,1.0,1.0,54.0
298,Christian Fassnacht,FWMF,ch Switzerland,32-248,1.ch Young Boys,1993,1,0,6,0.1,0,0,0,0,0,0,0,0,0.0,0.0,0.0,0.0,0.0,Matches,0aeeed3f,0.0,0.0,1.0,0.0,6.0
299,Abdul Fatawu Issahaku,FWMF,gh Ghana,22-131,2.eng Leicester City,2004,4,0,132,1.5,0,0,0,0,0,0,1,0,0.0,0.0,0.0,0.0,0.0,Matches,bceda5ff,3.0,0.0,0.0,0.0,132.0
300,Ahmed Fathy,MF,qa Qatar,33-173,1.qa Al-Arabi,1993,3,1,150,1.7,0,0,0,0,0,0,2,0,0.0,0.0,0.0,0.0,0.0,Matches,f2369793,0.0,0.0,3.0,3.0,150.0
301,Hamdy Fathy,DFMF,eg Egypt,31-291,1.qa Al-Wakrah,1994,4,3,238,2.6,0,0,0,0,0,0,1,0,0.0,0.0,0.0,0.0,0.0,Matches,c8ef4955,0.0,0.0,3.0,2.0,238.0
302,Ahmed Fatouh,DF,eg Egypt,28-117,1.eg Zamalek SC,1998,3,3,267,3.0,0,0,0,0,0,0,1,0,0.0,0.0,0.0,0.0,0.0,Matches,de13286d,1.0,1.0,5.0,4.0,267.0
303,Abbosbek Fayzullayev,MF,uz Uzbekistan,22-287,1.tr Başakşehir,2003,3,3,220,2.4,1,0,1,1,0,0,0,0,0.41,0.0,0.41,0.41,0.41,Matches,ef1d36a1,3.0,2.0,6.0,1.0,220.0
304,João Félix,MF,pt Portugal,26-249,1.sa Al-Nassr,1999,3,3,201,2.2,0,0,0,0,0,0,0,0,0.0,0.0,0.0,0.0,0.0,Matches,8aafd64f,6.0,1.0,4.0,3.0,201.0
305,Lewis Ferguson,MF,sct Scotland,26-327,1.it Bologna,1999,3,3,270,3.0,0,0,0,0,0,0,0,0,0.0,0.0,0.0,0.0,0.0,Matches,ee64a822,2.0,1.0,7.0,4.0,270.0
306,Bruno Fernandes,MF,pt Portugal,31-312,1.eng Manchester Utd,1994,5,5,422,4.7,0,1,1,0,0,0,0,0,0.0,0.21,0.21,0.0,0.21,Matches,507c7bdf,9.0,3.0,5.0,0.0,422.0
307,Enzo Fernández,MF,ar Argentina,25-181,1.eng Chelsea,2001,6,6,570,6.3,2,0,2,2,0,0,0,0,0.32,0.0,0.32,0.32,0.32,Matches,5ff4ab71,12.0,4.0,7.0,6.0,570.0
308,Matias Fernandez-Pardo,FWMF,be Belgium,21-164,1.fr Lille,2005,3,0,44,0.5,0,0,0,0,0,0,0,0,0.0,0.0,0.0,0.0,0.0,Matches,0cdb6a2a,3.0,0.0,1.0,0.0,44.0
309,Álvaro Fidalgo,MF,mx Mexico,29-099,1.es Real Betis,1997,3,1,96,1.1,1,0,1,1,0,0,0,0,0.94,0.0,0.94,0.94,0.94,Matches,c705cdc4,3.0,2.0,0.0,1.0,96.0
310,Sherel Floranus,DF,cw Curaçao,27-328,1.nl Zwolle,1998,3,3,270,3.0,0,0,0,0,0,0,0,0,0.0,0.0,0.0,0.0,0.0,Matches,5ad49fbb,2.0,0.0,6.0,4.0,270.0
311,Seko Fofana,MF,ci Côte d'Ivoire,31-071,1.pt Porto,1995,2,1,92,1.0,0,0,0,0,0,0,1,0,0.0,0.0,0.0,0.0,0.0,Matches,5313ed43,5.0,1.0,0.0,2.0,92.0
312,Yahia Fofana,GK,ci Côte d'Ivoire,25-330,1.tr Rizespor,2000,4,4,360,4.0,0,0,0,0,0,0,0,0,0.0,0.0,0.0,0.0,0.0,Matches,9d420dad,0.0,0.0,0.0,0.0,360.0
313,Deveron Fonville,DF,cw Curaçao,23-062,1.nl NEC Nijmegen,2003,3,3,241,2.7,0,0,0,0,0,0,0,0,0.0,0.0,0.0,0.0,0.0,Matches,21932982,0.0,0.0,3.0,5.0,241.0
314,Yassin Fortuné,FWMF,ht Haiti,27-168,2.pt Vizela,1999,1,0,6,0.1,0,0,0,0,0,0,0,0,0.0,0.0,0.0,0.0,0.0,Matches,ddcc9e22,0.0,0.0,0.0,0.0,6.0
315,Lyle Foster,FW,za South Africa,25-317,1.eng Burnley,2000,1,1,55,0.6,0,0,0,0,0,0,0,0,0.0,0.0,0.0,0.0,0.0,Matches,f84a807c,1.0,0.0,0.0,0.0,55.0
316,Alan Franco,DF,ec Ecuador,27-330,1.br Atlético Mineiro,1998,4,4,251,2.8,0,0,0,0,0,0,2,0,0.0,0.0,0.0,0.0,0.0,Matches,c76b161b,0.0,0.0,6.0,4.0,251.0
317,Alex Freeman,DF,us United States,21-342,1.es Villarreal,2004,5,4,374,4.2,1,1,2,1,0,0,0,0,0.24,0.24,0.48,0.24,0.48,Matches,754f150b,4.0,1.0,6.0,7.0,374.0
318,Matt Freese,GK,us United States,27-318,1.us NYCFC,1998,4,4,360,4.0,0,0,0,0,0,0,0,0,0.0,0.0,0.0,0.0,0.0,Matches,2f49476c,0.0,0.0,0.0,0.0,360.0
319,Remo Freuler,MF,ch Switzerland,34-093,1.it Bologna,1992,6,6,592,6.6,0,0,0,0,0,0,0,0,0.0,0.0,0.0,0.0,0.0,Matches,98d2c2c4,2.0,1.0,5.0,8.0,592.0
320,Marco Friedl,DF,at Austria,28-123,1.de Werder Bremen,1998,1,0,24,0.3,0,0,0,0,0,0,0,0,0.0,0.0,0.0,0.0,0.0,Matches,f86ad3f5,0.0,0.0,0.0,0.0,24.0
321,Juriën Gaari,DF,cw Curaçao,32-206,2.sa Abha,1993,2,2,166,1.8,0,0,0,0,0,0,1,0,0.0,0.0,0.0,0.0,0.0,Matches,bf7a9d1a,2.0,0.0,2.0,2.0,166.0
322,Jassem Gaber,MF,qa Qatar,24-147,1.qa Al Rayyan SC,2002,3,3,149,1.7,0,0,0,0,0,0,1,0,0.0,0.0,0.0,0.0,0.0,Matches,af9ef8aa,0.0,0.0,2.0,0.0,149.0
323,Cody Gakpo,FW,nl Netherlands,27-071,1.eng Liverpool,1999,4,4,368,4.1,3,1,4,3,0,0,0,0,0.73,0.24,0.98,0.73,0.98,Matches,1971591f,10.0,6.0,1.0,2.0,368.0
324,Matías Galarza,MF,py Paraguay,24-156,1.us Atlanta Utd,2002,4,4,388,4.3,1,1,2,1,0,0,2,0,0.23,0.23,0.46,0.23,0.46,Matches,8e97a57b,2.0,1.0,11.0,7.0,388.0
325,Hernán Galíndez,GK,ec Ecuador,39-109,1.ar Huracán,1987,4,4,360,4.0,0,0,0,0,0,0,0,0,0.0,0.0,0.0,0.0,0.0,Matches,89c136f6,0.0,0.0,0.0,0.0,360.0
326,Jesús Gallardo,DF,mx Mexico,31-336,1.mx Toluca,1994,5,4,373,4.1,0,0,0,0,0,0,0,0,0.0,0.0,0.0,0.0,0.0,Matches,d0846b6c,4.0,0.0,1.0,7.0,373.0
327,Ahmed Al-Ganehi,FW,qa Qatar,25-298,1.qa Al-Gharafa Sports Club,2000,1,0,36,0.4,0,0,0,0,0,0,0,0,0.0,0.0,0.0,0.0,0.0,Matches,efcf04d2,1.0,0.0,1.0,0.0,36.0
328,Ben Gannon-Doak,MF,sct Scotland,20-248,1.eng Bournemouth,2005,3,2,186,2.1,0,0,0,0,0,0,0,0,0.0,0.0,0.0,0.0,0.0,Matches,733f1a7d,4.0,0.0,1.0,0.0,186.0
329,Gavi,FW,es Spain,21-346,1.es Barcelona,2004,2,1,76,0.8,0,0,0,0,0,0,0,0,0.0,0.0,0.0,0.0,0.0,Matches,19cae58d,1.0,0.0,2.0,1.0,76.0
330,Jason Geria,DF,au Australia,33-068,2.jp Albirex Niigata,1993,2,0,62,0.7,0,0,0,0,0,0,0,0,0.0,0.0,0.0,0.0,0.0,Matches,cd494a8d,0.0,0.0,1.0,2.0,62.0
331,Khalid Al Ghannam,MF,sa Saudi Arabia,25-251,1.sa Al-Ettifaq,2000,1,0,1,0.0,0,0,0,0,0,0,0,0,0.0,0.0,0.0,0.0,0.0,Matches,c16843c7,0.0,0.0,0.0,0.0,1.0
332,Ismaël Gharbi,MF,tn Tunisia,22-098,1.de Augsburg,2004,3,1,127,1.4,0,0,0,0,0,0,0,0,0.0,0.0,0.0,0.0,0.0,Matches,5b3cfa12,3.0,0.0,1.0,1.0,127.0
333,Mehdi Ghayedi,FW,ir IR Iran,27-224,1.ae Al-Nasr Dubai,1998,1,0,45,0.5,0,0,0,0,0,0,0,0,0.0,0.0,0.0,0.0,0.0,Matches,b6c90b4b,1.0,0.0,0.0,0.0,45.0
334,Farés Ghedjemis,FWMF,dz Algeria,23-314,2.it Frosinone,2002,1,0,1,0.0,0,0,0,0,0,0,0,0,0.0,0.0,0.0,0.0,0.0,Matches,14aac43e,0.0,0.0,0.0,0.0,1.0
335,Saman Ghoddos,MF,ir IR Iran,32-314,1.ae Al-Ittihad Kalba,1993,3,3,208,2.3,0,0,0,0,0,0,0,0,0.0,0.0,0.0,0.0,0.0,Matches,f7b1d4e0,4.0,0.0,4.0,5.0,208.0
336,Mohammad Ghorbani,MF,ir IR Iran,25-057,1.ae Al-Wahda FC,2001,1,1,90,1.0,0,0,0,0,0,0,0,0,0.0,0.0,0.0,0.0,0.0,Matches,4a078e18,2.0,1.0,2.0,2.0,90.0
337,Lee Gi-hyuk,DF,kr Korea Republic,26-010,1.kr Gangwon FC,2000,3,3,270,3.0,0,0,0,0,0,0,1,0,0.0,0.0,0.0,0.0,0.0,Matches,18c8c3c7,0.0,0.0,4.0,5.0,270.0
338,Armin Gigovic,MF,ba Bosnia–Herz,24-102,1.ch Young Boys,2002,2,1,79,0.9,0,0,0,0,0,0,0,0,0.0,0.0,0.0,0.0,0.0,Matches,d0a0858e,0.0,0.0,1.0,2.0,79.0
339,Orlando Gill,GK,py Paraguay,26-036,1.py San Lorenzo,2000,5,5,480,5.3,0,0,0,0,0,0,0,0,0.0,0.0,0.0,0.0,0.0,Matches,0d425331,0.0,0.0,0.0,0.0,480.0
340,Santiago Giménez,FW,mx Mexico,25-090,1.it Milan,2001,4,0,86,1.0,0,0,0,0,0,0,0,0,0.0,0.0,0.0,0.0,0.0,Matches,37337aea,2.0,1.0,0.0,0.0,86.0
341,Aníbal Godoy,MF,pa Panama,36-157,1.us San Diego FC,1990,1,0,1,0.0,0,0,0,0,0,0,0,0,0.0,0.0,0.0,0.0,0.0,Matches,2d496ca3,0.0,0.0,0.0,0.0,1.0
342,Andrés Gómez,MF,co Colombia,23-308,1.br Vasco da Gama,2002,1,0,1,0.0,0,0,0,0,0,0,0,0,0.0,0.0,0.0,0.0,0.0,Matches,76a82373,0.0,0.0,0.0,1.0,1.0
343,Diego Gómez,MF,py Paraguay,23-112,1.eng Brighton,2003,4,4,304,3.4,0,0,0,0,0,0,2,0,0.0,0.0,0.0,0.0,0.0,Matches,916728da,6.0,0.0,6.0,9.0,304.0
344,Gustavo Gómez,DF,py Paraguay,33-072,1.br Palmeiras,1993,5,5,480,5.3,0,0,0,0,0,0,0,0,0.0,0.0,0.0,0.0,0.0,Matches,d5ce52a5,2.0,0.0,3.0,2.0,480.0
345,Armando González,FW,mx Mexico,23-088,1.mx Guadalajara,2003,1,0,15,0.2,0,0,0,0,0,0,0,0,0.0,0.0,0.0,0.0,0.0,Matches,1278bc9a,0.0,0.0,0.0,0.0,15.0
346,Nicolás González,FWMF,ar Argentina,28-102,1.es Atlético Madrid,1998,6,0,214,2.4,0,1,1,0,0,0,0,0,0.0,0.42,0.42,0.0,0.42,Matches,2374aaca,7.0,1.0,3.0,1.0,214.0
347,Anthony Gordon,MF,eng England,25-143,1.es Barcelona,2001,6,5,396,4.4,1,3,4,1,0,0,0,0,0.23,0.68,0.91,0.23,0.91,Matches,2bd83368,6.0,4.0,3.0,3.0,396.0
348,Leon Goretzka,MF,de Germany,31-161,1.de Bayern Munich,1995,3,0,99,1.1,0,0,0,0,0,0,0,0,0.0,0.0,0.0,0.0,0.0,Matches,cc86b9a3,2.0,0.0,1.0,1.0,99.0
349,Kenji Gorré,FWMF,cw Curaçao,31-291,1.il Maccabi Haifa,1994,1,0,16,0.2,0,0,0,0,0,0,0,0,0.0,0.0,0.0,0.0,0.0,Matches,52d1a4c6,0.0,0.0,0.0,0.0,16.0
350,Keisuke Gotō,FW,jp Japan,21-044,1.be Sint-Truiden,2005,1,0,7,0.1,0,0,0,0,0,0,0,0,0.0,0.0,0.0,0.0,0.0,Matches,82a2ca86,0.0,0.0,1.0,0.0,7.0
351,Amine Gouiri,FW,dz Algeria,26-151,1.fr Marseille,2000,4,3,251,2.8,1,0,1,1,0,0,0,0,0.36,0.0,0.36,0.36,0.36,Matches,aad56ca3,3.0,2.0,1.0,0.0,251.0
352,Ryan Gravenberch,MF,nl Netherlands,24-062,1.eng Liverpool,2002,4,4,345,3.8,0,2,2,0,0,0,0,0,0.0,0.52,0.52,0.0,0.52,Matches,b8e740fb,5.0,0.0,1.0,6.0,345.0
353,Michael Gregoritsch,FW,at Austria,32-090,1.de Augsburg,1994,3,2,188,2.1,0,1,1,0,0,0,0,0,0.0,0.48,0.48,0.0,0.48,Matches,8e235926,1.0,0.0,0.0,0.0,188.0
354,Florian Grillitsch,DFMF,at Austria,30-344,1.pt Braga,1995,2,0,90,1.0,0,0,0,0,0,0,0,0,0.0,0.0,0.0,0.0,0.0,Matches,ffbbc83b,0.0,0.0,1.0,0.0,90.0
355,Pascal Groß,DFMF,de Germany,35-032,1.eng Brighton,1991,1,0,18,0.2,0,0,0,0,0,0,0,0,0.0,0.0,0.0,0.0,0.0,Matches,8aec0537,1.0,0.0,2.0,0.0,18.0
356,Gabriel Gudmundsson,MFDF,se Sweden,27-079,1.eng Leeds United,1999,4,4,330,3.7,0,0,0,0,0,0,1,0,0.0,0.0,0.0,0.0,0.0,Matches,d5d22a58,0.0,0.0,3.0,5.0,330.0
357,Cho Gue-sung,FW,kr Korea Republic,28-173,1.dk Midtjylland,1998,2,0,31,0.3,0,0,0,0,0,0,1,0,0.0,0.0,0.0,0.0,0.0,Matches,ccfa8e5e,2.0,1.0,0.0,0.0,31.0
358,Marc Guéhi,DF,eng England,26-004,1.eng Manchester City,2000,7,6,574,6.4,0,0,0,0,0,0,1,0,0.0,0.0,0.0,0.0,0.0,Matches,d0706b27,1.0,0.0,1.0,6.0,574.0
359,Evann Guessand,FWMF,ci Côte d'Ivoire,25-016,1.eng Crystal Palace,2001,2,0,17,0.2,0,0,0,0,0,0,0,0,0.0,0.0,0.0,0.0,0.0,Matches,b73f17f8,1.0,0.0,0.0,0.0,17.0
360,Idrissa Gueye,MF,sn Senegal,36-294,1.eng Everton,1989,4,4,361,4.0,0,0,0,0,0,0,0,0,0.0,0.0,0.0,0.0,0.0,Matches,72c812f3,5.0,1.0,4.0,2.0,361.0
361,Pape Gueye,MF,sn Senegal,27-174,1.es Villarreal,1999,4,3,234,2.6,2,1,3,2,0,0,1,0,0.77,0.38,1.15,0.77,1.15,Matches,7155e3e1,8.0,3.0,1.0,4.0,234.0
362,Bruno Guimarães,MF,br Brazil,28-243,1.eng Newcastle,1997,5,5,416,4.6,0,4,4,0,0,1,0,0,0.0,0.87,0.87,0.0,0.87,Matches,82518f62,8.0,2.0,6.0,2.0,416.0
363,Deniz Gül,FW,tr Türkiye,22-015,1.pt Porto,2004,2,0,37,0.4,0,0,0,0,0,0,0,0,0.0,0.0,0.0,0.0,0.0,Matches,f0fb443e,2.0,1.0,0.0,0.0,37.0
364,Arda Güler,MF,tr Türkiye,21-142,1.es Real Madrid,2005,3,3,270,3.0,1,0,1,1,0,0,0,0,0.33,0.0,0.33,0.33,0.33,Matches,3741ca58,12.0,4.0,3.0,2.0,270.0
365,Angus Gunn,GK,sct Scotland,30-176,1.eng Nottingham,1996,3,3,270,3.0,0,0,0,0,0,0,0,0,0.0,0.0,0.0,0.0,0.0,Matches,e082af5b,0.0,0.0,1.0,0.0,270.0
366,Malo Gusto,DFMF,fr France,23-059,1.eng Chelsea,2003,4,0,32,0.4,0,0,0,0,0,0,0,0,0.0,0.0,0.0,0.0,0.0,Matches,d56b9520,0.0,0.0,3.0,2.0,32.0
367,Brian Gutiérrez,MF,mx Mexico,23-030,1.mx Guadalajara,2003,4,2,198,2.2,0,0,0,0,0,0,1,0,0.0,0.0,0.0,0.0,0.0,Matches,d88f31db,6.0,0.0,1.0,2.0,198.0
368,Jorge Gutiérrez,DF,pa Panama,27-319,1.ve Dep. La Guaira,1998,1,1,87,1.0,0,0,0,0,0,0,0,0,0.0,0.0,0.0,0.0,0.0,Matches,56f6d192,0.0,0.0,1.0,1.0,87.0
369,Joško Gvardiol,DF,hr Croatia,24-175,1.eng Manchester City,2002,4,2,139,1.5,0,0,0,0,0,0,0,0,0.0,0.0,0.0,0.0,0.0,Matches,5ad50391,1.0,0.0,2.0,2.0,139.0
370,Viktor Gyökeres,FW,se Sweden,28-043,1.eng Arsenal,1998,4,4,360,4.0,1,2,3,1,0,0,1,0,0.25,0.5,0.75,0.25,0.75,Matches,4d5a9185,12.0,6.0,1.0,0.0,360.0
371,Aziz Gʻaniyev,MF,uz Uzbekistan,28-145,,1998,2,1,122,1.4,0,0,0,0,0,0,0,0,0.0,0.0,0.0,0.0,0.0,Matches,0c492054,1.0,0.0,6.0,0.0,122.0
372,Erling Haaland,FW,no Norway,25-361,1.eng Manchester City,2000,5,5,465,5.2,7,0,7,7,0,0,0,0,1.35,0.0,1.35,1.35,1.35,Matches,1f44ac21,20.0,13.0,0.0,1.0,465.0
373,Ihsan Haddad,DF,jo Jordan,32-162,1.jo Al-Hussein SC,1994,3,3,260,2.9,0,1,1,0,0,0,0,0,0.0,0.35,0.35,0.0,0.35,Matches,85660a5d,1.0,0.0,1.0,2.0,260.0
374,Anis Hadj Moussa,MF,dz Algeria,24-156,1.nl Feyenoord,2002,3,1,98,1.1,0,0,0,0,0,0,0,0,0.0,0.0,0.0,0.0,0.0,Matches,7bc7eef2,2.0,0.0,0.0,1.0,98.0
375,Jaouen Hadjam,DF,dz Algeria,23-113,1.ch Young Boys,2003,3,1,109,1.2,0,0,0,0,0,0,0,0,0.0,0.0,0.0,0.0,0.0,Matches,576817b7,1.0,0.0,1.0,1.0,109.0
376,Amir Hadžiahmetović,MF,ba Bosnia–Herz,29-131,2.eng Hull City,1997,1,0,6,0.1,0,0,0,0,0,0,0,0,0.0,0.0,0.0,0.0,0.0,Matches,e8213ed3,0.0,0.0,0.0,0.0,6.0
377,Dennis Hadžikadunić,DF,ba Bosnia–Herz,28-008,2.it Sampdoria,1998,1,0,27,0.3,0,1,1,0,0,0,0,0,0.0,3.33,3.33,0.0,3.33,Matches,82cfae2a,0.0,0.0,2.0,0.0,27.0
378,Karim Hafez,DF,eg Egypt,30-127,1.eg Pyramids FC,1996,3,2,172,1.9,0,1,1,0,0,0,0,0,0.0,0.52,0.52,0.0,0.52,Matches,d2debf23,1.0,0.0,1.0,3.0,172.0
379,Ehsan Hajsafi,DF,ir IR Iran,36-142,1.ir Sepahan,1990,2,1,91,1.0,0,0,0,0,0,0,1,0,0.0,0.0,0.0,0.0,0.0,Matches,b060e3b8,1.0,0.0,0.0,1.0,91.0
380,Achraf Hakimi,DF,ma Morocco,27-255,1.fr PSG,1998,6,6,570,6.3,1,2,3,1,0,0,1,0,0.16,0.32,0.47,0.16,0.47,Matches,e42d61c7,14.0,4.0,10.0,5.0,570.0
381,Redouane Halhal,DF,ma Morocco,23-134,1.be Mechelen,2003,2,2,180,2.0,0,0,0,0,0,0,1,0,0.0,0.0,0.0,0.0,0.0,Matches,e17c2cec,0.0,0.0,1.0,1.0,180.0
382,Ali Al Hamadi,FW,iq Iraq,24-138,2.eng Ipswich Town,2002,3,2,180,2.0,0,0,0,0,0,0,0,0,0.0,0.0,0.0,0.0,0.0,Matches,8450467d,6.0,0.0,2.0,2.0,180.0
383,Abdullah Al-Hamdan,FW,sa Saudi Arabia,26-307,1.sa Al-Nassr,1999,3,0,71,0.8,0,0,0,0,0,0,0,0,0.0,0.0,0.0,0.0,0.0,Matches,cc4b5436,2.0,2.0,0.0,0.0,71.0
384,Mohamed Amine Ben Hamida,DF,tn Tunisia,30-214,1.tn Espérance Tunis,1995,3,2,202,2.2,0,0,0,0,0,0,0,0,0.0,0.0,0.0,0.0,0.0,Matches,2a5e8f82,0.0,0.0,9.0,1.0,202.0
385,Odiljon Hamrobekov,MF,uz Uzbekistan,30-154,1.ir Tractor,1996,2,1,77,0.9,0,0,0,0,0,0,1,0,0.0,0.0,0.0,0.0,0.0,Matches,03f63e77,1.0,0.0,0.0,0.0,77.0
386,Lee Han-beom,DF,kr Korea Republic,24-030,1.dk Midtjylland,2002,3,3,270,3.0,0,0,0,0,0,0,0,0,0.0,0.0,0.0,0.0,0.0,Matches,071f2dd3,2.0,0.0,2.0,3.0,270.0
387,Grant Hanley,DF,sct Scotland,34-239,1.sct Hibernian,1991,2,2,180,2.0,0,0,0,0,0,0,0,0,0.0,0.0,0.0,0.0,0.0,Matches,e9254eec,0.0,0.0,2.0,1.0,180.0
388,Sontje Hansen,FW,cw Curaçao,24-060,2.eng Middlesbrough,2002,1,1,45,0.5,0,0,0,0,0,0,0,0,0.0,0.0,0.0,0.0,0.0,Matches,70bad10b,1.0,1.0,0.0,0.0,45.0
389,Mohamed Hany,DF,eg Egypt,30-173,1.eg Al Ahly,1996,5,5,480,5.3,0,1,1,0,0,0,0,0,0.0,0.19,0.19,0.0,0.19,Matches,9bcf1513,4.0,0.0,9.0,6.0,480.0
390,Moteb Al-Harbi,DF,sa Saudi Arabia,26-147,1.sa Al-Hilal,2000,3,2,188,2.1,0,0,0,0,0,0,0,0,0.0,0.0,0.0,0.0,0.0,Matches,1d88554c,0.0,0.0,1.0,4.0,188.0
391,Saleh Hardani,DF,ir IR Iran,27-203,1.ir Esteghlal,1998,2,1,90,1.0,0,0,0,0,0,0,0,0,0.0,0.0,0.0,0.0,0.0,Matches,3a9b682b,0.0,0.0,2.0,2.0,90.0
392,Carlos Harvey,MF,pa Panama,26-164,1.us Minnesota Utd,2000,3,3,267,3.0,0,0,0,0,0,0,1,0,0.0,0.0,0.0,0.0,0.0,Matches,3f18600c,5.0,0.0,3.0,0.0,267.0
393,Akam Hashim,DF,iq Iraq,27-335,1.iq Al-Zawra'a SC,1998,3,3,270,3.0,0,0,0,0,0,0,0,0,0.0,0.0,0.0,0.0,0.0,Matches,f8416e89,1.0,0.0,1.0,2.0,270.0
394,Haissem Hassan,MF,eg Egypt,24-159,1.es Oviedo,2002,2,1,126,1.4,0,1,1,0,0,0,2,0,0.0,0.71,0.71,0.0,0.71,Matches,e0979e74,1.0,0.0,1.0,0.0,126.0
395,Jalal Hassan,GK,iq Iraq,35-060,1.iq Al-Zawra'a SC,1991,2,1,135,1.5,0,0,0,0,0,0,0,0,0.0,0.0,0.0,0.0,0.0,Matches,87351c2e,0.0,0.0,0.0,0.0,135.0
396,Abdulaziz Hatem,MF,qa Qatar,36-197,1.qa Al Rayyan SC,1990,1,0,45,0.5,0,0,0,0,0,0,0,0,0.0,0.0,0.0,0.0,0.0,Matches,c5065ef8,0.0,0.0,0.0,0.0,45.0
397,Jorrel Hato,DF,nl Netherlands,20-132,1.eng Chelsea,2006,1,0,35,0.4,0,0,0,0,0,0,0,0,0.0,0.0,0.0,0.0,0.0,Matches,bde35051,0.0,0.0,0.0,0.0,35.0
398,Kai Havertz,FW,de Germany,27-036,1.eng Arsenal,1999,4,4,353,3.9,3,0,3,2,1,1,1,0,0.76,0.0,0.76,0.51,0.51,Matches,fed7cb61,12.0,7.0,2.0,1.0,353.0
399,Hassan Al-Haydos,MF,qa Qatar,35-218,1.qa Al Sadd,1990,2,1,57,0.6,1,0,1,1,0,0,0,0,1.58,0.0,1.58,1.58,1.58,Matches,41bd6c64,1.0,1.0,0.0,0.0,57.0
400,Jan Paul van Hecke,DF,nl Netherlands,26-039,1.eng Brighton,2000,4,4,390,4.3,1,0,1,1,0,0,0,0,0.23,0.0,0.23,0.23,0.23,Matches,4fd08daa,3.0,2.0,3.0,4.0,390.0
401,Hwang Hee-chan,FW,kr Korea Republic,30-172,1.eng Wolves,1996,3,1,108,1.2,0,0,0,0,0,0,0,0,0.0,0.0,0.0,0.0,0.0,Matches,169fd162,1.0,0.0,1.0,0.0,108.0
402,Torbjørn Heggem,DF,no Norway,27-186,1.it Bologna,1999,5,5,443,4.9,0,0,0,0,0,0,0,0,0.0,0.0,0.0,0.0,0.0,Matches,834fea76,1.0,1.0,7.0,2.0,443.0
403,Alaa Al Hejji,MF,sa Saudi Arabia,30-226,1.sa Neom,1995,2,0,32,0.4,0,0,0,0,0,0,0,0,0.0,0.0,0.0,0.0,0.0,Matches,6d258576,0.0,0.0,0.0,1.0,32.0
404,Jordan Henderson,MF,eng England,36-030,1.eng Brentford,1990,1,0,7,0.1,0,0,0,0,0,0,1,0,0.0,0.0,0.0,0.0,0.0,Matches,935e6b8f,0.0,0.0,1.0,0.0,7.0
405,Jack Hendry,DF,sct Scotland,31-071,1.sa Al-Ettifaq,1995,3,3,270,3.0,0,0,0,0,0,0,0,0,0.0,0.0,0.0,0.0,0.0,Matches,ffed43e3,0.0,0.0,2.0,0.0,270.0
406,Luiz Henrique,FWMF,br Brazil,25-196,1.ru Zenit,2001,1,0,29,0.3,0,0,0,0,0,0,0,0,0.0,0.0,0.0,0.0,0.0,Matches,8059806f,0.0,0.0,0.0,0.0,29.0
407,Theo Hernández,DF,fr France,28-284,1.sa Al-Hilal,1997,4,2,212,2.4,0,0,0,0,0,0,0,0,0.0,0.0,0.0,0.0,0.0,Matches,d4c9725f,3.0,0.0,1.0,3.0,212.0
408,Lucas Herrington,DF,au Australia,18-315,1.us Colorado Rapids,2007,2,2,210,2.3,0,0,0,0,0,0,0,0,0.0,0.0,0.0,0.0,0.0,Matches,6f808c85,0.0,0.0,1.0,2.0,210.0
409,Son Heung-min,FW,kr Korea Republic,34-009,1.us LAFC,1992,3,2,169,1.9,0,0,0,0,0,0,0,0,0.0,0.0,0.0,0.0,0.0,Matches,92e7e919,7.0,1.0,1.0,0.0,169.0
410,Aaron Hickey,DF,sct Scotland,24-037,1.eng Brentford,2002,1,1,74,0.8,0,0,0,0,0,0,1,0,0.0,0.0,0.0,0.0,0.0,Matches,1780bb4a,0.0,0.0,0.0,1.0,74.0
411,Isak Hien,DF,se Sweden,27-185,1.it Atalanta,1999,3,3,216,2.4,0,0,0,0,0,0,1,0,0.0,0.0,0.0,0.0,0.0,Matches,12806697,0.0,0.0,3.0,1.0,216.0
412,Piero Hincapié,DF,ec Ecuador,24-189,1.eng Arsenal,2002,4,4,339,3.8,0,0,0,0,0,0,1,1,0.0,0.0,0.0,0.0,0.0,Matches,0c7a48f8,3.0,0.0,5.0,4.0,339.0
413,Adam Hložek,FW,cz Czechia,23-357,1.de Hoffenheim,2002,3,2,156,1.7,0,0,0,0,0,0,0,0,0.0,0.0,0.0,0.0,0.0,Matches,5521f419,3.0,1.0,1.0,1.0,156.0
414,Tomáš Holeš,DF,cz Czechia,33-108,1.cz Slavia Prague,1993,2,2,153,1.7,0,0,0,0,0,0,0,0,0.0,0.0,0.0,0.0,0.0,Matches,e03c2d97,0.0,0.0,3.0,4.0,153.0
415,Amirhossein Hosseinzadeh,FW,ir IR Iran,25-260,1.ir Tractor,2000,2,0,17,0.2,0,0,0,0,0,0,0,0,0.0,0.0,0.0,0.0,0.0,Matches,47270f0c,1.0,0.0,2.0,0.0,17.0
416,Robin Hranáč,DF,cz Czechia,26-169,1.de Hoffenheim,2000,3,3,270,3.0,0,0,0,0,0,0,0,0,0.0,0.0,0.0,0.0,0.0,Matches,95d5aea2,0.0,0.0,0.0,1.0,270.0
417,Ajdin Hrustic,MF,au Australia,30-012,1.nl Heracles Almelo,1996,2,0,80,0.9,0,0,0,0,0,0,0,0,0.0,0.0,0.0,0.0,0.0,Matches,1f2d714c,3.0,0.0,0.0,0.0,80.0
418,César Huerta,FWMF,mx Mexico,25-226,1.be Anderlecht,2000,1,0,7,0.1,0,0,0,0,0,0,0,0,0.0,0.0,0.0,0.0,0.0,Matches,de2f44ce,0.0,0.0,0.0,0.0,7.0
419,Al-Hashmi Al-Hussain,MF,qa Qatar,22-336,1.qa Al-Arabi,2003,1,0,32,0.4,0,0,0,0,0,0,0,0,0.0,0.0,0.0,0.0,0.0,Matches,c164fda2,0.0,0.0,2.0,1.0,32.0
420,Ayman Hussein,FW,iq Iraq,30-117,1.iq Al-Karma,1996,2,2,115,1.3,1,0,1,1,0,0,0,0,0.78,0.0,0.78,0.78,0.78,Matches,8b574de7,3.0,1.0,0.0,0.0,115.0
421,Oh Hyeon-gyu,FW,kr Korea Republic,25-096,1.tr Beşiktaş,2001,3,1,129,1.4,1,0,1,1,0,0,0,0,0.7,0.0,0.7,0.7,0.7,Matches,d25422fb,4.0,2.0,0.0,0.0,129.0
422,Yang Hyun-jun,FWMF,kr Korea Republic,24-053,1.sct Celtic,2002,1,0,20,0.2,0,0,0,0,0,0,0,0,0.0,0.0,0.0,0.0,0.0,Matches,f4cda99f,1.0,1.0,1.0,1.0,20.0
423,Roger Ibanez,DF,br Brazil,27-236,1.sa Al-Ahli,1998,1,1,45,0.5,0,0,0,0,0,0,1,0,0.0,0.0,0.0,0.0,0.0,Matches,82efe6fa,0.0,0.0,2.0,1.0,45.0
424,Yasser Ibrahim,DF,eg Egypt,33-157,1.eg Al Ahly,1993,5,4,467,5.2,1,0,1,1,0,0,2,0,0.19,0.0,0.19,0.19,0.19,Matches,0b89ad1b,1.0,1.0,6.0,3.0,467.0
425,Borja Iglesias,FW,es Spain,33-181,1.es Celta Vigo,1993,1,0,1,0.0,0,0,0,0,0,0,0,0,0.0,0.0,0.0,0.0,0.0,Matches,75645f0e,0.0,0.0,0.0,0.0,1.0
426,Hwang In-beom,MF,kr Korea Republic,29-300,1.nl Feyenoord,1996,3,3,263,2.9,1,1,2,1,0,0,0,0,0.34,0.34,0.68,0.34,0.68,Matches,92fa5d28,4.0,2.0,2.0,4.0,263.0
427,Christ Inao Oulaï,MF,ci Côte d'Ivoire,20-102,1.tr Trabzonspor,2006,4,2,208,2.3,0,0,0,0,0,0,0,0,0.0,0.0,0.0,0.0,0.0,Matches,62709ee4,2.0,0.0,4.0,6.0,208.0
428,Zidane Iqbal,MF,iq Iraq,23-081,1.nl Utrecht,2003,3,2,188,2.1,0,0,0,0,0,0,0,0,0.0,0.0,0.0,0.0,0.0,Matches,6fa3c28e,0.0,0.0,2.0,1.0,188.0
429,Nestory Irankunda,FWMF,au Australia,20-158,2.eng Watford,2006,4,3,261,2.9,1,0,1,1,0,0,0,0,0.34,0.0,0.34,0.34,0.34,Matches,4ac730b2,6.0,2.0,0.0,1.0,261.0
430,Jackson Irvine,MF,au Australia,33-132,1.de St Pauli,1993,4,2,223,2.5,0,0,0,0,0,0,1,0,0.0,0.0,0.0,0.0,0.0,Matches,4637747c,3.0,1.0,1.0,1.0,223.0
431,Alexander Isak,FW,se Sweden,26-299,1.eng Liverpool,1999,4,4,357,4.0,1,3,4,1,0,0,0,0,0.25,0.76,1.01,0.25,1.01,Matches,8e92be30,8.0,6.0,2.0,0.0,357.0
432,Wilson Isidor,FW,ht Haiti,25-324,1.eng Sunderland,2000,3,2,186,2.1,1,0,1,1,0,0,0,0,0.48,0.0,0.48,0.48,0.48,Matches,a671316d,5.0,2.0,1.0,1.0,186.0
433,Jamshid Iskanderov,FWMF,uz Uzbekistan,32-274,1.uz Neftchi FK,1993,1,0,9,0.1,0,0,0,0,0,0,0,0,0.0,0.0,0.0,0.0,0.0,Matches,3b8abe7c,0.0,0.0,0.0,0.0,9.0
434,Zaid Ismail,MF,iq Iraq,24-195,1.iq Al-Talaba,2002,2,2,117,1.3,0,0,0,0,0,0,0,0,0.0,0.0,0.0,0.0,0.0,Matches,c65effaa,0.0,0.0,4.0,1.0,117.0
435,Ko Itakura,DF,jp Japan,29-171,1.nl Ajax,1997,2,2,128,1.4,0,1,1,0,0,0,0,0,0.0,0.7,0.7,0.0,0.7,Matches,97d545ae,0.0,0.0,0.0,1.0,128.0
436,Jacob Italiano,DF,au Australia,24-352,1.at Grazer AK,2001,2,2,163,1.8,0,0,0,0,0,0,1,0,0.0,0.0,0.0,0.0,0.0,Matches,2eb0ee9a,1.0,0.0,2.0,1.0,163.0
437,Hiroki Ito,DF,jp Japan,27-066,1.de Bayern Munich,1999,4,4,360,4.0,0,0,0,0,0,0,0,0,0.0,0.0,0.0,0.0,0.0,Matches,204dded0,1.0,0.0,2.0,0.0,360.0
438,Junya Itō,MF,jp Japan,33-130,1.be Genk,1993,4,2,216,2.4,1,0,1,1,0,0,0,0,0.42,0.0,0.42,0.42,0.42,Matches,dbd3a428,3.0,1.0,2.0,1.0,216.0
439,Cedric Itten,FWMF,ch Switzerland,29-202,2.de Düsseldorf,1996,3,0,42,0.5,0,0,0,0,0,0,0,0,0.0,0.0,0.0,0.0,0.0,Matches,ef233486,0.0,0.0,0.0,0.0,42.0
440,Nicolas Jackson,FW,sn Senegal,25-027,1.de Bayern Munich,2001,4,2,234,2.6,0,1,1,0,0,0,0,0,0.0,0.38,0.38,0.0,0.38,Matches,9c36ed83,7.0,3.0,2.0,1.0,234.0
441,Lee Jae-sung,FW,kr Korea Republic,33-341,1.de Mainz 05,1992,2,2,117,1.3,0,0,0,0,0,0,0,0,0.0,0.0,0.0,0.0,0.0,Matches,34b0387f,2.0,1.0,3.0,2.0,117.0
442,Alireza Jahanbakhsh,FWMF,ir IR Iran,32-340,1.be Dender,1993,2,0,46,0.5,0,0,0,0,0,0,0,0,0.0,0.0,0.0,0.0,0.0,Matches,08452314,1.0,0.0,1.0,0.0,46.0
443,Ismail Jakobs,DF,sn Senegal,26-334,1.tr Galatasaray,1999,3,2,219,2.4,0,0,0,0,0,0,0,0,0.0,0.0,0.0,0.0,0.0,Matches,a0415710,1.0,0.0,2.0,2.0,219.0
444,Reece James,DF,eng England,26-221,1.eng Chelsea,1999,4,3,311,3.5,0,0,0,0,0,0,0,0,0.0,0.0,0.0,0.0,0.0,Matches,1265a93a,1.0,0.0,3.0,3.0,311.0
445,Amer Jamous,MF,jo Jordan,24-014,1.iq Al-Zawra'a SC,2002,1,0,15,0.2,0,0,0,0,0,0,0,0,0.0,0.0,0.0,0.0,0.0,Matches,32d4f1e1,0.0,0.0,0.0,0.0,15.0
446,Luca Jaquez,DF,ch Switzerland,23-045,1.de Stuttgart,2003,2,1,78,0.9,0,0,0,0,0,0,0,0,0.0,0.0,0.0,0.0,0.0,Matches,a400da8e,0.0,0.0,0.0,1.0,78.0
447,Ardon Jashari,MF,ch Switzerland,23-352,1.it Milan,2002,3,1,72,0.8,0,0,0,0,0,0,0,0,0.0,0.0,0.0,0.0,0.0,Matches,889588db,2.0,0.0,0.0,0.0,72.0
448,Ali Jasim,MF,iq Iraq,22-178,1.sa Al-Najma,2004,2,2,129,1.4,0,0,0,0,0,0,0,0,0.0,0.0,0.0,0.0,0.0,Matches,1a927a6f,4.0,1.0,1.0,0.0,129.0
449,Danley Jean-Jacques,MF,ht Haiti,26-058,1.us Philadelphia,2000,3,3,259,2.9,0,0,0,0,0,0,1,0,0.0,0.0,0.0,0.0,0.0,Matches,59fcbd6d,0.0,0.0,6.0,3.0,259.0
450,Eom Ji-sung,MF,kr Korea Republic,24-069,2.eng Swansea City,2002,2,0,42,0.5,0,0,0,0,0,0,0,0,0.0,0.0,0.0,0.0,0.0,Matches,3a049da1,0.0,0.0,2.0,0.0,42.0
451,Raúl Jiménez,FW,mx Mexico,35-073,1.eng Fulham,1991,4,4,317,3.5,3,0,3,2,1,1,0,0,0.85,0.0,0.85,0.57,0.57,Matches,b561db50,18.0,7.0,1.0,0.0,317.0
452,Kim Jin-gyu,MF,kr Korea Republic,29-143,1.kr Jeonbuk,1997,2,0,52,0.6,0,0,0,0,0,0,0,0,0.0,0.0,0.0,0.0,0.0,Matches,7c0479b1,1.0,0.0,1.0,0.0,52.0
453,Park Jinseob,DFMF,kr Korea Republic,30-267,1.cn Zhejiang,1995,2,0,32,0.4,0,0,0,0,0,0,0,0,0.0,0.0,0.0,0.0,0.0,Matches,3316967a,1.0,1.0,0.0,0.0,32.0
454,Ruslanbek Jiyanov,FW,uz Uzbekistan,25-042,1.uz Navbahor,2001,1,0,1,0.0,0,0,0,0,0,0,0,0,0.0,0.0,0.0,0.0,0.0,Matches,3c181746,0.0,0.0,1.0,0.0,1.0
455,Alistair Johnston,DF,ca Canada,27-282,1.sct Celtic,1998,5,5,450,5.0,0,0,0,0,0,0,1,0,0.0,0.0,0.0,0.0,0.0,Matches,4fb17e20,5.0,2.0,2.0,6.0,450.0
456,Frenkie de Jong,MF,nl Netherlands,29-066,1.es Barcelona,1997,4,4,328,3.6,0,0,0,0,0,0,0,0,0.0,0.0,0.0,0.0,0.0,Matches,1bacc518,1.0,0.0,7.0,8.0,328.0
457,Lenny Joseph,FW,ht Haiti,25-278,1.hu Ferencváros,2000,3,1,117,1.3,0,0,0,0,0,0,0,0,0.0,0.0,0.0,0.0,0.0,Matches,d1828392,2.0,0.0,0.0,0.0,117.0
458,Edmilson Junior,MFFW,qa Qatar,31-332,1.qa Al Duhail SC,1994,3,3,210,2.3,0,1,1,0,0,0,0,0,0.0,0.43,0.43,0.0,0.43,Matches,620764f4,3.0,2.0,1.0,0.0,210.0
459,Vinicius Júnior,FW,br Brazil,26-005,1.es Real Madrid,2000,5,5,440,4.9,4,1,5,4,0,0,0,0,0.82,0.2,1.02,0.82,1.02,Matches,7111d552,17.0,11.0,1.0,1.0,440.0
460,Elijah Just,MF,nz New Zealand,26-077,1.sct Motherwell,2000,3,3,264,2.9,3,0,3,3,0,0,1,0,1.02,0.0,1.02,1.02,1.02,Matches,0c295d6e,7.0,5.0,3.0,2.0,264.0
461,Musab Al Juwayr,MFFW,sa Saudi Arabia,23-027,1.sa Al-Qadsiah,2003,3,2,152,1.7,0,0,0,0,0,0,0,0,0.0,0.0,0.0,0.0,0.0,Matches,62592fc1,0.0,0.0,3.0,1.0,152.0
462,Ayoub El Kaabi,FW,ma Morocco,33-021,1.gr Olympiacos,1993,1,1,69,0.8,0,0,0,0,0,0,0,0,0.0,0.0,0.0,0.0,0.0,Matches,b1bfd1d4,3.0,2.0,2.0,0.0,69.0
463,Ozan Kabak,DF,tr Türkiye,26-114,1.de Hoffenheim,2000,1,1,90,1.0,0,0,0,0,0,0,0,0,0.0,0.0,0.0,0.0,0.0,Matches,2d61d13a,0.0,0.0,2.0,0.0,90.0
464,Ferdi Kadioglu,DF,tr Türkiye,26-283,1.eng Brighton,1999,2,2,159,1.8,0,0,0,0,0,0,0,0,0.0,0.0,0.0,0.0,0.0,Matches,66c52a77,1.0,0.0,2.0,1.0,159.0
465,Kaku,MF,py Paraguay,31-187,1.ae Al Ain,1995,1,0,11,0.1,0,0,0,0,0,0,0,0,0.0,0.0,0.0,0.0,0.0,Matches,cb01ad74,0.0,0.0,0.0,0.0,11.0
466,Saša Kalajdžić,FW,at Austria,29-010,1.at LASK,1997,3,1,77,0.9,1,0,1,1,0,0,0,0,1.17,0.0,1.17,1.17,1.17,Matches,15f24fe7,4.0,1.0,0.0,0.0,77.0
467,Gédéon Kalulu,DF,cd Congo DR,28-322,1.cy Aris Limassol,1997,1,0,6,0.1,0,0,0,0,0,0,0,0,0.0,0.0,0.0,0.0,0.0,Matches,dd211559,0.0,0.0,0.0,0.0,6.0
468,Daichi Kamada,MF,jp Japan,29-346,1.eng Crystal Palace,1996,4,4,329,3.7,2,0,2,2,0,0,1,0,0.55,0.0,0.55,0.55,0.55,Matches,15b287da,3.0,2.0,3.0,1.0,329.0
469,Hossein Kanaanizadegan,DF,ir IR Iran,32-116,1.ir Persepolis,1994,2,2,135,1.5,0,0,0,0,0,0,1,0,0.0,0.0,0.0,0.0,0.0,Matches,24353c25,1.0,1.0,0.0,2.0,135.0
470,Harry Kane,FW,eng England,32-354,1.de Bayern Munich,1993,7,7,652,7.2,6,1,7,4,2,2,0,0,0.83,0.14,0.97,0.55,0.69,Matches,21a66f6a,23.0,12.0,3.0,1.0,652.0
471,Lee Kang-in,FW,kr Korea Republic,25-148,1.fr PSG,2001,3,3,270,3.0,0,1,1,0,0,0,1,0,0.0,0.33,0.33,0.0,0.33,Matches,8455ad90,4.0,1.0,0.0,0.0,270.0
472,Mohamed Kanno,MF,sa Saudi Arabia,31-298,1.sa Al-Hilal,1994,3,2,225,2.5,0,0,0,0,0,0,1,0,0.0,0.0,0.0,0.0,0.0,Matches,74ccf212,3.0,2.0,4.0,2.0,225.0
473,Steve Kapuadi,DF,cd Congo DR,28-078,1.pl Widzew Łódź,1998,2,2,180,2.0,0,0,0,0,0,0,0,0,0.0,0.0,0.0,0.0,0.0,Matches,3f3c941a,1.0,0.0,1.0,1.0,180.0
474,Bekhruz Karimov,DF,uz Uzbekistan,18-344,1.uz FC Surkhon,2007,2,2,179,2.0,0,0,0,0,0,0,0,0,0.0,0.0,0.0,0.0,0.0,Matches,74cdaeba,2.0,0.0,5.0,3.0,179.0
475,Jesper Karlström,MF,se Sweden,31-026,1.it Udinese,1995,2,2,138,1.5,0,0,0,0,0,0,0,0,0.0,0.0,0.0,0.0,0.0,Matches,e0a1f4eb,1.0,0.0,3.0,1.0,138.0
476,Gervane Kastaneer,FWMF,cw Curaçao,30-038,1.my Terengganu City,1996,3,0,30,0.3,0,0,0,0,0,0,2,0,0.0,0.0,0.0,0.0,0.0,Matches,0c142e14,1.0,0.0,0.0,0.0,30.0
477,Nikola Katić,DF,ba Bosnia–Herz,29-280,2.de Schalke 04,1996,4,4,317,3.5,0,0,0,0,0,0,1,0,0.0,0.0,0.0,0.0,0.0,Matches,35bd124a,2.0,0.0,6.0,5.0,317.0
478,Edo Kayembe,MF,cd Congo DR,28-044,2.eng Watford,1998,3,2,160,1.8,0,0,0,0,0,0,0,0,0.0,0.0,0.0,0.0,0.0,Matches,f99b71de,2.0,1.0,1.0,0.0,160.0
479,Joris Kayembe,DFFW,cd Congo DR,31-343,1.be Genk,1994,4,0,45,0.5,0,0,0,0,0,0,0,0,0.0,0.0,0.0,0.0,0.0,Matches,4657faba,1.0,0.0,4.0,4.0,45.0
480,Franck Kessié,MF,ci Côte d'Ivoire,29-210,1.sa Al-Ahli,1996,4,4,346,3.8,1,0,1,1,0,0,1,0,0.26,0.0,0.26,0.26,0.26,Matches,05e19d6a,4.0,2.0,4.0,0.0,346.0
481,Abdullah Al-Khaibari,MF,sa Saudi Arabia,29-335,1.sa Al-Nassr,1996,3,3,180,2.0,0,0,0,0,0,0,0,0,0.0,0.0,0.0,0.0,0.0,Matches,ab47ae1c,1.0,0.0,1.0,1.0,180.0
482,Shoja' Khalilzadeh,DF,ir IR Iran,37-064,1.ir Tractor,1989,3,3,270,3.0,0,0,0,0,0,0,1,0,0.0,0.0,0.0,0.0,0.0,Matches,0aed29f1,2.0,0.0,3.0,3.0,270.0
483,Dostonbek Khamdamov,MF,uz Uzbekistan,29-358,1.uz Pakhtakor Tashkent FK,1996,2,1,103,1.1,0,0,0,0,0,0,0,0,0.0,0.0,0.0,0.0,0.0,Matches,d2dd2ffb,2.0,0.0,4.0,2.0,103.0
484,Bilal El Khannouss,MFFW,ma Morocco,22-068,1.de Stuttgart,2004,6,6,461,5.1,0,0,0,0,0,0,1,0,0.0,0.0,0.0,0.0,0.0,Matches,f7042636,6.0,4.0,7.0,1.0,461.0
485,Rani Khedira,MF,tn Tunisia,32-171,1.de Union Berlin,1994,3,2,149,1.7,0,0,0,0,0,0,1,0,0.0,0.0,0.0,0.0,0.0,Matches,59e4b92e,1.0,0.0,1.0,2.0,149.0
486,Boualem Khoukhi,DF,qa Qatar,36-008,1.qa Al Sadd,1990,3,3,270,3.0,1,0,1,1,0,0,0,0,0.33,0.0,0.33,0.33,0.33,Matches,7be5ad52,3.0,1.0,3.0,3.0,270.0
487,Abdukodir Khusanov,DF,uz Uzbekistan,22-138,1.eng Manchester City,2004,3,3,270,3.0,0,0,0,0,0,0,2,0,0.0,0.0,0.0,0.0,0.0,Matches,d17ce930,0.0,0.0,3.0,5.0,270.0
488,Joshua Kimmich,DF,de Germany,31-159,1.de Bayern Munich,1995,4,4,351,3.9,0,2,2,0,0,0,0,0,0.0,0.51,0.51,0.0,0.51,Matches,49296448,5.0,1.0,4.0,4.0,351.0
489,Justin Kluivert,FWMF,nl Netherlands,27-073,1.eng Bournemouth,1999,2,0,27,0.3,0,0,0,0,0,0,0,0,0.0,0.0,0.0,0.0,0.0,Matches,4c3a6744,0.0,0.0,0.0,0.0,27.0
490,Gregor Kobel,GK,ch Switzerland,28-223,1.de Dortmund,1997,6,6,600,6.7,0,0,0,0,0,0,0,0,0.0,0.0,0.0,0.0,0.0,Matches,cd59b9df,0.0,0.0,0.0,0.0,600.0
491,Orkun Kökçü,MF,tr Türkiye,25-200,1.tr Beşiktaş,2000,3,2,153,1.7,0,1,1,0,0,0,0,0,0.0,0.59,0.59,0.0,0.59,Matches,9bf914b4,3.0,0.0,1.0,0.0,153.0
492,Sead Kolašinac,DF,ba Bosnia–Herz,33-027,1.it Atalanta,1993,4,4,337,3.7,0,1,1,0,0,0,0,0,0.0,0.27,0.27,0.0,0.27,Matches,3935e52e,0.0,0.0,6.0,2.0,337.0
493,Ghislain Konan,DF,ci Côte d'Ivoire,30-202,1.pt Gil Vicente FC,1995,3,3,269,3.0,0,0,0,0,0,0,0,0,0.0,0.0,0.0,0.0,0.0,Matches,6b2c894b,4.0,0.0,3.0,0.0,269.0
494,Ibrahima Konaté,DF,fr France,27-053,1.eng Liverpool,1999,1,0,15,0.2,0,0,0,0,0,0,0,0,0.0,0.0,0.0,0.0,0.0,Matches,5ed9b537,0.0,0.0,0.0,3.0,15.0
495,Ismaël Koné,MF,ca Canada,24-031,1.it Sassuolo,2002,2,2,146,1.6,0,0,0,0,0,0,0,0,0.0,0.0,0.0,0.0,0.0,Matches,e0220b70,2.0,0.0,2.0,3.0,146.0
496,Manu Koné,MF,fr France,25-061,1.it Roma,2001,5,4,385,4.3,0,0,0,0,0,0,1,0,0.0,0.0,0.0,0.0,0.0,Matches,86574238,6.0,2.0,5.0,3.0,385.0
497,Ezri Konsa,DF,eng England,28-267,1.eng Aston Villa,1997,7,6,557,6.2,0,0,0,0,0,0,0,0,0.0,0.0,0.0,0.0,0.0,Matches,0313a347,3.0,2.0,5.0,8.0,557.0
498,Teun Koopmeiners,DFMF,nl Netherlands,28-139,1.it Juventus,1998,4,0,122,1.4,0,0,0,0,0,0,0,0,0.0,0.0,0.0,0.0,0.0,Matches,a26fb8aa,2.0,0.0,1.0,1.0,122.0
499,Odilon Kossounou,DF,ci Côte d'Ivoire,25-194,1.it Atalanta,2001,4,3,272,3.0,0,0,0,0,0,0,0,0,0.0,0.0,0.0,0.0,0.0,Matches,1f3afdcb,0.0,0.0,3.0,3.0,272.0
500,Kalidou Koulibaly,DF,sn Senegal,35-027,1.sa Al-Hilal,1991,2,2,161,1.8,0,0,0,0,0,0,0,0,0.0,0.0,0.0,0.0,0.0,Matches,da974c7b,0.0,0.0,1.0,2.0,161.0
501,Jules Koundé,DF,fr France,27-247,1.es Barcelona,1998,7,7,598,6.6,0,0,0,0,0,0,0,0,0.0,0.0,0.0,0.0,0.0,Matches,4d1666ff,2.0,0.0,8.0,3.0,598.0
502,Mateo Kovačić,MF,hr Croatia,32-072,1.eng Manchester City,1994,4,3,270,3.0,0,1,1,0,0,0,0,0,0.0,0.33,0.33,0.0,0.33,Matches,79c0821a,5.0,4.0,3.0,2.0,270.0
503,Matej Kovar,GK,cz Czechia,26-061,1.nl PSV,2000,3,3,270,3.0,0,0,0,0,0,0,0,0,0.0,0.0,0.0,0.0,0.0,Matches,bc67a0e1,0.0,0.0,0.0,0.0,270.0
504,Andrej Kramarić,FWMF,hr Croatia,35-028,1.de Hoffenheim,1991,3,0,59,0.7,0,0,0,0,0,0,0,0,0.0,0.0,0.0,0.0,0.0,Matches,603cb947,1.0,0.0,1.0,0.0,59.0
505,Ladislav Krejčí,DF,cz Czechia,27-088,1.eng Wolves,1999,3,3,270,3.0,1,0,1,1,0,0,1,0,0.33,0.0,0.33,0.33,0.33,Matches,5b5c2228,5.0,1.0,3.0,1.0,270.0
506,Takefusa Kubo,MF,jp Japan,25-043,1.es Real Sociedad,2001,1,1,74,0.8,0,1,1,0,0,0,0,0,0.0,1.22,1.22,0.0,1.22,Matches,16aa3654,1.0,0.0,0.0,1.0,74.0
507,Brandley Kuwas,FWMF,cw Curaçao,33-301,1.nl Volendam,1992,1,0,1,0.0,0,0,0,0,0,0,0,0,0.0,0.0,0.0,0.0,0.0,Matches,42c94967,0.0,0.0,0.0,0.0,1.0
508,Prince Kwabena Adu,FW,gh Ghana,22-297,1.cz Viktoria Plzeň,2003,3,0,39,0.4,0,0,0,0,0,0,0,0,0.0,0.0,0.0,0.0,0.0,Matches,36bdd145,1.0,1.0,0.0,0.0,39.0
509,Maxence Lacroix,DF,fr France,26-102,1.eng Crystal Palace,2000,2,1,151,1.7,0,0,0,0,0,0,0,0,0.0,0.0,0.0,0.0,0.0,Matches,277c49ed,0.0,0.0,2.0,3.0,151.0
510,Gustaf Lagerbielke,DF,se Sweden,26-098,1.pt Braga,2000,4,4,360,4.0,0,0,0,0,0,0,0,0,0.0,0.0,0.0,0.0,0.0,Matches,9e39fa2d,3.0,1.0,5.0,5.0,360.0
511,Konrad Laimer,MFDF,at Austria,29-051,1.de Bayern Munich,1997,4,4,360,4.0,0,1,1,0,0,0,1,0,0.0,0.25,0.25,0.0,0.25,Matches,c1b7847c,1.0,0.0,6.0,2.0,360.0
512,Ali Lajami,DF,sa Saudi Arabia,30-084,1.sa Al-Hilal,1996,3,1,149,1.7,0,0,0,0,0,0,0,0,0.0,0.0,0.0,0.0,0.0,Matches,46f7ab4f,0.0,0.0,2.0,3.0,149.0
513,Senne Lammens,GK,be Belgium,24-010,1.eng Manchester Utd,2002,1,0,20,0.2,0,0,0,0,0,0,0,0,0.0,0.0,0.0,0.0,0.0,Matches,8e6d2fcd,0.0,0.0,0.0,0.0,20.0
514,Noa Lang,FWMF,nl Netherlands,27-030,1.tr Galatasaray,1999,2,0,8,0.1,0,0,0,0,0,0,0,0,0.0,0.0,0.0,0.0,0.0,Matches,8e034340,0.0,0.0,0.0,0.0,8.0
515,Sondre Langås,DF,no Norway,25-165,2.eng Derby County,2001,1,0,25,0.3,0,0,0,0,0,0,0,0,0.0,0.0,0.0,0.0,0.0,Matches,107e4890,0.0,0.0,0.0,0.0,25.0
516,Aymeric Laporte,DF,es Spain,32-051,1.es Athletic Club,1994,7,7,629,7.0,0,1,1,0,0,0,1,0,0.0,0.14,0.14,0.0,0.14,Matches,119b9a8e,5.0,2.0,3.0,14.0,629.0
517,Cyle Larin,FW,ca Canada,31-091,1.es Mallorca,1995,4,2,190,2.1,2,0,2,2,0,0,2,0,0.95,0.0,0.95,0.95,0.95,Matches,e7af9060,9.0,4.0,0.0,0.0,190.0
518,Richie Laryea,DF,ca Canada,31-191,1.us Toronto FC,1995,5,5,429,4.8,0,0,0,0,0,0,1,0,0.0,0.0,0.0,0.0,0.0,Matches,276fdbe4,2.0,1.0,9.0,2.0,429.0
519,Mohanad Lasheen,MF,eg Egypt,30-049,,1996,4,4,359,4.0,0,0,0,0,0,0,2,0,0.0,0.0,0.0,0.0,0.0,Matches,8c041c7d,2.0,0.0,11.0,8.0,359.0
520,Issa Laye,MFDF,qa Qatar,28-207,1.qa Al-Arabi,1997,3,3,270,3.0,0,0,0,0,0,0,0,0,0.0,0.0,0.0,0.0,0.0,Matches,c078667a,1.0,0.0,1.0,1.0,270.0
521,Rafael Leão,MF,pt Portugal,27-037,1.it Milan,1999,5,1,158,1.8,1,1,2,1,0,0,0,0,0.57,0.57,1.14,0.57,1.14,Matches,20730eae,4.0,1.0,0.0,2.0,158.0
522,Mathew Leckie,MF,au Australia,35-163,1.au Melb City,1991,1,1,60,0.7,0,0,0,0,0,0,0,0,0.0,0.0,0.0,0.0,0.0,Matches,b93b7882,1.0,0.0,0.0,0.0,60.0
523,Jefferson Lerma,MF,co Colombia,31-265,1.eng Crystal Palace,1994,5,5,410,4.6,0,0,0,0,0,0,1,0,0.0,0.0,0.0,0.0,0.0,Matches,9b5ce51a,5.0,1.0,1.0,5.0,410.0
524,Jamie Leweling,FWMF,de Germany,25-141,1.de Stuttgart,2001,1,0,31,0.3,0,0,0,0,0,0,0,0,0.0,0.0,0.0,0.0,0.0,Matches,13fe7b69,1.0,0.0,0.0,0.0,31.0
525,Philipp Lienhart,DF,at Austria,30-006,1.de Freiburg,1996,2,2,180,2.0,0,0,0,0,0,0,0,0,0.0,0.0,0.0,0.0,0.0,Matches,302527b2,1.0,0.0,1.0,1.0,180.0
526,Victor Lindelöf,DFMF,se Sweden,32-000,1.eng Aston Villa,1994,4,4,356,4.0,0,0,0,0,0,0,0,0,0.0,0.0,0.0,0.0,0.0,Matches,f5deef4c,2.0,0.0,1.0,4.0,356.0
527,Erik Lira,MF,mx Mexico,26-070,1.mx Cruz Azul,2000,4,4,345,3.8,0,1,1,0,0,0,0,0,0.0,0.26,0.26,0.0,0.26,Matches,7b2c24ed,0.0,0.0,3.0,2.0,345.0
528,Dominik Livaković,GK,hr Croatia,31-189,1.hr Dinamo Zagreb,1995,4,4,360,4.0,0,0,0,0,0,0,0,0,0.0,0.0,0.0,0.0,0.0,Matches,58f077c0,0.0,0.0,0.0,0.0,360.0
529,Dailon Livramento,FW,cv Cabo Verde,25-074,1.pt Casa Pia,2001,3,2,174,1.9,0,0,0,0,0,0,0,0,0.0,0.0,0.0,0.0,0.0,Matches,c115db1e,1.0,0.0,0.0,0.0,174.0
530,Marcos Llorente,DF,es Spain,31-168,1.es Atlético Madrid,1995,3,2,187,2.1,0,1,1,0,0,0,0,0,0.0,0.48,0.48,0.0,0.48,Matches,02c15616,0.0,0.0,6.0,1.0,187.0
531,Giovani Lo Celso,MF,ar Argentina,30-099,1.es Real Betis,1996,1,1,59,0.7,1,0,1,1,0,0,0,0,1.53,0.0,1.53,1.53,1.53,Matches,d7553721,1.0,1.0,0.0,1.0,59.0
532,Jürgen Locadia,FW,cw Curaçao,32-252,2.us Miami FC,1993,3,3,235,2.6,0,0,0,0,0,0,0,0,0.0,0.0,0.0,0.0,0.0,Matches,6cc47ae1,1.0,0.0,0.0,1.0,235.0
533,Azarías Londoño,MF,pa Panama,25-026,1.ec Univ Católica,2001,3,0,56,0.6,0,0,0,0,0,0,0,0,0.0,0.0,0.0,0.0,0.0,Matches,31d68775,1.0,0.0,0.0,1.0,56.0
534,Sidny Lopes Cabral,DF,cv Cabo Verde,23-302,1.pt Benfica,2002,3,3,285,3.2,1,0,1,1,0,0,2,0,0.32,0.0,0.32,0.32,0.32,Matches,20700569,4.0,2.0,2.0,4.0,285.0
535,Flaco López,FW,ar Argentina,25-223,1.br Palmeiras,2000,2,0,20,0.2,0,1,1,0,0,0,1,0,0.0,4.5,4.5,0.0,4.5,Matches,e1426a52,1.0,0.0,1.0,0.0,20.0
536,Derrick Luckassen,DF,gh Ghana,31-014,1.cy Pafos FC,1995,2,2,180,2.0,1,0,1,1,0,0,0,0,0.5,0.0,0.5,0.5,0.5,Matches,30a09cb5,1.0,1.0,1.0,0.0,180.0
537,Jhon Lucumí,DF,co Colombia,28-021,1.it Bologna,1998,5,5,478,5.3,0,0,0,0,0,0,1,0,0.0,0.0,0.0,0.0,0.0,Matches,80490d7f,2.0,0.0,2.0,5.0,478.0
538,José Luis Rodríguez,MFFW,pa Panama,28-028,1.mx FC Juárez,1998,3,3,233,2.6,0,0,0,0,0,0,0,0,0.0,0.0,0.0,0.0,0.0,Matches,b333b014,3.0,1.0,3.0,0.0,233.0
539,Romelu Lukaku,FW,be Belgium,33-065,1.it Napoli,1993,6,1,233,2.6,3,1,4,3,0,0,1,0,1.16,0.39,1.55,1.16,1.55,Matches,5eae500a,6.0,3.0,0.0,0.0,233.0
540,Dodi Lukebakio,MF,be Belgium,28-296,1.pt Benfica,1997,3,1,164,1.8,0,0,0,0,0,0,0,0,0.0,0.0,0.0,0.0,0.0,Matches,0c61c77c,7.0,1.0,1.0,0.0,164.0
541,Jovo Lukić,FW,ba Bosnia–Herz,27-231,1.ro Univ. Cluj,1998,2,1,67,0.7,1,0,1,1,0,0,1,0,1.34,0.0,1.34,1.34,1.34,Matches,a2056e82,3.0,2.0,1.0,0.0,67.0
542,Awer Mabil,FWMF,au Australia,30-305,2.es Castellón,1995,1,0,30,0.3,0,0,0,0,0,0,0,0,0.0,0.0,0.0,0.0,0.0,Matches,922da988,1.0,0.0,0.0,0.0,30.0
543,Alexis Mac Allister,MF,ar Argentina,27-205,1.eng Liverpool,1998,7,6,630,7.0,1,1,2,1,0,0,0,0,0.14,0.14,0.29,0.14,0.29,Matches,83d074ff,13.0,4.0,12.0,9.0,630.0
544,Deiver Machado,DF,co Colombia,32-318,1.fr Nantes,1993,1,1,90,1.0,0,0,0,0,0,0,0,0,0.0,0.0,0.0,0.0,0.0,Matches,b3f8bdef,0.0,0.0,0.0,2.0,90.0
545,Shuto Machino,FW,jp Japan,26-290,1.de Gladbach,1999,1,0,13,0.1,0,0,0,0,0,0,0,0,0.0,0.0,0.0,0.0,0.0,Matches,964dde35,0.0,0.0,0.0,0.0,13.0
546,Assim Madibo,MF,qa Qatar,29-268,1.qa Al-Wakrah,1996,2,2,131,1.5,0,0,0,0,0,0,0,1,0.0,0.0,0.0,0.0,0.0,Matches,2b1d2ada,0.0,0.0,1.0,4.0,131.0
547,Noni Madueke,MF,eng England,24-129,1.eng Arsenal,2002,5,4,286,3.2,0,0,0,0,0,0,0,0,0.0,0.0,0.0,0.0,0.0,Matches,bf34eebd,6.0,1.0,4.0,2.0,286.0
548,Daizen Maeda,MF,jp Japan,28-270,1.sct Celtic,1997,3,3,244,2.7,1,0,1,1,0,0,0,0,0.37,0.0,0.37,0.37,0.37,Matches,395451fc,2.0,1.0,3.0,2.0,244.0
549,Gabriel Magalhães,DF,br Brazil,28-210,1.eng Arsenal,1997,5,5,450,5.0,0,1,1,0,0,0,0,0,0.0,0.2,0.2,0.0,0.2,Matches,67ac5bb8,1.0,0.0,2.0,4.0,450.0
550,Ermin Mahmić,MF,ba Bosnia–Herz,21-125,1.cz Slovan Liberec,2005,3,0,68,0.8,2,0,2,2,0,0,1,0,2.65,0.0,2.65,2.65,2.65,Matches,86e34165,4.0,2.0,1.0,0.0,68.0
551,Hadj Mahmoud,MF,tn Tunisia,26-084,1.ch Lugano,2000,2,0,43,0.5,0,0,0,0,0,0,0,0,0.0,0.0,0.0,0.0,0.0,Matches,081048c2,0.0,0.0,2.0,0.0,43.0
552,Riyad Mahrez,MF,dz Algeria,35-146,1.sa Al-Ahli,1991,4,3,262,2.9,2,1,3,2,0,0,0,0,0.69,0.34,1.03,0.69,1.03,Matches,892d5bb1,6.0,3.0,2.0,1.0,262.0
553,Alexandro Maidana,DF,py Paraguay,20-356,1.ar Talleres–C,2005,2,1,55,0.6,0,0,0,0,0,0,0,0,0.0,0.0,0.0,0.0,0.0,Matches,4d0d5020,0.0,0.0,0.0,1.0,55.0
554,Mike Maignan,GK,fr France,31-014,1.it Milan,1995,7,7,630,7.0,0,0,0,0,0,0,0,0,0.0,0.0,0.0,0.0,0.0,Matches,fcb38f57,0.0,0.0,0.0,0.0,630.0
555,Evidence Makgopa,FW,za South Africa,26-042,1.za Orlando Pirates,2000,4,2,215,2.4,0,0,0,0,0,0,0,0,0.0,0.0,0.0,0.0,0.0,Matches,4d76d03b,4.0,3.0,1.0,1.0,215.0
556,Ahmed Maknzi,DF,iq Iraq,24-296,1.iq Al-Karma,2001,1,0,33,0.4,0,0,0,0,0,0,0,0,0.0,0.0,0.0,0.0,0.0,Matches,f95ac2b6,0.0,0.0,2.0,0.0,33.0
557,Donyell Malen,FW,nl Netherlands,27-189,1.it Roma,1999,3,3,185,2.1,0,0,0,0,0,0,0,0,0.0,0.0,0.0,0.0,0.0,Matches,116c35df,4.0,2.0,0.0,0.0,185.0
558,Arjan Malic,DF,ba Bosnia–Herz,20-323,1.at Sturm Graz,2005,1,1,45,0.5,0,0,0,0,0,0,0,0,0.0,0.0,0.0,0.0,0.0,Matches,de57cd45,0.0,0.0,0.0,0.0,45.0
559,Mohamed Manai,DF,qa Qatar,23-265,1.qa Al-Shamal Sports Club,2002,3,0,69,0.8,0,0,0,0,0,0,0,0,0.0,0.0,0.0,0.0,0.0,Matches,1e20b706,0.0,0.0,0.0,2.0,69.0
560,Aïssa Mandi,DF,dz Algeria,34-268,1.fr Lille,1991,4,4,360,4.0,0,0,0,0,0,0,0,0,0.0,0.0,0.0,0.0,0.0,Matches,fbd6378b,0.0,0.0,3.0,4.0,360.0
561,Sadio Mané,MFFW,sn Senegal,34-098,1.sa Al-Nassr,1992,4,4,362,4.0,0,1,1,0,0,0,0,0,0.0,0.25,0.25,0.0,0.25,Matches,c691bfe2,6.0,3.0,2.0,3.0,362.0
562,Juan Manuel Sanabria,DF,uy Uruguay,26-110,1.mx Atlético San Luis,2000,3,2,204,2.3,0,0,0,0,0,0,1,0,0.0,0.0,0.0,0.0,0.0,Matches,f1d74479,3.0,0.0,4.0,1.0,204.0
563,Johan Manzambi,MFFW,ch Switzerland,20-276,1.de Freiburg,2005,4,2,199,2.2,3,2,5,3,0,0,0,0,1.36,0.9,2.26,1.36,2.26,Matches,8fcf0e12,6.0,3.0,0.0,0.0,199.0
564,Mahmoud Al-Mardi,MF,jo Jordan,32-284,1.jo Al-Hussein SC,1993,3,1,130,1.4,0,0,0,0,0,0,0,0,0.0,0.0,0.0,0.0,0.0,Matches,1eedc1ea,1.0,1.0,1.0,0.0,130.0
565,Jearl Margaritha,FWMF,cw Curaçao,26-098,2.be Beveren,2000,2,0,41,0.5,0,0,0,0,0,0,0,0,0.0,0.0,0.0,0.0,0.0,Matches,be915a68,1.0,0.0,0.0,0.0,41.0
566,Omar Marmoush,FWMF,eg Egypt,27-160,1.eng Manchester City,1999,5,3,326,3.6,0,0,0,0,0,0,0,0,0.0,0.0,0.0,0.0,0.0,Matches,0e0102eb,11.0,1.0,3.0,2.0,326.0
567,Marquinhos,DF,br Brazil,32-064,1.fr PSG,1994,5,5,450,5.0,0,0,0,0,0,0,0,0,0.0,0.0,0.0,0.0,0.0,Matches,d5f2f82b,2.0,0.0,2.0,3.0,450.0
568,Gabriel Martinelli,MF,br Brazil,25-029,1.eng Arsenal,2001,4,1,143,1.6,1,0,1,1,0,0,0,0,0.63,0.0,0.63,0.63,0.63,Matches,48a5a5d6,2.0,1.0,0.0,2.0,143.0
569,Guillermo Martínez Ayala,FW,mx Mexico,31-124,1.mx UNAM,1995,2,1,72,0.8,0,0,0,0,0,0,0,0,0.0,0.0,0.0,0.0,0.0,Matches,59146354,0.0,0.0,0.0,0.0,72.0
570,Cristian Martínez,MFFW,pa Panama,29-161,1.il Kiryat Shmona,1997,3,3,242,2.7,0,0,0,0,0,0,0,0,0.0,0.0,0.0,0.0,0.0,Matches,fdb15495,1.0,0.0,4.0,1.0,242.0
571,Emiliano Martínez,GK,ar Argentina,33-318,1.eng Aston Villa,1992,7,7,690,7.7,0,0,0,0,0,0,0,0,0.0,0.0,0.0,0.0,0.0,Matches,7956236f,0.0,0.0,0.0,0.0,690.0
571,Emiliano Martínez,GK,ar Argentina,33-318,1.eng Aston Villa,1992,7,7,690,7.7,0,0,0,0,0,0,0,0,0.0,0.0,0.0,0.0,0.0,Matches,7956236f,0.0,0.0,0.0,0.0,
572,Lautaro Martínez,FW,ar Argentina,28-329,1.it Inter,1997,7,4,310,3.4,3,1,4,2,1,1,1,0,0.87,0.29,1.16,0.58,0.87,Matches,f7036e1c,10.0,4.0,1.0,1.0,310.0
573,Lisandro Martínez,DF,ar Argentina,28-180,1.eng Manchester Utd,1998,6,6,581,6.5,1,1,2,1,0,0,1,0,0.15,0.15,0.31,0.15,0.31,Matches,bac46a10,4.0,2.0,7.0,6.0,581.0
574,Thapelo Maseko,MFFW,za South Africa,22-248,1.cy AEL Limassol,2003,3,3,242,2.7,1,0,1,1,0,0,0,0,0.37,0.0,0.37,0.37,0.37,Matches,498d45f7,8.0,1.0,1.0,2.0,242.0
575,Hazem Mastouri,FW,tn Tunisia,29-029,1.ru D. Makhachkala,1997,1,1,89,1.0,1,0,1,1,0,0,0,0,1.01,0.0,1.01,1.01,1.01,Matches,c88f913e,3.0,2.0,0.0,1.0,89.0
576,Arthur Masuaku,DF,cd Congo DR,32-252,1.fr Lens,1993,4,4,315,3.5,0,1,1,0,0,0,0,0,0.0,0.29,0.29,0.0,0.29,Matches,57df7a11,0.0,0.0,5.0,0.0,315.0
577,Igor Matanović,FW,hr Croatia,23-108,1.de Freiburg,2003,3,0,95,1.1,0,0,0,0,0,0,0,0,0.0,0.0,0.0,0.0,0.0,Matches,948e1292,4.0,2.0,0.0,0.0,95.0
578,Pape Matar Sarr,MF,sn Senegal,23-306,1.eng Tottenham,2002,2,0,67,0.7,0,0,0,0,0,0,0,0,0.0,0.0,0.0,0.0,0.0,Matches,feb5d972,4.0,0.0,0.0,1.0,67.0
579,Jean-Philippe Mateta,FW,fr France,29-019,1.eng Crystal Palace,1997,3,0,24,0.3,0,0,0,0,0,0,0,0,0.0,0.0,0.0,0.0,0.0,Matches,50e6dc35,3.0,1.0,0.0,0.0,24.0
580,Mauricio,MF,py Paraguay,25-056,1.br Palmeiras,2001,4,0,173,1.9,1,0,1,1,0,0,0,0,0.52,0.0,0.52,0.52,0.52,Matches,bf4cbc22,4.0,3.0,6.0,1.0,173.0
581,Fiston Mayele,FW,cd Congo DR,32-023,1.eg Pyramids FC,1994,2,0,42,0.5,1,0,1,1,0,0,0,0,2.14,0.0,2.14,2.14,2.14,Matches,0d113a00,5.0,1.0,0.0,0.0,42.0
582,Ibrahim Maza,MFFW,dz Algeria,20-235,1.de Leverkusen,2005,4,4,351,3.9,0,0,0,0,0,0,0,0,0.0,0.0,0.0,0.0,0.0,Matches,89b3bc5e,11.0,3.0,2.0,0.0,351.0
583,Noussair Mazraoui,DF,ma Morocco,28-245,1.eng Manchester Utd,1997,6,5,477,5.3,0,0,0,0,0,0,0,0,0.0,0.0,0.0,0.0,0.0,Matches,b74277a0,0.0,0.0,8.0,2.0,477.0
584,Kylian Mbappé,FW,fr France,27-209,1.es Real Madrid,1998,7,7,605,6.7,8,3,11,7,1,2,1,0,1.19,0.45,1.64,1.04,1.49,Matches,42fd9c7f,41.0,23.0,1.0,0.0,605.0
585,Thalente Mbatha,MF,za South Africa,26-123,1.za Orlando Pirates,2000,4,2,260,2.9,0,0,0,0,0,0,1,0,0.0,0.0,0.0,0.0,0.0,Matches,f6272be9,4.0,1.0,2.0,5.0,260.0
586,Ibrahim Mbaye,MF,sn Senegal,18-174,1.fr PSG,2008,4,1,157,1.7,1,0,1,1,0,0,0,0,0.57,0.0,0.57,0.57,0.57,Matches,201b4ee4,4.0,1.0,0.0,1.0,157.0
587,Chancel Mbemba,DF,cd Congo DR,31-343,1.fr Lille,1994,4,4,360,4.0,0,1,1,0,0,0,1,0,0.0,0.25,0.25,0.0,0.25,Matches,e76cb9cc,1.0,0.0,3.0,1.0,360.0
588,Mbekezeli Mbokazi,DF,za South Africa,20-301,1.us Chicago Fire,2005,4,4,360,4.0,0,0,0,0,0,0,0,0,0.0,0.0,0.0,0.0,0.0,Matches,13398d42,4.0,1.0,5.0,4.0,360.0
589,Nathanaël Mbuku,MFFW,cd Congo DR,24-123,2.fr Montpellier,2002,3,2,143,1.6,0,0,0,0,0,0,1,0,0.0,0.0,0.0,0.0,0.0,Matches,46750e9c,3.0,2.0,3.0,0.0,143.0
590,Callum McCowatt,MF,nz New Zealand,27-078,1.dk Silkeborg,1999,3,2,159,1.8,0,0,0,0,0,0,1,0,0.0,0.0,0.0,0.0,0.0,Matches,3fc42049,4.0,3.0,1.0,1.0,159.0
591,John McGinn,MF,sct Scotland,31-272,1.eng Aston Villa,1994,3,3,259,2.9,1,0,1,1,0,0,0,0,0.35,0.0,0.35,0.35,0.35,Matches,90f91999,3.0,1.0,0.0,0.0,259.0
592,Scott McKenna,DF,sct Scotland,29-247,1.hr Dinamo Zagreb,1996,1,1,90,1.0,0,0,0,0,0,0,0,0,0.0,0.0,0.0,0.0,0.0,Matches,4e5a4cbc,0.0,0.0,0.0,0.0,90.0
593,Weston McKennie,MF,us United States,27-323,1.it Juventus,1998,5,5,443,4.9,0,0,0,0,0,0,1,0,0.0,0.0,0.0,0.0,0.0,Matches,01c3aff5,5.0,1.0,7.0,7.0,443.0
594,Mark McKenzie,DF,us United States,27-142,1.fr Toulouse,1999,1,1,90,1.0,0,0,0,0,0,0,0,0,0.0,0.0,0.0,0.0,0.0,Matches,a5f5d094,0.0,0.0,1.0,1.0,90.0
595,Kenny McLean,MF,sct Scotland,34-190,2.eng Norwich City,1992,3,1,118,1.3,0,0,0,0,0,0,1,0,0.0,0.0,0.0,0.0,0.0,Matches,471f16b3,1.0,0.0,1.0,2.0,118.0
596,Scott McTominay,MF,sct Scotland,29-221,1.it Napoli,1996,3,3,270,3.0,0,0,0,0,0,0,0,0,0.0,0.0,0.0,0.0,0.0,Matches,d93c2511,8.0,3.0,2.0,0.0,270.0
597,Brandon Mechele,DF,be Belgium,33-170,1.be Club Brugge,1993,6,6,570,6.3,0,0,0,0,0,0,1,0,0.0,0.0,0.0,0.0,0.0,Matches,0a6dbbf7,5.0,1.0,4.0,4.0,570.0
598,Facundo Medina,DF,ar Argentina,27-050,1.fr Marseille,1999,4,3,257,2.9,0,1,1,0,0,0,1,0,0.0,0.35,0.35,0.0,0.35,Matches,6f5ec8bb,0.0,0.0,7.0,2.0,257.0
599,Yaimar Medina,DFMF,ec Ecuador,21-254,1.be Genk,2004,1,0,45,0.5,0,0,0,0,0,0,0,0,0.0,0.0,0.0,0.0,0.0,Matches,1fe8ecf7,1.0,0.0,0.0,1.0,45.0
600,Hannibal Mejbri,MF,tn Tunisia,23-177,1.eng Burnley,2003,3,3,270,3.0,0,2,2,0,0,0,0,0,0.0,0.67,0.67,0.0,0.67,Matches,ca22ccb0,3.0,1.0,4.0,1.0,270.0
601,Amar Memić,MF,ba Bosnia–Herz,25-178,1.cz Viktoria Plzeň,2001,4,2,224,2.5,0,0,0,0,0,0,0,0,0.0,0.0,0.0,0.0,0.0,Matches,918c187c,3.0,1.0,2.0,2.0,224.0
602,Memphis,FWMF,nl Netherlands,32-154,1.br Corinthians,1994,3,0,54,0.6,0,1,1,0,0,0,1,0,0.0,1.67,1.67,0.0,1.67,Matches,8f696594,0.0,0.0,0.0,0.0,54.0
603,Sultan Mendash,MF,sa Saudi Arabia,31-273,1.sa Al-Hilal,1994,1,1,65,0.7,0,0,0,0,0,0,0,0,0.0,0.0,0.0,0.0,0.0,Matches,8738a7a1,0.0,0.0,3.0,0.0,65.0
604,Lucas Mendes,DF,qa Qatar,36-014,1.qa Al-Wakrah,1990,1,0,4,0.0,0,0,0,0,0,0,0,0,0.0,0.0,0.0,0.0,0.0,Matches,5169f27f,0.0,0.0,0.0,0.0,4.0
605,Nuno Mendes,DF,pt Portugal,24-028,1.fr PSG,2002,5,5,395,4.4,1,0,1,1,0,0,0,0,0.23,0.0,0.23,0.23,0.23,Matches,f20e4cc9,3.0,1.0,6.0,0.0,395.0
606,Ryan Mendes,FWMF,cv Cabo Verde,36-190,2.tr 76 Iğdır Belediyespor,1990,4,4,330,3.7,0,1,1,0,0,0,0,0,0.0,0.27,0.27,0.0,0.27,Matches,ba6e01ab,6.0,0.0,2.0,5.0,330.0
607,Édouard Mendy,GK,sn Senegal,34-138,1.sa Al-Ahli,1992,2,2,152,1.7,0,0,0,0,0,0,0,0,0.0,0.0,0.0,0.0,0.0,Matches,33887998,0.0,0.0,0.0,0.0,152.0
608,Gideon Mensah,DF,gh Ghana,27-364,1.fr Auxerre,1998,4,4,360,4.0,0,0,0,0,0,0,0,0,0.0,0.0,0.0,0.0,0.0,Matches,9bdd8118,0.0,0.0,5.0,8.0,360.0
609,Mikel Merino,MF,es Spain,30-025,1.eng Arsenal,1996,7,1,153,1.7,2,0,2,2,0,0,0,0,1.18,0.0,1.18,1.18,1.18,Matches,d080ed5e,5.0,3.0,2.0,3.0,153.0
610,Lionel Messi,FW,ar Argentina,39-023,1.us Inter Miami,1987,7,6,620,6.9,8,4,12,8,0,2,0,0,1.16,0.58,1.74,1.16,1.74,Matches,d70ce98e,35.0,18.0,10.0,0.0,620.0
611,Connor Metcalfe,MF,au Australia,26-254,1.de St Pauli,1999,4,3,315,3.5,1,0,1,1,0,0,0,0,0.29,0.0,0.29,0.29,0.29,Matches,73ce4d7d,5.0,2.0,5.0,2.0,315.0
612,Thomas Meunier,DF,be Belgium,34-308,1.fr Lille,1991,3,2,190,2.1,0,1,1,0,0,0,0,0,0.0,0.47,0.47,0.0,0.47,Matches,e162b013,2.0,1.0,2.0,2.0,190.0
613,Liam Millar,MF,ca Canada,26-293,2.eng Hull City,1999,3,2,162,1.8,0,0,0,0,0,0,1,0,0.0,0.0,0.0,0.0,0.0,Matches,983515f8,1.0,0.0,4.0,0.0,162.0
614,Kim Min-jae,DF,kr Korea Republic,29-244,1.de Bayern Munich,1996,3,3,245,2.7,0,0,0,0,0,0,0,0,0.0,0.0,0.0,0.0,0.0,Matches,e0f8151c,1.0,1.0,2.0,2.0,245.0
615,Yerry Mina,DF,co Colombia,31-297,1.it Cagliari,1994,1,0,2,0.0,0,0,0,0,0,0,0,0,0.0,0.0,0.0,0.0,0.0,Matches,6d5701f2,0.0,0.0,0.0,0.0,2.0
616,Alan Minda,MF,ec Ecuador,23-064,1.br Atlético Mineiro,2003,1,1,55,0.6,0,0,0,0,0,0,0,0,0.0,0.0,0.0,0.0,0.0,Matches,9cfd5b00,2.0,0.0,0.0,1.0,55.0
617,Aubrey Modiba,DF,za South Africa,30-360,1.za Sundowns,1995,4,4,346,3.8,0,0,0,0,0,0,1,0,0.0,0.0,0.0,0.0,0.0,Matches,bb1f97f2,5.0,1.0,5.0,4.0,346.0
618,Luka Modrić,MF,hr Croatia,40-311,1.it Milan,1985,4,4,317,3.5,0,1,1,0,0,0,1,0,0.0,0.28,0.28,0.0,0.28,Matches,6025fab1,1.0,0.0,3.0,0.0,317.0
619,Relebohile Mofokeng,MF,za South Africa,21-267,1.za Orlando Pirates,2004,3,2,169,1.9,0,0,0,0,0,0,0,0,0.0,0.0,0.0,0.0,0.0,Matches,25c3fb97,3.0,1.0,2.0,0.0,169.0
620,Shahriar Moghanlou,FW,ir IR Iran,31-208,1.ae Al-Ittihad Kalba,1994,3,1,88,1.0,0,0,0,0,0,0,0,0,0.0,0.0,0.0,0.0,0.0,Matches,92f69be8,3.0,0.0,2.0,0.0,88.0
621,Milad Mohammadi,DF,ir IR Iran,32-291,1.ir Persepolis,1993,3,2,205,2.3,0,0,0,0,0,0,0,0,0.0,0.0,0.0,0.0,0.0,Matches,740a0e28,1.0,1.0,4.0,2.0,205.0
622,Mohammad Mohebi,MF,ir IR Iran,27-209,1.ru Rostov,1998,3,3,244,2.7,1,0,1,1,0,0,0,0,0.37,0.0,0.37,0.37,0.37,Matches,7b6b53c3,2.0,1.0,1.0,1.0,244.0
623,Johan Mojica,DF,co Colombia,33-330,1.es Mallorca,1992,4,4,390,4.3,0,0,0,0,0,0,1,0,0.0,0.0,0.0,0.0,0.0,Matches,608f2092,3.0,2.0,3.0,3.0,390.0
624,Teboho Mokoena,MF,za South Africa,29-174,1.za Sundowns,1997,3,3,270,3.0,1,0,1,0,1,1,2,0,0.33,0.0,0.33,0.0,0.0,Matches,00029b1e,4.0,2.0,3.0,5.0,270.0
625,Nahuel Molina,DF,ar Argentina,28-102,1.es Atlético Madrid,1998,6,5,465,5.2,0,0,0,0,0,0,0,0,0.0,0.0,0.0,0.0,0.0,Matches,23610943,1.0,0.0,3.0,8.0,465.0
626,Jamiro Monteiro,MF,cv Cabo Verde,32-236,1.nl Zwolle,1993,4,3,281,3.1,0,0,0,0,0,0,0,0,0.0,0.0,0.0,0.0,0.0,Matches,d384bddd,5.0,1.0,4.0,4.0,281.0
627,César Montes,DF,mx Mexico,29-143,1.ru Loko Moscow,1997,4,4,314,3.5,0,0,0,0,0,0,0,1,0.0,0.0,0.0,0.0,0.0,Matches,28e957d7,1.0,1.0,1.0,2.0,314.0
628,Gonzalo Montiel,DF,ar Argentina,29-197,1.ar River Plate,1997,5,1,135,1.5,0,1,1,0,0,0,1,0,0.0,0.67,0.67,0.0,0.67,Matches,374d5158,1.0,0.0,3.0,3.0,135.0
629,Kim Moon-hwan,MF,kr Korea Republic,30-350,1.kr Daejeon Hana,1995,1,1,70,0.8,0,0,0,0,0,0,0,0,0.0,0.0,0.0,0.0,0.0,Matches,6bce7dd8,0.0,0.0,1.0,1.0,70.0
630,Gilberto Mora,MF,mx Mexico,17-276,1.mx Tijuana,2008,4,3,213,2.4,0,0,0,0,0,0,0,0,0.0,0.0,0.0,0.0,0.0,Matches,69c9ffe8,5.0,0.0,2.0,2.0,213.0
631,Diego Moreira,MF,be Belgium,21-345,1.fr Strasbourg,2004,1,0,58,0.6,0,0,0,0,0,0,0,0,0.0,0.0,0.0,0.0,0.0,Matches,12de1b0d,0.0,0.0,1.0,1.0,58.0
632,Steven Moreira,DF,cv Cabo Verde,31-338,1.us Columbus Crew,1994,4,3,301,3.3,0,0,0,0,0,0,0,0,0.0,0.0,0.0,0.0,0.0,Matches,f10983ae,2.0,0.0,3.0,2.0,301.0
633,Tshepang Moremi,MF,za South Africa,25-288,1.za Orlando Pirates,2000,2,0,34,0.4,0,1,1,0,0,0,0,0,0.0,2.65,2.65,0.0,2.65,Matches,546d38f9,0.0,0.0,1.0,0.0,34.0
634,Orlando Mosquera,GK,pa Panama,31-204,1.sa Al-Fayha,1994,3,3,270,3.0,0,0,0,0,0,0,0,0,0.0,0.0,0.0,0.0,0.0,Matches,ea34d827,0.0,0.0,0.0,0.0,270.0
635,Samir El Mourabet,MF,ma Morocco,20-284,1.fr Strasbourg,2005,5,0,81,0.9,0,0,0,0,0,0,0,0,0.0,0.0,0.0,0.0,0.0,Matches,1a03d055,0.0,0.0,1.0,1.0,81.0
636,Samuel Moutoussamy,MF,cd Congo DR,29-339,1.gr Atromitos,1996,4,4,330,3.7,0,0,0,0,0,0,1,0,0.0,0.0,0.0,0.0,0.0,Matches,af0c835b,3.0,0.0,8.0,1.0,330.0
637,Akmal Mozgovoy,MF,uz Uzbekistan,27-106,1.uz Pakhtakor Tashkent FK,1999,3,2,216,2.4,0,1,1,0,0,0,0,0,0.0,0.42,0.42,0.0,0.42,Matches,114cb95b,1.0,0.0,0.0,2.0,216.0
638,Lionel Mpasi,GK,cd Congo DR,31-350,1.fr Le Havre,1994,4,4,360,4.0,0,0,0,0,0,0,0,0,0.0,0.0,0.0,0.0,0.0,Matches,5c6b0637,0.0,0.0,0.0,0.0,360.0
639,Khuliso Mudau,DF,za South Africa,31-082,1.za Sundowns,1995,4,4,360,4.0,0,0,0,0,0,0,0,0,0.0,0.0,0.0,0.0,0.0,Matches,75388f92,0.0,0.0,8.0,11.0,360.0
640,Tarik Muharemovic,DF,ba Bosnia–Herz,23-139,1.it Sassuolo,2003,3,3,259,2.9,0,0,0,0,0,0,0,1,0.0,0.0,0.0,0.0,0.0,Matches,426dda23,1.0,0.0,1.0,8.0,259.0
641,Miro Muheim,DFMF,ch Switzerland,28-115,1.de Hamburger SV,1998,3,0,87,1.0,0,0,0,0,0,0,1,0,0.0,0.0,0.0,0.0,0.0,Matches,844c6a91,0.0,0.0,1.0,2.0,87.0
642,Ngal'Ayel Mukau,MF,cd Congo DR,21-256,1.fr Lille,2004,4,3,195,2.2,0,0,0,0,0,0,0,0,0.0,0.0,0.0,0.0,0.0,Matches,bb461b8a,1.0,0.0,2.0,3.0,195.0
643,Mert Müldür,DF,tr Türkiye,27-105,1.tr Fenerbahçe,1999,3,1,101,1.1,0,0,0,0,0,0,0,0,0.0,0.0,0.0,0.0,0.0,Matches,1295552e,3.0,0.0,2.0,1.0,101.0
644,Daniel Muñoz,DF,co Colombia,30-052,1.eng Crystal Palace,1996,5,4,394,4.4,2,0,2,2,0,0,0,0,0.46,0.0,0.46,0.46,0.46,Matches,778ef829,3.0,2.0,3.0,7.0,394.0
645,Petar Musa,FW,hr Croatia,28-135,1.us FC Dallas,1998,2,2,110,1.2,1,0,1,1,0,0,0,0,0.82,0.0,0.82,0.82,0.82,Matches,4567a0b4,1.0,1.0,0.0,0.0,110.0
646,Jamal Musiala,MF,de Germany,23-141,1.de Bayern Munich,2003,4,3,270,3.0,1,0,1,1,0,0,1,0,0.33,0.0,0.33,0.33,0.33,Matches,2c0558b8,6.0,1.0,5.0,1.0,270.0
647,Fernando Muslera,GK,uy Uruguay,40-031,1.tr Galatasaray,1986,3,3,225,2.5,0,0,0,0,0,0,0,0,0.0,0.0,0.0,0.0,0.0,Matches,a2abe631,0.0,0.0,0.0,0.0,225.0
648,Phillipp Mwene,DF,at Austria,32-169,1.de Mainz 05,1994,2,2,147,1.6,0,0,0,0,0,0,0,0,0.0,0.0,0.0,0.0,0.0,Matches,2ff76adc,1.0,0.0,0.0,3.0,147.0
649,David Møller Wolfe,DF,no Norway,24-085,1.eng Wolves,2002,5,5,430,4.8,0,1,1,0,0,0,0,0,0.0,0.21,0.21,0.0,0.21,Matches,9affc5f2,0.0,0.0,3.0,3.0,430.0
650,Yūto Nagatomo,DFMF,jp Japan,39-308,1.jp FC Tokyo,1986,1,0,16,0.2,0,0,0,0,0,0,0,0,0.0,0.0,0.0,0.0,0.0,Matches,4b6960d2,0.0,0.0,0.0,1.0,16.0
651,Keito Nakamura,MF,jp Japan,25-354,2.fr Reims,2000,4,4,307,3.4,1,1,2,1,0,0,0,0,0.29,0.29,0.59,0.29,0.59,Matches,d97af612,5.0,2.0,3.0,1.0,307.0
652,Abdallah Nasib,DF,jo Jordan,32-142,1.iq Al-Zawra'a SC,1994,3,3,260,2.9,0,0,0,0,0,0,0,0,0.0,0.0,0.0,0.0,0.0,Matches,aaab3072,0.0,0.0,3.0,7.0,260.0
653,Sherzod Nasrullaev,DFMF,uz Uzbekistan,27-359,1.uz FC Nasaf,1998,3,3,180,2.0,0,0,0,0,0,0,1,0,0.0,0.0,0.0,0.0,0.0,Matches,aeb0c7f7,1.0,1.0,2.0,2.0,180.0
654,Duckens Nazon,FWMF,ht Haiti,32-101,1.ir Esteghlal,1994,1,0,24,0.3,0,0,0,0,0,0,1,0,0.0,0.0,0.0,0.0,0.0,Matches,20e87a42,1.0,1.0,0.0,0.0,24.0
655,Iliman Ndiaye,FW,sn Senegal,26-133,1.eng Everton,2000,3,1,114,1.3,1,2,3,1,0,0,0,0,0.79,1.58,2.37,0.79,2.37,Matches,5ed97752,3.0,2.0,0.0,2.0,114.0
656,Dan Ndoye,MFFW,ch Switzerland,25-265,1.eng Nottingham,2000,6,5,406,4.5,2,0,2,2,0,0,0,0,0.44,0.0,0.44,0.44,0.44,Matches,8e697a8f,16.0,8.0,5.0,4.0,406.0
657,Jayden Nelson,FWMF,ca Canada,23-294,1.us Austin FC,2002,1,0,4,0.0,0,0,0,0,0,0,0,0,0.0,0.0,0.0,0.0,0.0,Matches,92305a81,1.0,0.0,0.0,0.0,4.0
658,Ali Nemati,DF,ir IR Iran,30-159,1.ir Foolad,1996,3,3,270,3.0,0,0,0,0,0,0,1,0,0.0,0.0,0.0,0.0,0.0,Matches,19a221f7,1.0,0.0,2.0,0.0,270.0
659,Abduvohid Nematov,GK,uz Uzbekistan,25-119,1.uz FC Nasaf,2001,2,2,180,2.0,0,0,0,0,0,0,0,0,0.0,0.0,0.0,0.0,0.0,Matches,25e45f2a,0.0,0.0,0.0,0.0,180.0
660,Pedro Neto,MF,pt Portugal,26-130,1.eng Chelsea,2000,5,5,350,3.9,0,1,1,0,0,0,0,0,0.0,0.26,0.26,0.0,0.26,Matches,7ba2eaa9,1.0,0.0,2.0,0.0,350.0
661,Manuel Neuer,GK,de Germany,40-112,1.de Bayern Munich,1986,4,4,390,4.3,0,0,0,0,0,0,0,0,0.0,0.0,0.0,0.0,0.0,Matches,8778c910,0.0,0.0,0.0,0.0,390.0
662,João Neves,MF,pt Portugal,21-293,1.fr PSG,2004,5,4,390,4.3,1,0,1,1,0,0,0,0,0.23,0.0,0.23,0.23,0.23,Matches,c2a15a27,3.0,1.0,7.0,4.0,390.0
663,Rúben Neves,MF,pt Portugal,29-126,1.sa Al-Hilal,1997,2,1,55,0.6,0,0,0,0,0,0,0,0,0.0,0.0,0.0,0.0,0.0,Matches,44bfb6c5,2.0,0.0,0.0,0.0,55.0
664,Neymar,FWMF,br Brazil,34-162,1.br Santos,1992,2,0,39,0.4,1,0,1,0,1,1,1,0,2.31,0.0,2.31,0.0,0.0,Matches,69384e5d,3.0,2.0,0.0,0.0,39.0
665,Nathan Ngoy,DF,be Belgium,23-037,1.fr Lille,2003,4,4,335,3.7,0,0,0,0,0,0,0,1,0.0,0.0,0.0,0.0,0.0,Matches,eb7abf2e,1.0,0.0,4.0,7.0,335.0
666,Moussa Niakhaté,DF,sn Senegal,30-131,1.fr Lyon,1996,4,4,390,4.3,0,1,1,0,0,0,0,0,0.0,0.23,0.23,0.0,0.23,Matches,00242715,1.0,0.0,1.0,4.0,390.0
667,Gustaf Nilsson,FW,se Sweden,29-055,1.be Club Brugge,1997,1,0,2,0.0,0,0,0,0,0,0,0,0,0.0,0.0,0.0,0.0,0.0,Matches,a7d48b00,1.0,0.0,0.0,0.0,2.0
668,Felix Nmecha,MF,de Germany,25-280,1.de Dortmund,2000,4,4,270,3.0,1,1,2,1,0,0,0,0,0.33,0.33,0.67,0.33,0.67,Matches,091c86e2,8.0,3.0,9.0,2.0,270.0
669,Kristoffer Nordfeldt,GK,se Sweden,37-024,1.se AIK Stockholm,1989,2,2,180,2.0,0,0,0,0,0,0,0,0,0.0,0.0,0.0,0.0,0.0,Matches,78549904,0.0,0.0,0.0,0.0,180.0
670,Tyrese Noslin,MF,cw Curaçao,23-309,1.nl Telstar,2002,1,0,14,0.2,0,0,0,0,0,0,0,0,0.0,0.0,0.0,0.0,0.0,Matches,c3709bd2,0.0,0.0,0.0,0.0,14.0
671,Ernest Nuamah,MF,gh Ghana,22-258,1.fr Lyon,2003,3,1,89,1.0,0,1,1,0,0,0,0,0,0.0,1.01,1.01,0.0,1.01,Matches,234a703c,0.0,0.0,1.0,0.0,89.0
672,Matheus Nunes,DFMF,pt Portugal,27-324,1.eng Manchester City,1998,1,0,1,0.0,0,0,0,0,0,0,0,0,0.0,0.0,0.0,0.0,0.0,Matches,e6af02e0,0.0,0.0,0.0,0.0,1.0
673,Darwin Núñez,FW,uy Uruguay,27-023,1.sa Al-Hilal,1999,3,2,156,1.7,0,0,0,0,0,0,0,0,0.0,0.0,0.0,0.0,0.0,Matches,4d77b365,2.0,0.0,1.0,2.0,156.0
674,Antonio Nusa,FW,no Norway,21-091,1.de RB Leipzig,2005,6,4,318,3.5,1,0,1,1,0,0,1,0,0.28,0.0,0.28,0.28,0.28,Matches,4ab12002,6.0,2.0,2.0,2.0,318.0
675,Benjamin Nygren,MF,se Sweden,25-009,1.sct Celtic,2001,4,2,130,1.4,0,0,0,0,0,0,0,0,0.0,0.0,0.0,0.0,0.0,Matches,d6ebf67f,1.0,0.0,0.0,0.0,130.0
676,Ørjan Nyland,GK,no Norway,35-310,1.es Sevilla,1990,5,5,480,5.3,0,0,0,0,0,0,0,0,0.0,0.0,0.0,0.0,0.0,Matches,bdedffac,0.0,0.0,0.0,1.0,480.0
677,Aiden O'Neill,MF,au Australia,28-013,1.us NYCFC,1998,4,4,360,4.0,0,0,0,0,0,0,0,0,0.0,0.0,0.0,0.0,0.0,Matches,c7aee75b,2.0,0.0,2.0,2.0,360.0
678,Nico O'Reilly,DF,eng England,21-118,1.eng Manchester City,2005,7,5,461,5.1,0,0,0,0,0,0,1,0,0.0,0.0,0.0,0.0,0.0,Matches,91ca4a16,7.0,1.0,3.0,5.0,461.0
679,Salim Obaid,DF,jo Jordan,34-181,1.jo Al-Hussein SC,1992,3,0,21,0.2,0,0,0,0,0,0,0,0,0.0,0.0,0.0,0.0,0.0,Matches,f494bf5f,0.0,0.0,2.0,0.0,21.0
680,Armando Obispo,DF,cw Curaçao,27-134,1.nl PSV,1999,3,3,270,3.0,0,0,0,0,0,0,0,0,0.0,0.0,0.0,0.0,0.0,Matches,2ffa6348,0.0,0.0,1.0,7.0,270.0
681,Guillermo Ochoa,GK,mx Mexico,41-004,1.cy AEL Limassol,1985,1,0,13,0.1,0,0,0,0,0,0,0,0,0.0,0.0,0.0,0.0,0.0,Matches,1e9bde92,0.0,0.0,0.0,0.0,13.0
682,Kōki Ogawa,FW,jp Japan,28-343,1.nl NEC Nijmegen,1997,3,0,42,0.5,0,1,1,0,0,0,0,0,0.0,2.14,2.14,0.0,2.14,Matches,3d2e8955,3.0,0.0,0.0,0.0,42.0
683,Braian Ojeda,MF,py Paraguay,26-020,1.us Orlando City,2000,1,0,22,0.2,0,0,0,0,0,0,0,0,0.0,0.0,0.0,0.0,0.0,Matches,60953af0,0.0,0.0,0.0,0.0,22.0
684,Noah Okafor,FWMF,ch Switzerland,26-054,1.eng Leeds United,2000,1,0,20,0.2,0,0,0,0,0,0,0,0,0.0,0.0,0.0,0.0,0.0,Matches,ca607d59,1.0,0.0,1.0,0.0,20.0
685,Ime Okon,DF,za South Africa,22-147,2.de Hannover 96,2004,4,4,360,4.0,0,0,0,0,0,0,0,0,0.0,0.0,0.0,0.0,0.0,Matches,3cb58055,1.0,0.0,2.0,5.0,360.0
686,Paul Okon-Engstler,MF,au Australia,21-174,1.au Sydney FC,2005,4,2,197,2.2,0,1,1,0,0,0,0,0,0.0,0.46,0.46,0.0,0.46,Matches,ecd6464a,0.0,0.0,2.0,5.0,197.0
687,Ben Old,MF,nz New Zealand,23-338,2.fr Saint-Étienne,2002,3,0,93,1.0,0,0,0,0,0,0,0,0,0.0,0.0,0.0,0.0,0.0,Matches,e14e818c,0.0,0.0,0.0,1.0,93.0
688,Michael Olise,MF,fr France,24-217,1.de Bayern Munich,2001,7,7,556,6.2,0,5,5,0,0,0,1,0,0.0,0.81,0.81,0.0,0.81,Matches,c4486bac,20.0,5.0,8.0,3.0,556.0
689,Mathías Olivera,DF,uy Uruguay,28-259,1.it Napoli,1997,3,3,270,3.0,0,0,0,0,0,0,1,0,0.0,0.0,0.0,0.0,0.0,Matches,41c12f75,1.0,0.0,4.0,2.0,270.0
690,Dani Olmo,MF,es Spain,28-071,1.es Barcelona,1998,7,5,417,4.6,0,2,2,0,0,0,0,0,0.0,0.43,0.43,0.0,0.43,Matches,ae44e8e2,13.0,2.0,5.0,1.0,417.0
691,Tani Oluwaseyi,FW,ca Canada,26-063,1.es Villarreal,2000,5,3,259,2.9,0,0,0,0,0,0,0,0,0.0,0.0,0.0,0.0,0.0,Matches,950ef017,8.0,4.0,3.0,0.0,259.0
692,Ali Olwan,MF,jo Jordan,26-113,1.qa Al-Sailiya SC,2000,3,3,268,3.0,1,0,1,1,0,0,0,0,0.34,0.0,0.34,0.34,0.34,Matches,33c1d68d,6.0,3.0,0.0,1.0,268.0
693,Amadou Onana,MF,be Belgium,24-335,1.eng Aston Villa,2001,4,2,106,1.2,0,0,0,0,0,0,0,0,0.0,0.0,0.0,0.0,0.0,Matches,828657ff,2.0,0.0,2.0,2.0,106.0
694,Christopher Opéri,DF,ci Côte d'Ivoire,29-079,1.tr Başakşehir,1997,1,1,90,1.0,0,0,0,0,0,0,0,0,0.0,0.0,0.0,0.0,0.0,Matches,914bb955,0.0,0.0,2.0,1.0,90.0
695,Jerome Opoku,DF,gh Ghana,27-276,1.tr Başakşehir,1998,3,3,270,3.0,0,0,0,0,0,0,0,0,0.0,0.0,0.0,0.0,0.0,Matches,091d6ee5,0.0,0.0,2.0,1.0,270.0
696,Joel Ordóñez,DF,ec Ecuador,22-087,1.be Club Brugge,2004,3,3,225,2.5,0,0,0,0,0,0,0,0,0.0,0.0,0.0,0.0,0.0,Matches,2990a15c,2.0,0.0,5.0,1.0,225.0
697,Jonathan Osorio,MF,ca Canada,34-035,1.us Toronto FC,1992,2,0,5,0.1,0,0,0,0,0,0,0,0,0.0,0.0,0.0,0.0,0.0,Matches,70106ff6,1.0,0.0,0.0,1.0,5.0
698,Nicolás Otamendi,DF,ar Argentina,38-155,1.pt Benfica,1988,6,1,170,1.9,0,0,0,0,0,0,0,0,0.0,0.0,0.0,0.0,0.0,Matches,0d267745,1.0,0.0,2.0,6.0,170.0
699,Zakaria El Ouahdi,DFMF,ma Morocco,24-198,1.be Genk,2001,1,0,17,0.2,0,0,0,0,0,0,0,0,0.0,0.0,0.0,0.0,0.0,Matches,a3d79d3c,0.0,0.0,0.0,0.0,17.0
700,Ayoub Al-Oui,DF,qa Qatar,21-128,1.qa Al-Gharafa Sports Club,2005,2,2,149,1.7,0,0,0,0,0,0,0,0,0.0,0.0,0.0,0.0,0.0,Matches,010e5bae,0.0,0.0,0.0,2.0,149.0
701,Azzedine Ounahi,MF,ma Morocco,26-089,1.es Girona,2000,6,5,435,4.8,2,0,2,2,0,0,1,0,0.41,0.0,0.41,0.41,0.41,Matches,83299cc0,5.0,3.0,1.0,1.0,435.0
702,Mohammed Al-Owais,GK,sa Saudi Arabia,34-280,1.sa Al-Ula,1991,3,3,270,3.0,0,0,0,0,0,0,0,0,0.0,0.0,0.0,0.0,0.0,Matches,f2c060c6,0.0,0.0,0.0,0.0,270.0
703,Elisha Owusu,MF,gh Ghana,28-252,1.fr Auxerre,1997,3,2,151,1.7,0,0,0,0,0,0,0,0,0.0,0.0,0.0,0.0,0.0,Matches,e2781082,0.0,0.0,3.0,0.0,151.0
704,Mikel Oyarzabal,FW,es Spain,29-087,1.es Real Sociedad,1997,7,7,540,6.0,5,1,6,4,1,1,0,0,0.83,0.17,1.0,0.67,0.83,Matches,8c3c640c,23.0,12.0,5.0,1.0,540.0
705,Salih Özcan,MF,tr Türkiye,28-187,1.de Dortmund,1998,2,1,100,1.1,0,0,0,0,0,0,0,0,0.0,0.0,0.0,0.0,0.0,Matches,15413fa5,0.0,0.0,1.0,4.0,100.0
706,Willian Pacho,DF,ec Ecuador,24-274,1.fr PSG,2001,4,4,360,4.0,0,0,0,0,0,0,0,0,0.0,0.0,0.0,0.0,0.0,Matches,ecbe2839,1.0,1.0,2.0,8.0,360.0
707,Kendry Páez,MF,ec Ecuador,19-074,1.ar River Plate,2007,1,0,12,0.1,0,0,0,0,0,0,1,0,0.0,0.0,0.0,0.0,0.0,Matches,f3bb9f59,0.0,0.0,0.0,0.0,12.0
708,Exequiel Palacios,DF,ar Argentina,27-285,1.de Leverkusen,1998,1,1,90,1.0,0,0,0,0,0,0,0,0,0.0,0.0,0.0,0.0,0.0,Matches,e82adcab,0.0,0.0,0.0,5.0,90.0
709,Lucas Paquetá,MF,br Brazil,28-324,1.br Flamengo,1997,4,4,233,2.6,0,1,1,0,0,0,0,0,0.0,0.39,0.39,0.0,0.39,Matches,9b6f7fd5,5.0,1.0,4.0,5.0,233.0
710,Leandro Paredes,MF,ar Argentina,32-018,1.ar Boca Juniors,1994,6,4,398,4.4,0,0,0,0,0,0,1,0,0.0,0.0,0.0,0.0,0.0,Matches,dff153a4,4.0,1.0,6.0,5.0,398.0
711,Thomas Partey,MF,gh Ghana,33-034,1.es Villarreal,1993,3,3,270,3.0,0,0,0,0,0,0,0,0,0.0,0.0,0.0,0.0,0.0,Matches,529f49ab,2.0,0.0,4.0,6.0,270.0
712,Marco Pašalić,MF,hr Croatia,25-306,1.us Orlando City,2000,3,1,99,1.1,0,0,0,0,0,0,0,0,0.0,0.0,0.0,0.0,0.0,Matches,1866b0f1,3.0,2.0,2.0,1.0,99.0
713,Mario Pašalić,MF,hr Croatia,31-158,1.it Atalanta,1995,4,1,123,1.4,0,0,0,0,0,0,0,0,0.0,0.0,0.0,0.0,0.0,Matches,e599253a,4.0,1.0,1.0,1.0,123.0
714,Nathan Patterson,DF,sct Scotland,24-274,1.eng Everton,2001,3,2,185,2.1,0,0,0,0,0,0,0,0,0.0,0.0,0.0,0.0,0.0,Matches,230f0471,0.0,0.0,2.0,3.0,185.0
715,João Paulo Fernandes,DF,cv Cabo Verde,28-052,1.ro FCSB,1998,2,1,105,1.2,0,0,0,0,0,0,0,0,0.0,0.0,0.0,0.0,0.0,Matches,afcac9da,2.0,0.0,1.0,6.0,105.0
716,Aleksandar Pavlovic,MF,de Germany,22-075,1.de Bayern Munich,2004,4,4,272,3.0,0,0,0,0,0,0,1,0,0.0,0.0,0.0,0.0,0.0,Matches,2658c82f,4.0,1.0,3.0,2.0,272.0
717,Tim Payne,DF,nz New Zealand,32-188,1.au Wellington,1994,3,3,224,2.5,0,1,1,0,0,0,0,0,0.0,0.4,0.4,0.0,0.4,Matches,4e86877c,1.0,0.0,3.0,1.0,224.0
718,Nicolás Paz,MF,ar Argentina,21-312,1.it Como,2004,2,1,71,0.8,0,0,0,0,0,0,0,0,0.0,0.0,0.0,0.0,0.0,Matches,01bb93d5,1.0,0.0,2.0,0.0,71.0
719,Marcus Pedersen,DF,no Norway,26-001,1.it Torino,2000,4,1,236,2.6,1,0,1,1,0,0,0,0,0.38,0.0,0.38,0.38,0.38,Matches,596cc50e,1.0,1.0,2.0,0.0,236.0
720,Pedri,MF,es Spain,23-234,1.es Barcelona,2002,7,5,440,4.9,0,0,0,0,0,0,1,0,0.0,0.0,0.0,0.0,0.0,Matches,0d9b2d31,5.0,2.0,8.0,10.0,440.0
721,Nicolas Pépé,FW,ci Côte d'Ivoire,31-049,1.es Villarreal,1995,4,3,234,2.6,2,1,3,2,0,0,1,0,0.77,0.38,1.15,0.77,1.15,Matches,57e3f0c7,6.0,3.0,0.0,3.0,234.0
722,Ricardo Pepi,FW,us United States,23-189,1.nl PSV,2003,5,2,204,2.3,0,0,0,0,0,0,0,0,0.0,0.0,0.0,0.0,0.0,Matches,a2b1ed42,5.0,0.0,1.0,1.0,204.0
723,Kojo Peprah Oppong,DF,gh Ghana,22-043,1.fr Nice,2004,2,0,49,0.5,0,0,0,0,0,0,1,0,0.0,0.0,0.0,0.0,0.0,Matches,37a6fdb3,0.0,0.0,0.0,0.0,49.0
724,Ivan Perišić,MFDF,hr Croatia,37-165,1.nl PSV,1989,4,4,360,4.0,1,1,2,1,0,0,2,0,0.25,0.25,0.5,0.25,0.5,Matches,6fe90922,2.0,2.0,4.0,4.0,360.0
725,Jens Petter Hauge,DFFW,no Norway,26-278,1.no Bodø/Glimt,1999,1,0,8,0.1,0,0,0,0,0,0,0,0,0.0,0.0,0.0,0.0,0.0,Matches,12c35abe,0.0,0.0,0.0,0.0,8.0
726,Charles Pickel,DFMF,cd Congo DR,29-063,1.es Espanyol,1997,2,0,35,0.4,0,0,0,0,0,0,1,0,0.0,0.0,0.0,0.0,0.0,Matches,f71ad8cb,1.0,0.0,0.0,0.0,35.0
727,Jordan Pickford,GK,eng England,32-132,1.eng Everton,1994,7,7,660,7.3,0,0,0,0,0,0,0,0,0.0,0.0,0.0,0.0,0.0,Matches,4806ec67,0.0,0.0,0.0,0.0,660.0
728,Pico,DF,cv Cabo Verde,34-030,1.ie Shamrock,1992,4,4,390,4.3,0,0,0,0,0,0,0,0,0.0,0.0,0.0,0.0,0.0,Matches,faef0f92,2.0,0.0,5.0,7.0,390.0
729,Frantzdy Pierrot,FW,ht Haiti,31-110,1.tr Rizespor,1995,3,2,143,1.6,0,0,0,0,0,0,1,0,0.0,0.0,0.0,0.0,0.0,Matches,307877be,3.0,1.0,0.0,0.0,143.0
730,Kevin Pina,MF,cv Cabo Verde,29-171,1.ru Krasnodar,1997,4,4,349,3.9,1,0,1,1,0,0,1,0,0.26,0.0,0.26,0.26,0.26,Matches,296026ae,5.0,1.0,7.0,3.0,349.0
731,Wagner Pina,DF,cv Cabo Verde,23-256,1.tr Trabzonspor,2002,1,1,89,1.0,0,0,0,0,0,0,1,0,0.0,0.0,0.0,0.0,0.0,Matches,9bf22b95,1.0,0.0,0.0,1.0,89.0
732,Orbelín Pineda,FWMF,mx Mexico,30-115,1.gr AEK Athens,1996,2,0,31,0.3,0,0,0,0,0,0,0,0,0.0,0.0,0.0,0.0,0.0,Matches,411fabd7,1.0,0.0,0.0,0.0,31.0
733,Yéremy Pino,FWMF,es Spain,23-270,1.eng Crystal Palace,2002,2,0,70,0.8,0,0,0,0,0,0,0,0,0.0,0.0,0.0,0.0,0.0,Matches,540ec57b,0.0,0.0,0.0,0.0,70.0
734,Isidro Pitta,FW,py Paraguay,26-337,1.br RB Bragantino,1999,1,1,45,0.5,0,0,0,0,0,0,0,0,0.0,0.0,0.0,0.0,0.0,Matches,e9fc7295,0.0,0.0,0.0,0.0,45.0
735,Johny Placide,GK,ht Haiti,38-169,2.fr Bastia,1988,3,3,270,3.0,0,0,0,0,0,0,1,0,0.0,0.0,0.0,0.0,0.0,Matches,f1666a9d,0.0,0.0,0.0,0.0,270.0
736,Gonzalo Plata,FW,ec Ecuador,25-258,1.br Flamengo,2000,4,4,360,4.0,1,0,1,1,0,0,1,0,0.25,0.0,0.25,0.25,0.25,Matches,54bcdeb0,8.0,5.0,5.0,2.0,360.0
737,Marin Pongračić,DF,hr Croatia,28-309,1.it Fiorentina,1997,3,3,270,3.0,0,0,0,0,0,0,0,0,0.0,0.0,0.0,0.0,0.0,Matches,2a6cd437,1.0,0.0,3.0,0.0,270.0
738,Jackson Porozo,DF,ec Ecuador,25-347,1.mx Tijuana,2000,1,0,29,0.3,0,0,0,0,0,0,1,0,0.0,0.0,0.0,0.0,0.0,Matches,7d704e92,0.0,0.0,0.0,0.0,29.0
739,Pedro Porro,DF,es Spain,26-307,1.eng Tottenham,1999,5,5,443,4.9,2,0,2,2,0,0,0,0,0.41,0.0,0.41,0.41,0.41,Matches,27d0a506,7.0,3.0,11.0,8.0,443.0
740,Stefan Posch,DF,at Austria,29-064,1.de Mainz 05,1997,4,4,331,3.7,0,0,0,0,0,0,2,0,0.0,0.0,0.0,0.0,0.0,Matches,7f609bfc,3.0,0.0,4.0,10.0,331.0
741,Alexander Prass,DFMF,at Austria,25-052,1.de Hoffenheim,2001,2,0,29,0.3,0,0,0,0,0,0,0,0,0.0,0.0,0.0,0.0,0.0,Matches,6637e6a7,0.0,0.0,0.0,0.0,29.0
742,Ángelo Preciado,DFMF,ec Ecuador,28-149,1.br Atlético Mineiro,1998,4,0,109,1.2,0,0,0,0,0,0,0,0,0.0,0.0,0.0,0.0,0.0,Matches,eadc8e4f,0.0,0.0,1.0,3.0,109.0
743,Ruben Providence,MF,ht Haiti,25-010,2.nl Almere City,2001,3,3,220,2.4,0,0,0,0,0,0,0,0,0.0,0.0,0.0,0.0,0.0,Matches,26bab383,4.0,1.0,2.0,0.0,220.0
744,Lukáš Provod,FW,cz Czechia,29-267,1.cz Slavia Prague,1996,3,1,122,1.4,0,0,0,0,0,0,0,0,0.0,0.0,0.0,0.0,0.0,Matches,8f21b7bd,1.0,0.0,3.0,1.0,122.0
745,Marc Pubill,DF,es Spain,23-027,1.es Atlético Madrid,2003,1,0,1,0.0,0,0,0,0,0,0,0,0,0.0,0.0,0.0,0.0,0.0,Matches,365113c0,0.0,0.0,0.0,0.0,1.0
746,Gustavo Puerta,MF,co Colombia,22-359,2.es Racing Sant,2003,5,5,469,5.2,0,1,1,0,0,0,1,0,0.0,0.19,0.19,0.0,0.19,Matches,2c08cab0,14.0,5.0,3.0,3.0,469.0
747,Christian Pulisic,MF,us United States,27-302,1.it Milan,1998,4,3,223,2.5,0,1,1,0,0,0,0,0,0.0,0.4,0.4,0.0,0.4,Matches,1bf33a9a,4.0,2.0,1.0,0.0,223.0
748,Ahmed Qasem,MFFW,iq Iraq,23-005,1.us Nashville SC,2003,3,2,123,1.4,0,0,0,0,0,0,0,0,0.0,0.0,0.0,0.0,0.0,Matches,27219ecb,0.0,0.0,0.0,0.0,123.0
749,Jarell Quansah,DF,eng England,23-169,1.de Leverkusen,2003,2,2,115,1.3,0,0,0,0,0,0,1,1,0.0,0.0,0.0,0.0,0.0,Matches,4125cb98,0.0,0.0,0.0,0.0,115.0
750,Julián Quiñones,FWMF,mx Mexico,29-115,1.sa Al-Qadsiah,1997,5,5,410,4.6,4,1,5,4,0,0,0,0,0.88,0.22,1.1,0.88,1.1,Matches,5535c728,14.0,6.0,0.0,0.0,410.0
751,Alberto Quintero,FWMF,pa Panama,38-211,1.pa Plaza Amador,1987,1,0,3,0.0,0,0,0,0,0,0,0,0,0.0,0.0,0.0,0.0,0.0,Matches,5854ae43,0.0,0.0,0.0,0.0,3.0
752,Juan Quintero,FWMF,co Colombia,33-180,1.ar River Plate,1993,4,0,121,1.3,0,1,1,0,0,0,0,0,0.0,0.74,0.74,0.0,0.74,Matches,540d0b37,4.0,0.0,0.0,0.0,121.0
753,Ramy Rabia,DF,eg Egypt,33-058,1.ae Al Ain,1993,5,3,372,4.1,0,0,0,0,0,0,0,0,0.0,0.0,0.0,0.0,0.0,Matches,e32afa36,1.0,1.0,5.0,3.0,372.0
754,Adrien Rabiot,MF,fr France,31-105,1.it Milan,1995,6,6,495,5.5,0,1,1,0,0,0,1,0,0.0,0.18,0.18,0.0,0.18,Matches,8794e251,9.0,1.0,7.0,11.0,495.0
755,Stjepan Radeljić,DF,ba Bosnia–Herz,28-315,1.hr Rijeka,1997,2,2,180,2.0,0,0,0,0,0,0,1,0,0.0,0.0,0.0,0.0,0.0,Matches,30e03a25,1.0,0.0,1.0,0.0,180.0
756,Soufiane Rahimi,FW,ma Morocco,30-045,1.ae Al Ain,1996,6,0,163,1.8,2,1,3,2,0,0,0,0,1.1,0.55,1.66,1.1,1.66,Matches,f126a259,6.0,4.0,2.0,0.0,163.0
757,Abdul Rahman Baba,DFMF,gh Ghana,32-015,1.gr PAOK,1994,1,0,1,0.0,0,0,0,0,0,0,0,0,0.0,0.0,0.0,0.0,0.0,Matches,e4086af3,0.0,0.0,0.0,0.0,1.0
758,Anthony Ralston,DF,sct Scotland,27-243,1.sct Celtic,1998,2,0,11,0.1,0,0,0,0,0,0,0,0,0.0,0.0,0.0,0.0,0.0,Matches,56208b05,1.0,1.0,0.0,0.0,11.0
759,Gonçalo Ramos,FW,pt Portugal,25-027,1.fr PSG,2001,2,0,36,0.4,1,0,1,1,0,0,0,0,2.5,0.0,2.5,2.5,2.5,Matches,f63cda26,2.0,1.0,0.0,0.0,36.0
760,Jiovany Ramos,DF,pa Panama,29-172,1.ve Puerto Cabello,1997,2,2,166,1.8,0,0,0,0,0,0,0,0,0.0,0.0,0.0,0.0,0.0,Matches,30cda59f,2.0,0.0,1.0,3.0,166.0
761,Jesse Randall,MF,nz New Zealand,23-332,1.au Auckland FC,2002,3,0,61,0.7,0,0,0,0,0,0,0,0,0.0,0.0,0.0,0.0,0.0,Matches,513ec88e,1.0,0.0,0.0,0.0,61.0
762,Raúl Rangel,GK,mx Mexico,26-142,1.mx Guadalajara,2000,5,5,437,4.9,0,0,0,0,0,0,0,0,0.0,0.0,0.0,0.0,0.0,Matches,15f733fb,0.0,0.0,0.0,0.0,437.0
763,Raphinha,MFFW,br Brazil,29-215,1.es Barcelona,1996,2,2,129,1.4,0,0,0,0,0,0,0,0,0.0,0.0,0.0,0.0,0.0,Matches,3423f250,3.0,2.0,0.0,0.0,129.0
764,Nizar Al Rashdan,MF,jo Jordan,27-116,1.qa Qatar SC,1999,3,3,255,2.8,1,0,1,1,0,0,0,0,0.35,0.0,0.35,0.35,0.35,Matches,feaa0ffd,2.0,1.0,5.0,2.0,255.0
765,Marcus Rashford,MF,eng England,28-259,1.es Barcelona,1997,5,2,178,2.0,1,0,1,1,0,0,0,0,0.51,0.0,0.51,0.51,0.51,Matches,a1d5bd30,12.0,5.0,2.0,0.0,178.0
766,Nicolas Raskin,MF,be Belgium,25-144,1.sct Rangers,2001,6,3,341,3.8,0,2,2,0,0,0,0,0,0.0,0.53,0.53,0.0,0.53,Matches,dba1f190,2.0,1.0,5.0,2.0,341.0
767,David Raum,DF,de Germany,28-086,1.de RB Leipzig,1998,2,1,108,1.2,0,0,0,0,0,0,0,0,0.0,0.0,0.0,0.0,0.0,Matches,7d450ed3,1.0,1.0,1.0,1.0,108.0
768,Noor Al Rawabdeh,MF,jo Jordan,29-143,1.my Selangor FA,1997,3,3,270,3.0,0,1,1,0,0,0,0,0,0.0,0.33,0.33,0.0,0.33,Matches,3bb06c86,1.0,0.0,7.0,2.0,270.0
769,Rayan,FWMF,br Brazil,19-348,1.eng Bournemouth,2006,4,3,288,3.2,0,1,1,0,0,0,0,0,0.0,0.31,0.31,0.0,0.31,Matches,288647fc,5.0,2.0,4.0,3.0,288.0
770,Iqraam Rayners,FW,za South Africa,30-210,1.za Sundowns,1995,4,2,161,1.8,0,0,0,0,0,0,0,0,0.0,0.0,0.0,0.0,0.0,Matches,190b0d5e,1.0,0.0,0.0,0.0,161.0
771,Tim Ream,DF,us United States,38-285,1.us Charlotte,1987,4,4,360,4.0,0,0,0,0,0,0,0,0,0.0,0.0,0.0,0.0,0.0,Matches,28b40c9c,0.0,0.0,1.0,6.0,360.0
772,Tijjani Reijnders,MF,nl Netherlands,27-353,1.eng Manchester City,1998,3,3,199,2.2,0,1,1,0,0,0,0,0,0.0,0.45,0.45,0.0,0.45,Matches,afb61630,4.0,2.0,0.0,2.0,199.0
773,Omar Rekik,DF,tn Tunisia,24-209,1.si NK Maribor,2001,2,2,180,2.0,1,0,1,1,0,0,0,0,0.5,0.0,0.5,0.5,0.5,Matches,e69e0f7b,1.0,1.0,2.0,3.0,180.0
774,Israel Reyes,DF,mx Mexico,26-055,1.mx América,2000,4,2,202,2.2,0,0,0,0,0,0,0,0,0.0,0.0,0.0,0.0,0.0,Matches,0db8bbc4,2.0,0.0,1.0,3.0,202.0
775,Gio Reyna,MF,us United States,23-246,1.de Gladbach,2002,5,1,131,1.5,1,0,1,1,0,0,0,0,0.69,0.0,0.69,0.69,0.69,Matches,7fa4e703,2.0,1.0,0.0,0.0,131.0
776,Ramin Rezaeian,DFMF,ir IR Iran,36-118,1.ir Foolad,1990,3,3,270,3.0,2,1,3,2,0,0,0,0,0.67,0.33,1.0,0.67,1.0,Matches,c0ae3446,4.0,2.0,5.0,2.0,270.0
777,Chadi Riad,DF,ma Morocco,23-030,1.eng Crystal Palace,2003,4,4,344,3.8,0,1,1,0,0,0,0,0,0.0,0.26,0.26,0.0,0.26,Matches,b3b9b8b8,1.0,0.0,1.0,4.0,344.0
778,Declan Rice,MF,eng England,27-184,1.eng Arsenal,1999,6,6,467,5.2,0,1,1,0,0,0,2,0,0.0,0.19,0.19,0.0,0.19,Matches,1c7012b8,6.0,3.0,3.0,5.0,467.0
779,Chris Richards,DF,us United States,26-111,1.eng Crystal Palace,2000,4,4,360,4.0,0,0,0,0,0,0,1,0,0.0,0.0,0.0,0.0,0.0,Matches,0a3d6d2b,1.0,0.0,3.0,4.0,360.0
780,Fabian Rieder,MFFW,ch Switzerland,24-151,1.de Augsburg,2002,5,3,302,3.4,0,0,0,0,0,0,0,0,0.0,0.0,0.0,0.0,0.0,Matches,c2bd8585,7.0,2.0,3.0,1.0,302.0
781,Richard Ríos,MF,co Colombia,26-045,1.pt Benfica,2000,5,0,140,1.6,0,0,0,0,0,0,1,0,0.0,0.0,0.0,0.0,0.0,Matches,72da065d,5.0,1.0,2.0,1.0,140.0
782,Ró-Ró,DF,qa Qatar,35-345,1.qa Al Sadd,1990,3,3,270,3.0,0,0,0,0,0,0,0,0,0.0,0.0,0.0,0.0,0.0,Matches,8735fe66,3.0,1.0,4.0,3.0,270.0
783,Andy Robertson,DF,sct Scotland,32-128,1.eng Liverpool,1994,3,3,225,2.5,0,0,0,0,0,0,1,0,0.0,0.0,0.0,0.0,0.0,Matches,2e4f5f03,0.0,0.0,1.0,2.0,225.0
784,Antonee Robinson,DFMF,us United States,28-343,1.eng Fulham,1997,4,4,348,3.9,0,0,0,0,0,0,1,0,0.0,0.0,0.0,0.0,0.0,Matches,289601e6,0.0,0.0,4.0,6.0,348.0
785,Miles Robinson,DF,us United States,29-125,1.us FC Cincinnati,1997,1,1,90,1.0,0,0,0,0,0,0,0,0,0.0,0.0,0.0,0.0,0.0,Matches,782a95d9,1.0,0.0,1.0,1.0,90.0
786,Sergio Rochet,GK,uy Uruguay,33-116,1.br Internacional,1993,1,0,45,0.5,0,0,0,0,0,0,0,0,0.0,0.0,0.0,0.0,0.0,Matches,81b99b9e,0.0,0.0,0.0,0.0,45.0
787,Rodri,MF,es Spain,30-025,1.eng Manchester City,1996,7,7,626,7.0,0,0,0,0,0,0,0,0,0.0,0.0,0.0,0.0,0.0,Matches,6434f10d,7.0,0.0,20.0,3.0,626.0
788,Garry Rodrigues,MF,cv Cabo Verde,35-232,1.cy Apollon Limassol,1990,2,1,76,0.8,0,0,0,0,0,0,0,0,0.0,0.0,0.0,0.0,0.0,Matches,149895bf,1.0,0.0,2.0,1.0,76.0
789,Brian Rodríguez,FWMF,uy Uruguay,26-058,1.mx América,2000,3,0,41,0.5,0,0,0,0,0,0,0,0,0.0,0.0,0.0,0.0,0.0,Matches,c86041d7,3.0,1.0,0.0,0.0,41.0
790,James Rodríguez,FWMF,co Colombia,35-005,1.us Minnesota Utd,1991,5,5,313,3.5,0,0,0,0,0,0,0,0,0.0,0.0,0.0,0.0,0.0,Matches,715bf047,6.0,3.0,1.0,1.0,313.0
791,Kevin Rodríguez,FW,ec Ecuador,26-135,1.be Union SG,2000,4,0,118,1.3,0,1,1,0,0,0,0,0,0.0,0.76,0.76,0.0,0.76,Matches,189fb038,6.0,1.0,1.0,0.0,118.0
792,Ricardo Rodríguez,DF,ch Switzerland,33-326,1.es Real Betis,1992,6,6,517,5.7,0,1,1,0,0,0,0,0,0.0,0.17,0.17,0.0,0.17,Matches,7f78ad23,1.0,0.0,7.0,4.0,517.0
793,Tomás Rodríguez,FW,pa Panama,27-130,1.cr Saprissa,1999,2,1,46,0.5,0,0,0,0,0,0,0,0,0.0,0.0,0.0,0.0,0.0,Matches,59f97bc8,1.0,1.0,0.0,0.0,46.0
794,Godfried Roemeratoe,MF,cw Curaçao,26-332,2.nl RKC Waalwijk,1999,1,0,7,0.1,0,0,0,0,0,0,0,0,0.0,0.0,0.0,0.0,0.0,Matches,a646b710,0.0,0.0,0.0,0.0,7.0
795,Morgan Rogers,MF,eng England,23-356,1.eng Aston Villa,2002,6,2,249,2.8,0,1,1,0,0,0,0,0,0.0,0.36,0.36,0.0,0.36,Matches,2e5915f1,3.0,1.0,3.0,0.0,249.0
796,Cristian Romero,DF,ar Argentina,28-081,1.eng Tottenham,1998,6,6,539,6.0,1,0,1,1,0,0,1,0,0.17,0.0,0.17,0.17,0.17,Matches,a3d94a58,3.0,1.0,10.0,11.0,539.0
797,Luis Romo,MF,mx Mexico,31-042,1.mx Guadalajara,1995,4,4,264,2.9,1,1,2,1,0,0,0,0,0.34,0.34,0.68,0.34,0.68,Matches,e590bb10,3.0,1.0,4.0,4.0,264.0
798,Cristiano Ronaldo,FW,pt Portugal,41-162,1.sa Al-Nassr,1985,5,5,440,4.9,3,0,3,2,1,1,0,0,0.61,0.0,0.61,0.41,0.41,Matches,dea698d9,18.0,9.0,1.0,1.0,440.0
799,Eloy Room,GK,cw Curaçao,37-161,2.us Miami FC,1989,3,3,270,3.0,0,0,0,0,0,0,0,0,0.0,0.0,0.0,0.0,0.0,Matches,6b33d86b,0.0,0.0,0.0,0.0,270.0
800,Marten de Roon,DFMF,nl Netherlands,35-110,1.it Atalanta,1991,1,0,11,0.1,0,0,0,0,0,0,0,0,0.0,0.0,0.0,0.0,0.0,Matches,2a1beb34,0.0,0.0,0.0,0.0,11.0
801,Saed Al-Rosan,DF,jo Jordan,29-166,1.jo Al-Hussein SC,1997,1,0,10,0.1,0,0,0,0,0,0,0,0,0.0,0.0,0.0,0.0,0.0,Matches,f3115445,0.0,0.0,0.0,0.0,10.0
802,Antonio Rüdiger,DF,de Germany,33-136,1.es Real Madrid,1993,4,2,262,2.9,0,0,0,0,0,0,0,0,0.0,0.0,0.0,0.0,0.0,Matches,18b896d6,1.0,0.0,0.0,0.0,262.0
803,Fabián Ruiz Peña,MF,es Spain,30-105,1.fr PSG,1996,7,3,260,2.9,1,0,1,1,0,0,0,0,0.35,0.0,0.35,0.35,0.35,Matches,c0c7ff58,8.0,2.0,3.0,4.0,260.0
804,Mathew Ryan,GK,au Australia,34-100,1.es Levante,1992,1,0,2,0.0,0,0,0,0,0,0,0,0,0.0,0.0,0.0,0.0,0.0,Matches,4535e4bb,0.0,0.0,0.0,0.0,2.0
805,Julian Ryerson,DF,no Norway,28-242,1.de Dortmund,1997,4,4,223,2.5,0,0,0,0,0,0,0,0,0.0,0.0,0.0,0.0,0.0,Matches,009a4f60,0.0,0.0,8.0,0.0,223.0
806,Elias Saad,MFFW,tn Tunisia,26-202,2.de Hannover 96,1999,2,2,116,1.3,0,0,0,0,0,0,0,0,0.0,0.0,0.0,0.0,0.0,Matches,78a2284f,1.0,0.0,1.0,0.0,116.0
807,Marwane Saâdane,DFMF,ma Morocco,34-181,1.sa Al-Fateh,1992,1,0,4,0.0,0,0,0,0,0,0,0,0,0.0,0.0,0.0,0.0,0.0,Matches,14f47102,0.0,0.0,0.0,0.0,4.0
808,Mustafa Saadoon,DF,iq Iraq,25-053,1.iq Al-Shorta,2001,1,0,18,0.2,0,0,0,0,0,0,0,0,0.0,0.0,0.0,0.0,0.0,Matches,928dc5c9,0.0,0.0,1.0,0.0,18.0
809,Mahmoud Saber,MF,eg Egypt,24-352,1.eg ZED,2001,2,1,46,0.5,1,0,1,1,0,0,1,0,1.96,0.0,1.96,1.96,1.96,Matches,632c42f5,3.0,1.0,0.0,0.0,46.0
810,Marcel Sabitzer,MF,at Austria,32-122,1.de Dortmund,1994,4,4,360,4.0,1,0,1,1,0,0,1,0,0.25,0.0,0.25,0.25,0.25,Matches,e280527c,5.0,2.0,2.0,6.0,360.0
811,Noah Sadiki,MF,cd Congo DR,21-212,1.eng Sunderland,2004,4,2,259,2.9,0,0,0,0,0,0,2,0,0.0,0.0,0.0,0.0,0.0,Matches,645481cc,0.0,0.0,4.0,2.0,259.0
812,Michal Sadílek,MF,cz Czechia,27-047,1.cz Slavia Prague,1999,3,2,183,2.0,1,0,1,1,0,0,0,0,0.49,0.0,0.49,0.49,0.49,Matches,7c9fa389,7.0,3.0,2.0,2.0,183.0
813,Alexis Saelemaekers,MF,be Belgium,27-020,1.it Milan,1999,4,1,83,0.9,1,0,1,1,0,0,0,0,1.08,0.0,1.08,1.08,1.08,Matches,ee251371,4.0,1.0,2.0,0.0,83.0
814,Ismael Saibari,FW,ma Morocco,25-170,1.nl PSV,2001,5,5,381,4.2,3,0,3,3,0,0,0,0,0.71,0.0,0.71,0.71,0.71,Matches,3ec9f005,10.0,3.0,2.0,0.0,381.0
815,Bukayo Saka,MF,eng England,24-315,1.eng Arsenal,2001,6,2,268,3.0,0,3,3,0,0,0,0,0,0.0,1.01,1.01,0.0,1.01,Matches,bc7dc64d,13.0,7.0,7.0,1.0,268.0
816,Mohamed Salah,FWMF,eg Egypt,34-032,1.eng Liverpool,1992,5,5,425,4.7,1,2,3,1,0,0,0,0,0.21,0.42,0.64,0.21,0.64,Matches,e342ad68,9.0,4.0,0.0,2.0,425.0
817,Anass Salah-Eddine,DF,ma Morocco,24-180,1.nl PSV,2002,4,2,212,2.4,0,0,0,0,0,0,0,0,0.0,0.0,0.0,0.0,0.0,Matches,0d274394,1.0,0.0,5.0,0.0,212.0
818,Nathan Saliba,MF,ca Canada,22-160,1.be Anderlecht,2004,3,2,182,2.0,1,2,3,1,0,0,1,0,0.49,0.99,1.48,0.49,1.48,Matches,44cfc681,3.0,1.0,4.0,4.0,182.0
819,William Saliba,DF,fr France,25-115,1.eng Arsenal,2001,6,6,479,5.3,0,0,0,0,0,0,0,0,0.0,0.0,0.0,0.0,0.0,Matches,972aeb2a,1.0,0.0,0.0,6.0,479.0
820,Shurandy Sambo,DF,cw Curaçao,24-332,1.nl Sparta R.,2001,1,0,1,0.0,0,0,0,0,0,0,0,0,0.0,0.0,0.0,0.0,0.0,Matches,4b1d5a70,0.0,0.0,0.0,1.0,1.0
821,Antonio Sanabria,FW,py Paraguay,30-135,1.it Cremonese,1996,2,1,83,0.9,0,0,0,0,0,0,0,0,0.0,0.0,0.0,0.0,0.0,Matches,0a447501,0.0,0.0,2.0,0.0,83.0
822,Davinson Sánchez,DF,co Colombia,30-035,1.tr Galatasaray,1996,5,5,480,5.3,0,0,0,0,0,0,1,0,0.0,0.0,0.0,0.0,0.0,Matches,da7b447d,6.0,2.0,2.0,6.0,480.0
823,Jorge Sánchez,DF,mx Mexico,28-219,1.gr PAOK,1997,4,4,348,3.9,0,1,1,0,0,0,1,0,0.0,0.26,0.26,0.0,0.26,Matches,c8d1c3a5,1.0,1.0,4.0,5.0,348.0
824,Alex Sandro,DFMF,br Brazil,35-172,1.br Flamengo,1991,1,0,9,0.1,0,0,0,0,0,0,0,0,0.0,0.0,0.0,0.0,0.0,Matches,0d82903c,0.0,0.0,0.0,0.0,9.0
825,Leroy Sané,MF,de Germany,30-187,1.tr Galatasaray,1996,4,4,326,3.6,1,0,1,1,0,0,0,0,0.28,0.0,0.28,0.28,0.28,Matches,2b114be3,6.0,2.0,3.0,2.0,326.0
826,Ibrahim Sangaré,MF,ci Côte d'Ivoire,28-227,1.eng Nottingham,1997,4,3,268,3.0,0,1,1,0,0,0,0,0,0.0,0.34,0.34,0.0,0.34,Matches,bced0375,1.0,0.0,5.0,6.0,268.0
827,Kaishū Sano,MF,jp Japan,25-199,1.de Mainz 05,2000,3,3,270,3.0,1,1,2,1,0,0,1,0,0.33,0.33,0.67,0.33,0.67,Matches,7a7a6361,1.0,1.0,2.0,4.0,270.0
828,Danilo Santos,MF,br Brazil,25-079,1.br Botafogo–RJ,2001,4,0,46,0.5,0,0,0,0,0,0,0,0,0.0,0.0,0.0,0.0,0.0,Matches,a816dbfb,2.0,1.0,2.0,1.0,46.0
829,Douglas Santos,DF,br Brazil,32-117,1.ru Zenit,1994,5,5,441,4.9,0,0,0,0,0,0,1,0,0.0,0.0,0.0,0.0,0.0,Matches,c50e5bba,2.0,0.0,10.0,6.0,441.0
830,Bara Sapoko Ndiaye,MF,sn Senegal,18-198,1.de Bayern Munich,2007,1,0,26,0.3,0,0,0,0,0,0,0,0,0.0,0.0,0.0,0.0,0.0,Matches,fa080d50,1.0,1.0,0.0,0.0,26.0
831,Ismaila Sarr,MFFW,sn Senegal,28-142,1.eng Crystal Palace,1998,4,4,364,4.0,4,1,5,4,0,0,0,0,0.99,0.25,1.24,0.99,1.24,Matches,bfdb33aa,17.0,6.0,1.0,2.0,364.0
832,Farrukh Sayfiev,DFMF,uz Uzbekistan,35-181,1.uz Neftchi FK,1991,1,0,45,0.5,0,0,0,0,0,0,0,0,0.0,0.0,0.0,0.0,0.0,Matches,bad66fb5,0.0,0.0,0.0,0.0,45.0
833,Amine Sbai,FWMF,ma Morocco,25-254,1.fr Angers,2000,1,0,6,0.1,0,0,0,0,0,0,0,0,0.0,0.0,0.0,0.0,0.0,Matches,bafbe06a,0.0,0.0,0.0,0.0,6.0
834,Joe Scally,DF,us United States,23-198,1.de Gladbach,2002,2,1,87,1.0,0,0,0,0,0,0,0,0,0.0,0.0,0.0,0.0,0.0,Matches,236f02cd,0.0,0.0,1.0,1.0,87.0
835,Patrik Schick,FW,cz Czechia,30-174,1.de Leverkusen,1996,3,2,180,2.0,0,0,0,0,0,0,0,0,0.0,0.0,0.0,0.0,0.0,Matches,5d4f7d61,2.0,1.0,0.0,0.0,180.0
836,Andreas Schjelderup,FW,no Norway,22-046,1.pt Benfica,2004,6,2,252,2.8,1,3,4,1,0,0,0,0,0.36,1.07,1.43,0.36,1.43,Matches,a427724f,3.0,2.0,3.0,5.0,252.0
837,Alexander Schlager,GK,at Austria,30-166,1.at RB Salzburg,1996,4,4,360,4.0,0,0,0,0,0,0,0,0,0.0,0.0,0.0,0.0,0.0,Matches,6fe5c35b,0.0,0.0,0.0,0.0,360.0
838,Xaver Schlager,MF,at Austria,28-292,1.de RB Leipzig,1997,4,4,238,2.6,0,1,1,0,0,0,0,0,0.0,0.38,0.38,0.0,0.38,Matches,8f056768,1.0,0.0,3.0,7.0,238.0
839,Nico Schlotterbeck,DF,de Germany,26-228,1.de Dortmund,1999,2,2,135,1.5,1,0,1,1,0,0,0,0,0.67,0.0,0.67,0.67,0.67,Matches,34e12499,2.0,2.0,2.0,3.0,135.0
840,Romano Schmid,MFFW,at Austria,26-171,1.de Werder Bremen,2000,4,4,263,2.9,1,0,1,1,0,0,0,0,0.34,0.0,0.34,0.34,0.34,Matches,220ace7e,2.0,1.0,4.0,0.0,263.0
841,Kamogelo Sebelebele,DFMF,za South Africa,23-361,1.za Orlando Pirates,2002,1,0,7,0.1,0,0,0,0,0,0,0,0,0.0,0.0,0.0,0.0,0.0,Matches,cc014f7d,0.0,0.0,0.0,0.0,7.0
842,Abdoulaye Seck,DF,sn Senegal,34-043,1.il Maccabi Haifa,1992,1,1,57,0.6,0,1,1,0,0,0,1,0,0.0,1.58,1.58,0.0,1.58,Matches,f07a0fe5,2.0,0.0,0.0,0.0,57.0
843,Alidu Seidu,DF,gh Ghana,26-043,1.fr Rennes,2000,1,0,78,0.9,0,0,0,0,0,0,1,0,0.0,0.0,0.0,0.0,0.0,Matches,cea59f02,0.0,0.0,1.0,1.0,78.0
844,Nicolas Seiwald,MF,at Austria,25-074,1.de RB Leipzig,2001,4,4,315,3.5,0,0,0,0,0,0,0,0,0.0,0.0,0.0,0.0,0.0,Matches,28c6e925,3.0,0.0,5.0,4.0,315.0
845,Ayumu Seko,DF,jp Japan,26-040,1.fr Le Havre,2000,2,1,86,1.0,0,0,0,0,0,0,0,0,0.0,0.0,0.0,0.0,0.0,Matches,5c6a4059,0.0,0.0,1.0,1.0,86.0
846,Egil Selvik,GK,no Norway,28-352,2.eng Watford,1997,1,1,90,1.0,0,0,0,0,0,0,0,0,0.0,0.0,0.0,0.0,0.0,Matches,05d89c1c,0.0,0.0,0.0,0.0,90.0
847,Ken Sema,FWMF,se Sweden,32-290,1.cy Pafos FC,1993,1,0,16,0.2,0,0,0,0,0,0,0,0,0.0,0.0,0.0,0.0,0.0,Matches,1770bd68,1.0,0.0,1.0,0.0,16.0
848,Nélson Semedo,DFMF,pt Portugal,32-243,1.tr Fenerbahçe,1993,4,0,127,1.4,0,0,0,0,0,0,1,0,0.0,0.0,0.0,0.0,0.0,Matches,d04b94db,0.0,0.0,0.0,0.0,127.0
849,Willy Semedo,FW,cv Cabo Verde,32-081,1.cy AC Omonia,1994,3,1,131,1.5,0,0,0,0,0,0,0,0,0.0,0.0,0.0,0.0,0.0,Matches,d1edc98f,3.0,0.0,0.0,3.0,131.0
850,Antoine Semenyo,MFFW,gh Ghana,26-191,1.eng Manchester City,2000,4,4,360,4.0,0,0,0,0,0,0,0,0,0.0,0.0,0.0,0.0,0.0,Matches,efd2ec23,6.0,0.0,2.0,0.0,360.0
851,Marvin Senaya,DF,gh Ghana,25-170,1.fr Auxerre,2001,4,4,278,3.1,0,0,0,0,0,0,0,0,0.0,0.0,0.0,0.0,0.0,Matches,1d383c10,2.0,0.0,12.0,6.0,278.0
852,Marcos Senesi,DF,ar Argentina,29-068,1.eng Bournemouth,1997,1,1,90,1.0,0,0,0,0,0,0,0,0,0.0,0.0,0.0,0.0,0.0,Matches,35141f4c,1.0,0.0,0.0,2.0,90.0
853,Igor Sergeev,FW,uz Uzbekistan,33-078,1.ir Persepolis,1993,3,0,28,0.3,0,0,0,0,0,0,0,0,0.0,0.0,0.0,0.0,0.0,Matches,8df41977,0.0,0.0,0.0,0.0,28.0
854,Jean Seri,MF,ci Côte d'Ivoire,34-363,1.si NK Maribor,1991,1,0,14,0.2,0,0,0,0,0,0,0,0,0.0,0.0,0.0,0.0,0.0,Matches,10efd0e1,0.0,0.0,1.0,0.0,14.0
855,Kim Seung-gyu,GK,kr Korea Republic,35-290,1.jp FC Tokyo,1990,3,3,270,3.0,0,0,0,0,0,0,0,0,0.0,0.0,0.0,0.0,0.0,Matches,eabaafa6,0.0,0.0,0.0,0.0,270.0
856,Paik Seung-ho,MF,kr Korea Republic,29-122,2.eng Birmingham City,1997,3,3,204,2.3,0,0,0,0,0,0,1,0,0.0,0.0,0.0,0.0,0.0,Matches,1e1bea09,0.0,0.0,0.0,1.0,204.0
857,Joaquin Seys,DF,be Belgium,21-111,1.be Club Brugge,2005,1,0,30,0.3,0,0,0,0,0,0,0,0,0.0,0.0,0.0,0.0,0.0,Matches,0beabf0a,0.0,0.0,1.0,0.0,30.0
858,Jacob Shaffelburg,MF,ca Canada,26-233,1.us LAFC,1999,5,0,92,1.0,0,0,0,0,0,0,0,0,0.0,0.0,0.0,0.0,0.0,Matches,339a2561,3.0,0.0,1.0,2.0,92.0
859,Mohammed Abu Al-Shamat,MF,sa Saudi Arabia,23-340,1.sa Al-Qadsiah,2002,3,1,136,1.5,0,0,0,0,0,0,0,0,0.0,0.0,0.0,0.0,0.0,Matches,dd65e243,1.0,1.0,3.0,1.0,136.0
860,Lawrence Shankland,FW,sct Scotland,30-341,1.sct Hearts,1995,2,2,171,1.9,0,0,0,0,0,0,0,0,0.0,0.0,0.0,0.0,0.0,Matches,63b1a176,4.0,0.0,1.0,0.0,171.0
861,Sharara,FW,jo Jordan,28-199,1.ma Raja Casablanca,1997,2,0,2,0.0,0,0,0,0,0,0,1,0,0.0,0.0,0.0,0.0,0.0,Matches,67e2aed8,0.0,0.0,0.0,0.0,2.0
862,Aimar Sher,MF,iq Iraq,23-209,1.no Sarpsborg 08,2002,1,0,23,0.3,0,0,0,0,0,0,0,0,0.0,0.0,0.0,0.0,0.0,Matches,ef301f96,0.0,0.0,0.0,0.0,23.0
863,Kento Shiogai,FW,jp Japan,21-113,1.de Wolfsburg,2005,1,0,7,0.1,0,0,0,0,0,0,0,0,0.0,0.0,0.0,0.0,0.0,Matches,6bc2fef7,0.0,0.0,0.0,0.0,7.0
864,Mostafa Shobeir,GK,eg Egypt,26-063,1.eg Al Ahly,2000,5,5,480,5.3,0,0,0,0,0,0,1,0,0.0,0.0,0.0,0.0,0.0,Matches,0cb1d2ba,0.0,0.0,0.0,0.0,480.0
865,Eldor Shomurodov,FW,uz Uzbekistan,31-018,1.tr Başakşehir,1995,3,3,269,3.0,1,0,1,1,0,0,0,0,0.33,0.0,0.33,0.33,0.33,Matches,57469b2d,4.0,2.0,4.0,0.0,269.0
866,Otabek Shukurov,MF,uz Uzbekistan,30-025,1.ae Baniyas FC,1996,3,3,237,2.6,0,0,0,0,0,0,0,0,0.0,0.0,0.0,0.0,0.0,Matches,62032a56,2.0,0.0,2.0,0.0,237.0
867,Nkosinathi Sibisi,DF,za South Africa,30-298,1.za Orlando Pirates,1995,1,1,90,1.0,0,0,0,0,0,0,1,0,0.0,0.0,0.0,0.0,0.0,Matches,932f8e2b,0.0,0.0,0.0,1.0,90.0
868,Kwasi Sibo,MF,gh Ghana,28-023,1.es Oviedo,1998,4,3,248,2.8,0,0,0,0,0,0,0,0,0.0,0.0,0.0,0.0,0.0,Matches,be834ad7,0.0,0.0,0.0,2.0,248.0
869,Niko Sigur,MF,ca Canada,22-311,1.hr Hajduk Split,2003,3,1,126,1.4,0,0,0,0,0,0,1,0,0.0,0.0,0.0,0.0,0.0,Matches,5c56986b,1.0,0.0,1.0,0.0,126.0
870,Bernardo Silva,MF,pt Portugal,31-341,1.eng Manchester City,1994,4,1,97,1.1,0,0,0,0,0,0,2,0,0.0,0.0,0.0,0.0,0.0,Matches,3eb22ec9,1.0,0.0,0.0,1.0,97.0
871,Éderson Silva,MF,br Brazil,27-010,1.it Atalanta,1999,2,0,22,0.2,0,0,0,0,0,0,0,0,0.0,0.0,0.0,0.0,0.0,Matches,a9202def,2.0,0.0,0.0,1.0,22.0
872,Giuliano Simeone,FW,ar Argentina,23-211,1.es Atlético Madrid,2002,2,2,141,1.6,0,0,0,0,0,0,0,0,0.0,0.0,0.0,0.0,0.0,Matches,a6536561,1.0,0.0,3.0,1.0,141.0
873,Dominique Simon,MF,ht Haiti,25-353,1.sk 1. FC Tatran Prešov B,2000,2,0,56,0.6,0,0,0,0,0,0,0,0,0.0,0.0,0.0,0.0,0.0,Matches,ffd8e8c5,1.0,1.0,1.0,1.0,56.0
874,Unai Simón,GK,es Spain,29-036,1.es Athletic Club,1997,7,7,630,7.0,0,0,0,0,0,0,0,0,0.0,0.0,0.0,0.0,0.0,Matches,5dcf3e90,0.0,0.0,0.0,0.0,630.0
875,Sarpreet Singh,MF,nz New Zealand,27-147,1.au Wellington,1999,3,3,209,2.3,0,0,0,0,0,0,1,0,0.0,0.0,0.0,0.0,0.0,Matches,4ba886c6,4.0,2.0,1.0,0.0,209.0
876,Wilfried Singo,DF,ci Côte d'Ivoire,25-204,1.tr Galatasaray,2000,2,2,171,1.9,0,1,1,0,0,0,0,0,0.0,0.53,0.53,0.0,0.53,Matches,8b609c34,2.0,0.0,0.0,4.0,171.0
877,Sphephelo Sithole,MF,za South Africa,27-136,1.pt Tondela,1999,3,3,229,2.5,0,0,0,0,0,0,0,1,0.0,0.0,0.0,0.0,0.0,Matches,33bcd4b3,0.0,0.0,5.0,5.0,229.0
878,Ellyes Skhiri,MFDF,tn Tunisia,31-068,1.de Frankfurt,1995,3,3,250,2.8,0,0,0,0,0,0,0,0,0.0,0.0,0.0,0.0,0.0,Matches,c2211709,0.0,0.0,1.0,2.0,250.0
879,Alexandr Sojka,MFDF,cz Czechia,23-106,1.cz Viktoria Plzeň,2003,3,2,141,1.6,0,1,1,0,0,0,0,0,0.0,0.64,0.64,0.0,0.64,Matches,765b7bfc,0.0,0.0,1.0,2.0,141.0
880,Ramón Sosa,FWMF,py Paraguay,26-320,1.br Palmeiras,1999,1,0,12,0.1,0,0,0,0,0,0,0,0,0.0,0.0,0.0,0.0,0.0,Matches,2d3417a1,0.0,0.0,0.0,0.0,12.0
881,Tomáš Souček,MF,cz Czechia,31-140,1.eng West Ham,1995,3,1,137,1.5,0,0,0,0,0,0,0,0,0.0,0.0,0.0,0.0,0.0,Matches,6613c819,1.0,0.0,0.0,1.0,137.0
882,Harry Souttar,DF,au Australia,27-268,2.eng Leicester City,1998,4,4,390,4.3,0,0,0,0,0,0,1,0,0.0,0.0,0.0,0.0,0.0,Matches,0a6cb1b1,1.0,1.0,0.0,4.0,390.0
883,Djibril Sow,MF,ch Switzerland,29-161,1.es Sevilla,1997,4,2,253,2.8,0,0,0,0,0,0,0,0,0.0,0.0,0.0,0.0,0.0,Matches,4c6facae,2.0,1.0,1.0,2.0,253.0
884,Çağlar Söyüncü,DF,tr Türkiye,30-055,1.tr Fenerbahçe,1996,1,0,7,0.1,0,0,0,0,0,0,0,0,0.0,0.0,0.0,0.0,0.0,Matches,21166ff4,0.0,0.0,0.0,0.0,7.0
885,Djed Spence,DF,eng England,25-342,1.eng Tottenham,2000,7,3,314,3.5,0,0,0,0,0,0,0,0,0.0,0.0,0.0,0.0,0.0,Matches,9bc9a519,2.0,2.0,10.0,5.0,314.0
886,Marko Stamenic,MF,nz New Zealand,24-148,2.eng Swansea City,2002,3,3,269,3.0,0,0,0,0,0,0,1,0,0.0,0.0,0.0,0.0,0.0,Matches,690d1049,3.0,0.0,1.0,4.0,269.0
887,Josip Stanišić,DFMF,hr Croatia,26-106,1.de Bayern Munich,2000,4,4,360,4.0,0,1,1,0,0,0,0,0,0.0,0.25,0.25,0.0,0.25,Matches,7ed08d5c,0.0,0.0,2.0,5.0,360.0
888,Carl Starfelt,DF,se Sweden,31-046,1.es Celta Vigo,1995,1,0,4,0.0,0,0,0,0,0,0,0,0,0.0,0.0,0.0,0.0,0.0,Matches,5cfec13d,0.0,0.0,0.0,0.0,4.0
889,Ross Stewart,FW,sct Scotland,30-006,2.eng Southampton,1996,1,0,2,0.0,0,0,0,0,0,0,0,0,0.0,0.0,0.0,0.0,0.0,Matches,18986367,0.0,0.0,0.0,0.0,2.0
890,Angelo Stiller,MF,de Germany,25-104,1.de Stuttgart,2001,1,0,45,0.5,0,0,0,0,0,0,0,0,0.0,0.0,0.0,0.0,0.0,Matches,3b1ed320,0.0,0.0,1.0,1.0,45.0
891,John Stones,DF,eng England,32-050,1.eng Manchester City,1994,5,3,330,3.7,0,0,0,0,0,0,0,0,0.0,0.0,0.0,0.0,0.0,Matches,5eecec3d,1.0,0.0,0.0,0.0,330.0
892,Jørgen Strand Larsen,FW,no Norway,26-161,1.eng Crystal Palace,2000,2,1,105,1.2,0,0,0,0,0,1,0,0,0.0,0.0,0.0,0.0,0.0,Matches,f553b2b3,2.0,1.0,0.0,0.0,105.0
893,Elliot Stroud,MF,se Sweden,24-025,1.se Mjällby,2002,4,2,166,1.8,0,0,0,0,0,0,0,0,0.0,0.0,0.0,0.0,0.0,Matches,ff11bdec,1.0,0.0,0.0,3.0,166.0
894,Luis Suárez,FW,co Colombia,28-227,1.pt Sporting CP,1997,5,3,331,3.7,0,1,1,0,0,0,1,0,0.0,0.27,0.27,0.0,0.27,Matches,eeba07f8,9.0,0.0,4.0,0.0,331.0
895,Luka Sučić,FWMF,hr Croatia,23-312,1.es Real Sociedad,2002,1,0,19,0.2,0,0,0,0,0,0,0,0,0.0,0.0,0.0,0.0,0.0,Matches,1e1378e1,1.0,0.0,0.0,0.0,19.0
896,Petar Sučić,MFFW,hr Croatia,22-265,1.it Inter,2003,4,3,289,3.2,1,1,2,1,0,0,1,0,0.31,0.31,0.62,0.31,0.62,Matches,23fb46ea,3.0,2.0,2.0,1.0,289.0
897,Yukinari Sugawara,MF,jp Japan,26-019,1.de Werder Bremen,2000,4,1,148,1.6,0,0,0,0,0,0,0,0,0.0,0.0,0.0,0.0,0.0,Matches,580bcd18,2.0,2.0,3.0,0.0,148.0
898,Rebin Sulaka,DF,iq Iraq,34-096,1.th Port FC,1992,2,1,43,0.5,0,0,0,0,0,0,0,1,0.0,0.0,0.0,0.0,0.0,Matches,928bec06,1.0,0.0,0.0,1.0,43.0
899,Pavel Šulc,FW,cz Czechia,25-200,1.fr Lyon,2000,3,2,189,2.1,0,0,0,0,0,0,0,0,0.0,0.0,0.0,0.0,0.0,Matches,e9b893af,2.0,0.0,2.0,0.0,189.0
900,Kamaldeen Sulemana,MFFW,gh Ghana,24-152,1.us Atlanta Utd,2002,2,2,127,1.4,0,0,0,0,0,0,0,0,0.0,0.0,0.0,0.0,0.0,Matches,a62f8bf1,1.0,0.0,2.0,1.0,127.0
901,Crysencio Summerville,FW,nl Netherlands,24-260,1.eng West Ham,2001,4,2,253,2.8,2,2,4,2,0,0,1,0,0.71,0.71,1.42,0.71,1.42,Matches,df04eb4b,2.0,2.0,2.0,2.0,253.0
902,Ivan Šunjić,MF,ba Bosnia–Herz,29-281,1.cy Pafos FC,1996,4,3,196,2.2,0,0,0,0,0,0,0,0,0.0,0.0,0.0,0.0,0.0,Matches,e18098de,1.0,1.0,3.0,0.0,196.0
903,Finn Surman,DF,nz New Zealand,22-297,1.us Portland Timbers,2003,3,3,270,3.0,1,0,1,1,0,0,0,0,0.33,0.0,0.33,0.33,0.33,Matches,016e419b,2.0,1.0,1.0,4.0,270.0
904,Josip Šutalo,DF,hr Croatia,26-139,1.nl Ajax,2000,4,4,360,4.0,0,0,0,0,0,0,0,0,0.0,0.0,0.0,0.0,0.0,Matches,33a6a650,1.0,0.0,4.0,6.0,360.0
905,Junnosuke Suzuki,DF,jp Japan,23-005,1.dk FC Copenhagen,2003,2,0,43,0.5,0,0,0,0,0,0,1,0,0.0,0.0,0.0,0.0,0.0,Matches,77428b1e,0.0,0.0,0.0,1.0,43.0
906,Yuito Suzuki,FWMF,jp Japan,24-265,1.de Freiburg,2001,1,0,12,0.1,0,0,0,0,0,0,0,0,0.0,0.0,0.0,0.0,0.0,Matches,c25a7a2a,0.0,0.0,1.0,0.0,12.0
907,Zion Suzuki,GK,jp Japan,23-330,1.it Parma,2002,4,4,360,4.0,0,0,0,0,0,0,0,0,0.0,0.0,0.0,0.0,0.0,Matches,51e1f4f5,0.0,0.0,0.0,0.0,360.0
908,Mattias Svanberg,MF,se Sweden,27-193,1.de Wolfsburg,1999,2,0,16,0.2,1,0,1,1,0,0,0,0,5.63,0.0,5.63,5.63,5.63,Matches,92d83c27,3.0,2.0,1.0,1.0,16.0
909,Daniel Svensson,DF,se Sweden,24-155,1.de Dortmund,2002,3,1,98,1.1,0,0,0,0,0,0,0,0,0.0,0.0,0.0,0.0,0.0,Matches,124c9382,1.0,0.0,2.0,1.0,98.0
910,Alexander Sørloth,FW,no Norway,30-224,1.es Atlético Madrid,1995,5,5,337,3.7,0,0,0,0,0,0,0,0,0.0,0.0,0.0,0.0,0.0,Matches,e92cd3f7,5.0,0.0,1.0,0.0,337.0
911,Musa Al-Taamari,FW,jo Jordan,29-037,1.fr Rennes,1997,3,2,215,2.4,1,1,2,1,0,0,0,0,0.42,0.42,0.84,0.42,0.84,Matches,f15f8b2b,8.0,3.0,0.0,0.0,215.0
912,Haris Tabaković,FW,ba Bosnia–Herz,32-027,2.de Schalke 04,1994,1,0,16,0.2,0,0,0,0,0,0,0,0,0.0,0.0,0.0,0.0,0.0,Matches,723b19c7,0.0,0.0,0.0,0.0,16.0
913,Lee Tae-seok,MF,kr Korea Republic,23-354,1.at Austria Wien,2002,2,2,113,1.3,0,0,0,0,0,0,0,0,0.0,0.0,0.0,0.0,0.0,Matches,32257cce,0.0,0.0,3.0,0.0,113.0
914,Nicolás Tagliafico,DF,ar Argentina,33-320,1.fr Lyon,1992,6,4,356,4.0,0,0,0,0,0,0,0,0,0.0,0.0,0.0,0.0,0.0,Matches,f0661424,0.0,0.0,4.0,6.0,356.0
915,Jonathan Tah,DF,de Germany,30-156,1.de Bayern Munich,1996,4,4,372,4.1,0,0,0,0,0,0,0,0,0.0,0.0,0.0,0.0,0.0,Matches,bd142efb,1.0,1.0,3.0,1.0,372.0
916,Benjamin Tahirovic,MF,ba Bosnia–Herz,23-136,1.dk Brøndby,2003,4,2,237,2.6,0,0,0,0,0,0,0,0,0.0,0.0,0.0,0.0,0.0,Matches,eb3022c3,1.0,0.0,4.0,4.0,237.0
917,Zaid Tahseen,DF,iq Iraq,25-169,1.uz Pakhtakor Tashkent FK,2001,2,2,149,1.7,0,0,0,0,0,0,1,0,0.0,0.0,0.0,0.0,0.0,Matches,f3380f7e,2.0,0.0,1.0,0.0,149.0
918,Chemsdine Talbi,MF,ma Morocco,21-069,1.eng Sunderland,2005,5,1,179,2.0,0,1,1,0,0,0,0,0,0.0,0.5,0.5,0.0,0.5,Matches,47ce793b,2.0,0.0,2.0,2.0,179.0
919,Montassar Talbi,DF,tn Tunisia,28-052,1.fr Lorient,1998,3,3,270,3.0,0,0,0,0,0,0,0,0,0.0,0.0,0.0,0.0,0.0,Matches,a4a44eb0,1.0,0.0,2.0,5.0,270.0
920,Hassan Al Tambakti,DF,sa Saudi Arabia,27-158,1.sa Al-Hilal,1999,3,3,212,2.4,0,0,0,0,0,0,0,0,0.0,0.0,0.0,0.0,0.0,Matches,6d78c320,0.0,0.0,3.0,3.0,212.0
921,Ao Tanaka,MF,jp Japan,27-310,1.eng Leeds United,1998,3,2,193,2.1,0,0,0,0,0,0,0,0,0.0,0.0,0.0,0.0,0.0,Matches,1d36d6b6,2.0,0.0,6.0,1.0,193.0
922,Shogo Taniguchi,DF,jp Japan,35-002,1.be Sint-Truiden,1991,3,2,232,2.6,0,0,0,0,0,0,1,0,0.0,0.0,0.0,0.0,0.0,Matches,828a9c47,0.0,0.0,0.0,1.0,232.0
923,Mehdi Taremi,FW,ir IR Iran,33-364,1.gr Olympiacos,1992,3,3,259,2.9,0,0,0,0,0,1,0,0,0.0,0.0,0.0,0.0,0.0,Matches,4c2a5d34,5.0,2.0,2.0,2.0,259.0
924,Aurélien Tchouaméni,MF,fr France,26-171,1.es Real Madrid,2000,4,4,360,4.0,0,1,1,0,0,0,1,0,0.0,0.25,0.25,0.0,0.25,Matches,4f255115,3.0,0.0,14.0,6.0,360.0
925,Arthur Theate,DF,be Belgium,26-053,1.de Frankfurt,2000,3,2,228,2.5,0,0,0,0,0,0,0,0,0.0,0.0,0.0,0.0,0.0,Matches,df8d6029,5.0,1.0,0.0,3.0,228.0
926,Igor Thiago,FW,br Brazil,25-021,1.eng Brentford,2001,1,1,61,0.7,0,0,0,0,0,0,0,0,0.0,0.0,0.0,0.0,0.0,Matches,dc45ac24,2.0,1.0,1.0,0.0,61.0
927,Malick Thiaw,DFMF,de Germany,24-343,1.eng Newcastle,2001,2,0,42,0.5,0,0,0,0,0,0,0,0,0.0,0.0,0.0,0.0,0.0,Matches,ff5ea0bf,0.0,0.0,2.0,0.0,42.0
928,Ryan Thomas,MF,nz New Zealand,31-209,1.nl Zwolle,1994,3,1,83,0.9,0,0,0,0,0,0,0,0,0.0,0.0,0.0,0.0,0.0,Matches,95efdac2,0.0,0.0,2.0,0.0,83.0
929,Brandon Thomas-Asante,FWMF,gh Ghana,27-200,2.eng Coventry City,1998,2,0,53,0.6,0,0,0,0,0,0,0,0,0.0,0.0,0.0,0.0,0.0,Matches,fb152f96,1.0,0.0,0.0,0.0,53.0
930,Morten Thorsby,MF,no Norway,30-073,1.it Cremonese,1996,1,0,45,0.5,0,0,0,0,0,0,0,0,0.0,0.0,0.0,0.0,0.0,Matches,d1b49282,0.0,0.0,1.0,1.0,45.0
931,Kristian Thorstvedt,MF,no Norway,27-126,1.it Sassuolo,1999,2,1,63,0.7,0,0,0,0,0,0,0,0,0.0,0.0,0.0,0.0,0.0,Matches,76ff8d0d,3.0,1.0,1.0,0.0,63.0
932,Marcus Thuram,FWMF,fr France,28-345,1.it Inter,1997,1,0,1,0.0,0,0,0,0,0,0,0,0,0.0,0.0,0.0,0.0,0.0,Matches,6f8cd6d0,0.0,0.0,0.0,0.0,1.0
933,Youri Tielemans,MF,be Belgium,29-071,1.eng Aston Villa,1997,5,5,474,5.3,2,0,2,1,1,1,0,0,0.38,0.0,0.38,0.19,0.19,Matches,56f7a928,11.0,3.0,6.0,2.0,474.0
934,Kieran Tierney,MF,sct Scotland,29-042,1.sct Celtic,1997,2,1,104,1.2,0,0,0,0,0,0,0,0,0.0,0.0,0.0,0.0,0.0,Matches,fce2302c,2.0,0.0,1.0,2.0,104.0
935,Guus Til,FWMF,nl Netherlands,28-207,1.nl PSV,1997,1,0,32,0.4,0,0,0,0,0,0,0,0,0.0,0.0,0.0,0.0,0.0,Matches,6e44569a,0.0,0.0,0.0,0.0,32.0
936,Malik Tillman,MF,us United States,24-050,1.de Leverkusen,2002,5,4,356,4.0,2,1,3,2,0,0,1,0,0.51,0.25,0.76,0.51,0.76,Matches,a5420709,8.0,4.0,7.0,5.0,356.0
937,Quinten Timber,MF,nl Netherlands,25-030,1.fr Marseille,2001,2,0,55,0.6,0,0,0,0,0,0,0,0,0.0,0.0,0.0,0.0,0.0,Matches,803e7aca,0.0,0.0,0.0,1.0,55.0
938,Takehiro Tomiyasu,DF,jp Japan,27-254,1.nl Ajax,1998,3,2,184,2.0,0,0,0,0,0,0,0,0,0.0,0.0,0.0,0.0,0.0,Matches,b3af9be1,1.0,0.0,1.0,2.0,184.0
939,Ivan Toney,FW,eng England,30-123,1.sa Al-Ahli,1996,1,0,1,0.0,0,0,0,0,0,0,0,0,0.0,0.0,0.0,0.0,0.0,Matches,e09f279b,2.0,1.0,0.0,0.0,1.0
940,Mehdi Torabi,MF,ir IR Iran,31-310,1.ir Tractor,1994,1,0,25,0.3,0,0,0,0,0,0,0,0,0.0,0.0,0.0,0.0,0.0,Matches,74567feb,0.0,0.0,0.0,1.0,25.0
941,Félix Torres Caicedo,DF,ec Ecuador,29-187,1.br Internacional,1997,1,0,6,0.1,0,0,0,0,0,0,0,0,0.0,0.0,0.0,0.0,0.0,Matches,c0a8860f,0.0,0.0,0.0,0.0,6.0
942,Ferrán Torres,FW,es Spain,26-138,1.es Barcelona,2000,7,1,229,2.5,0,1,1,0,0,0,1,0,0.0,0.39,0.39,0.0,0.39,Matches,9e1035f8,,,,,229.0
943,Sebastian Tounekti,FW,tn Tunisia,24-004,1.sct Celtic,2002,3,1,84,0.9,0,0,0,0,0,0,0,0,0.0,0.0,0.0,0.0,0.0,Matches,584fee1f,0.0,0.0,0.0,0.0,84.0
944,Bazoumana Touré,MF,ci Côte d'Ivoire,20-137,1.de Hoffenheim,2006,3,1,80,0.9,0,0,0,0,0,0,0,0,0.0,0.0,0.0,0.0,0.0,Matches,93945a50,0.0,0.0,1.0,0.0,80.0
945,Mo Touré,FW,au Australia,22-113,2.eng Norwich City,2004,3,2,165,1.8,0,0,0,0,0,0,0,0,0.0,0.0,0.0,0.0,0.0,Matches,8ac64b4e,4.0,1.0,1.0,0.0,165.0
946,Kai Trewin,DFMF,au Australia,25-060,1.us NYCFC,2001,1,0,75,0.8,0,0,0,0,0,0,0,0,0.0,0.0,0.0,0.0,0.0,Matches,1ab3d134,1.0,0.0,0.0,2.0,75.0
947,Trézéguet,MF,eg Egypt,31-289,1.eg Al Ahly,1994,4,1,164,1.8,1,1,2,1,0,0,0,0,0.55,0.55,1.1,0.55,1.1,Matches,3ae14ed1,8.0,3.0,0.0,1.0,164.0
948,Francisco Trincão,FWMF,pt Portugal,26-200,1.pt Sporting CP,1999,1,0,28,0.3,0,0,0,0,0,0,0,0,0.0,0.0,0.0,0.0,0.0,Matches,77e39b04,1.0,0.0,1.0,0.0,28.0
949,Leandro Trossard,MFFW,be Belgium,31-225,1.eng Arsenal,1994,6,6,506,5.6,2,2,4,2,0,0,0,0,0.36,0.36,0.71,0.36,0.71,Matches,38ceb24a,17.0,3.0,1.0,4.0,506.0
950,Auston Trusty,DF,us United States,27-339,1.sct Celtic,1998,2,1,101,1.1,1,0,1,1,0,0,0,0,0.89,0.0,0.89,0.89,0.89,Matches,cddf767b,3.0,2.0,1.0,4.0,101.0
951,Axel Tuanzebe,DF,cd Congo DR,28-245,1.eng Burnley,1997,4,4,360,4.0,0,0,0,0,0,0,0,0,0.0,0.0,0.0,0.0,0.0,Matches,2baec6ce,0.0,0.0,2.0,1.0,360.0
952,Matt Turner,GK,us United States,32-023,1.us NE Revolution,1994,1,1,90,1.0,0,0,0,0,0,0,0,0,0.0,0.0,0.0,0.0,0.0,Matches,4a51ba65,0.0,0.0,0.0,0.0,90.0
953,Ayase Ueda,FW,jp Japan,27-310,1.nl Feyenoord,1998,4,4,321,3.6,2,1,3,2,0,0,0,0,0.56,0.28,0.84,0.56,0.84,Matches,c0295327,9.0,4.0,1.0,0.0,321.0
954,Manuel Ugarte,MF,uy Uruguay,25-097,1.eng Manchester Utd,2001,3,3,184,2.0,0,0,0,0,0,0,0,0,0.0,0.0,0.0,0.0,0.0,Matches,c9817014,3.0,1.0,1.0,3.0,184.0
955,Deniz Undav,FW,de Germany,29-363,1.de Stuttgart,1996,4,1,151,1.7,3,2,5,3,0,0,0,0,1.79,1.19,2.98,1.79,2.98,Matches,dd549382,6.0,4.0,0.0,0.0,151.0
956,Dayot Upamecano,DF,fr France,27-263,1.de Bayern Munich,1998,7,7,615,6.8,0,0,0,0,0,0,0,0,0.0,0.0,0.0,0.0,0.0,Matches,d248cd8f,4.0,2.0,12.0,15.0,615.0
957,Jakhongir Urozov,DF,uz Uzbekistan,22-180,1.uz FK Dinamo Samarqand,2004,2,1,95,1.1,0,0,0,0,0,0,0,0,0.0,0.0,0.0,0.0,0.0,Matches,71210bed,0.0,0.0,0.0,1.0,95.0
958,Oston Urunov,MF,uz Uzbekistan,25-210,1.ir Persepolis,2000,2,1,63,0.7,0,0,0,0,0,0,0,0,0.0,0.0,0.0,0.0,0.0,Matches,56521adf,0.0,0.0,0.0,1.0,63.0
959,Can Uzun,MF,tr Türkiye,20-248,1.de Frankfurt,2005,2,0,38,0.4,0,1,1,0,0,0,0,0,0.0,2.37,2.37,0.0,2.37,Matches,1d0b134a,4.0,1.0,0.0,0.0,38.0
960,Enner Valencia,FW,ec Ecuador,36-255,1.mx Pachuca,1989,4,4,287,3.2,0,0,0,0,0,0,0,0,0.0,0.0,0.0,0.0,0.0,Matches,fb485406,10.0,6.0,1.0,0.0,287.0
961,Yan Valery,DF,tn Tunisia,27-145,1.ch Young Boys,1999,3,3,251,2.8,0,0,0,0,0,0,0,0,0.0,0.0,0.0,0.0,0.0,Matches,531a4aa8,0.0,0.0,1.0,4.0,251.0
962,Federico Valverde,MF,uy Uruguay,27-360,1.es Real Madrid,1998,3,3,236,2.6,0,0,0,0,0,0,0,0,0.0,0.0,0.0,0.0,0.0,Matches,0959c2a2,10.0,2.0,2.0,3.0,236.0
963,Virgil van Dijk,DF,nl Netherlands,35-009,1.eng Liverpool,1991,4,4,390,4.3,1,1,2,1,0,0,0,0,0.23,0.23,0.46,0.23,0.46,Matches,e06683ca,2.0,2.0,1.0,3.0,390.0
964,Hans Vanaken,MF,be Belgium,33-327,1.be Club Brugge,1992,6,3,319,3.5,1,2,3,1,0,0,0,0,0.28,0.56,0.85,0.28,0.85,Matches,392a7aea,5.0,1.0,1.0,1.0,319.0
965,Guillermo Varela,DF,uy Uruguay,33-115,1.br Flamengo,1993,3,3,270,3.0,0,0,0,0,0,0,1,0,0.0,0.0,0.0,0.0,0.0,Matches,5c961282,2.0,0.0,1.0,7.0,270.0
966,Hélio Varela,FW,cv Cabo Verde,24-075,1.il Maccabi Tel Aviv,2002,3,0,104,1.2,1,0,1,1,0,0,0,0,0.87,0.0,0.87,0.87,0.87,Matches,91c99fec,3.0,1.0,0.0,0.0,104.0
967,Camilo Vargas,GK,co Colombia,37-130,1.mx Atlas,1989,5,5,480,5.3,0,0,0,0,0,0,0,0,0.0,0.0,0.0,0.0,0.0,Matches,004e3d0f,0.0,0.0,0.0,0.0,480.0
968,Obed Vargas,MF,mx Mexico,20-346,1.es Atlético Madrid,2005,3,0,66,0.7,0,0,0,0,0,0,0,0,0.0,0.0,0.0,0.0,0.0,Matches,9cc1fde4,1.0,1.0,2.0,1.0,66.0
969,Ruben Vargas,MF,ch Switzerland,27-346,1.es Sevilla,1998,6,3,284,3.2,2,1,3,2,0,0,0,0,0.63,0.32,0.95,0.63,0.95,Matches,6ecbddf6,6.0,4.0,2.0,2.0,284.0
970,Nikola Vasilj,GK,ba Bosnia–Herz,30-227,1.de St Pauli,1995,4,4,360,4.0,0,0,0,0,0,0,0,0,0.0,0.0,0.0,0.0,0.0,Matches,f038585f,0.0,0.0,0.0,0.0,360.0
971,Johan Vásquez,DF,mx Mexico,27-268,1.it Genoa,1998,4,4,360,4.0,0,0,0,0,0,0,1,0,0.0,0.0,0.0,0.0,0.0,Matches,5eaed77a,1.0,0.0,1.0,2.0,360.0
972,Alexis Vega,FWMF,mx Mexico,28-234,1.mx Toluca,1997,1,0,12,0.1,0,0,0,0,0,0,0,0,0.0,0.0,0.0,0.0,0.0,Matches,f40f4c38,0.0,0.0,0.0,0.0,12.0
973,Renato Veiga,DF,pt Portugal,22-353,1.es Villarreal,2003,5,5,450,5.0,0,0,0,0,0,0,2,0,0.0,0.0,0.0,0.0,0.0,Matches,fc8fcbd1,2.0,0.0,1.0,6.0,450.0
974,Gustavo Velásquez,DF,py Paraguay,35-091,1.py Cerro Porteño,1991,5,2,246,2.7,0,0,0,0,0,0,0,0,0.0,0.0,0.0,0.0,0.0,Matches,b99b4cf5,0.0,0.0,1.0,1.0,246.0
975,Nishan Velupillay,MF,au Australia,25-071,1.au Melb. Victory,2001,2,1,75,0.8,0,0,0,0,0,0,0,0,0.0,0.0,0.0,0.0,0.0,Matches,40cb6b33,0.0,0.0,1.0,0.0,75.0
976,Micky van de Ven,DFMF,nl Netherlands,25-089,1.eng Tottenham,2001,3,3,265,2.9,0,0,0,0,0,0,1,0,0.0,0.0,0.0,0.0,0.0,Matches,8fe2a392,3.0,1.0,3.0,2.0,265.0
977,Bart Verbruggen,GK,nl Netherlands,23-333,1.eng Brighton,2002,4,4,390,4.3,0,0,0,0,0,0,0,0,0.0,0.0,0.0,0.0,0.0,Matches,cf134113,0.0,0.0,0.0,0.0,390.0
978,Matías Viña,DF,uy Uruguay,28-250,1.br Flamengo,1997,1,1,45,0.5,0,0,0,0,0,0,0,0,0.0,0.0,0.0,0.0,0.0,Matches,08eb3b58,0.0,0.0,0.0,0.0,45.0
979,Federico Viñas,FW,uy Uruguay,28-017,1.es Oviedo,1998,3,2,192,2.1,0,0,0,0,0,0,0,0,0.0,0.0,0.0,0.0,0.0,Matches,d30c7094,6.0,3.0,2.0,1.0,192.0
980,Denis Višinský,FW,cz Czechia,23-118,1.cz Viktoria Plzeň,2003,1,1,55,0.6,0,0,0,0,0,0,0,0,0.0,0.0,0.0,0.0,0.0,Matches,d5aac0e9,3.0,0.0,0.0,0.0,55.0
981,Pedro Vite,MF,ec Ecuador,24-130,1.mx UNAM,2002,4,4,360,4.0,0,1,1,0,0,0,0,0,0.0,0.25,0.25,0.0,0.25,Matches,9c146b36,4.0,1.0,11.0,5.0,360.0
982,Vitinha,MF,pt Portugal,26-154,1.fr PSG,2000,5,5,376,4.2,0,0,0,0,0,0,0,0,0.0,0.0,0.0,0.0,0.0,Matches,3b029691,4.0,0.0,0.0,2.0,376.0
983,Nikola Vlašić,MF,hr Croatia,28-286,1.it Torino,1997,3,2,189,2.1,1,0,1,1,0,0,0,0,0.48,0.0,0.48,0.48,0.48,Matches,aa8e289e,3.0,1.0,2.0,1.0,189.0
984,Cristian Volpato,MF,au Australia,22-244,1.it Sassuolo,2003,3,2,160,1.8,0,0,0,0,0,0,0,0,0.0,0.0,0.0,0.0,0.0,Matches,72f87f25,4.0,1.0,1.0,0.0,160.0
985,Vozinha,GK,cv Cabo Verde,40-044,2.pt Chaves,1986,4,4,390,4.3,0,0,0,0,0,0,0,0,0.0,0.0,0.0,0.0,0.0,Matches,dc04ac24,0.0,0.0,0.0,0.0,390.0
986,Francis de Vries,DF,nz New Zealand,31-231,1.au Auckland FC,1994,2,0,18,0.2,0,0,0,0,0,0,0,0,0.0,0.0,0.0,0.0,0.0,Matches,90a63dda,0.0,0.0,0.0,1.0,18.0
987,Luka Vušković,DF,hr Croatia,19-143,1.de Hamburger SV,2007,1,1,65,0.7,0,0,0,0,0,0,0,0,0.0,0.0,0.0,0.0,0.0,Matches,fd6bdbce,0.0,0.0,0.0,1.0,65.0
988,Elye Wahi,FW,ci Côte d'Ivoire,23-196,1.fr Nice,2003,3,1,110,1.2,0,0,0,0,0,0,0,0,0.0,0.0,0.0,0.0,0.0,Matches,0d7b6576,3.0,2.0,1.0,0.0,110.0
989,Aaron Wan-Bissaka,DF,cd Congo DR,28-233,1.eng West Ham,1997,4,4,354,3.9,0,0,0,0,0,0,0,0,0.0,0.0,0.0,0.0,0.0,Matches,9e525177,0.0,0.0,4.0,7.0,354.0
990,Paul Wanner,MF,at Austria,20-206,1.nl PSV,2005,4,2,234,2.6,0,0,0,0,0,0,0,0,0.0,0.0,0.0,0.0,0.0,Matches,cb64672e,1.0,0.0,1.0,2.0,234.0
991,Tsuyoshi Watanabe,DF,jp Japan,29-162,1.nl Feyenoord,1997,2,1,90,1.0,0,0,0,0,0,0,0,0,0.0,0.0,0.0,0.0,0.0,Matches,d5f5955a,0.0,0.0,2.0,0.0,90.0
992,Cecilio Waterman,FW,pa Panama,35-095,1.cl U Concepción,1991,2,1,76,0.8,0,0,0,0,0,0,0,0,0.0,0.0,0.0,0.0,0.0,Matches,ddd5637f,2.0,1.0,0.0,0.0,76.0
993,Ollie Watkins,FWMF,eng England,30-199,1.eng Aston Villa,1995,1,0,7,0.1,0,0,0,0,0,0,0,0,0.0,0.0,0.0,0.0,0.0,Matches,aed3a70f,1.0,0.0,1.0,0.0,7.0
994,Timothy Weah,MF,us United States,26-145,1.fr Marseille,2000,2,1,76,0.8,0,0,0,0,0,0,0,0,0.0,0.0,0.0,0.0,0.0,Matches,8eec784d,2.0,0.0,0.0,0.0,76.0
995,Wout Weghorst,FW,nl Netherlands,33-344,1.nl Ajax,1992,1,0,50,0.6,0,0,0,0,0,0,0,0,0.0,0.0,0.0,0.0,0.0,Matches,c4e87b8b,0.0,0.0,1.0,0.0,50.0
996,Jacob Widell Zetterström,GK,se Sweden,28-006,2.eng Derby County,1998,2,2,180,2.0,0,0,0,0,0,0,0,0,0.0,0.0,0.0,0.0,0.0,Matches,ac5120d8,0.0,0.0,0.0,0.0,180.0
997,Silvan Widmer,DF,ch Switzerland,33-134,1.de Mainz 05,1993,5,1,175,1.9,0,0,0,0,0,0,0,0,0.0,0.0,0.0,0.0,0.0,Matches,f68b64fc,0.0,0.0,4.0,1.0,175.0
998,Iñaki Williams,MFFW,gh Ghana,32-032,1.es Athletic Club,1994,2,2,126,1.4,0,0,0,0,0,0,1,0,0.0,0.0,0.0,0.0,0.0,Matches,6a99e0b1,3.0,0.0,0.0,1.0,126.0
999,Nico Williams,MF,es Spain,24-005,1.es Athletic Club,2002,5,0,67,0.7,0,0,0,0,0,0,0,0,0.0,0.0,0.0,0.0,0.0,Matches,afdc14d7,4.0,2.0,1.0,1.0,67.0
1000,Ronwen Williams,GK,za South Africa,34-177,1.za Sundowns,1992,4,4,360,4.0,0,0,0,0,0,0,0,0,0.0,0.0,0.0,0.0,0.0,Matches,a66cc153,0.0,0.0,0.0,1.0,360.0
1001,Patrick Wimmer,FWMF,at Austria,25-048,1.de Wolfsburg,2001,2,0,21,0.2,0,0,0,0,0,0,0,0,0.0,0.0,0.0,0.0,0.0,Matches,cb11b429,1.0,0.0,0.0,2.0,21.0
1002,Florian Wirtz,MF,de Germany,23-075,1.eng Liverpool,2003,4,4,361,4.0,0,3,3,0,0,0,0,0,0.0,0.75,0.75,0.0,0.75,Matches,e7fcf289,10.0,1.0,6.0,2.0,361.0
1003,Yoane Wissa,FW,cd Congo DR,29-317,1.eng Newcastle,1996,4,4,360,4.0,3,0,3,2,1,1,0,0,0.75,0.0,0.75,0.5,0.5,Matches,2500cef9,11.0,3.0,1.0,0.0,360.0
1004,Axel Witsel,DFMF,be Belgium,37-186,1.es Girona,1989,2,0,33,0.4,0,0,0,0,0,0,1,0,0.0,0.0,0.0,0.0,0.0,Matches,5dfc6ad5,0.0,0.0,0.0,0.0,33.0
1005,Nick Woltemade,FWMF,de Germany,24-153,1.eng Newcastle,2002,1,0,33,0.4,0,0,0,0,0,0,0,0,0.0,0.0,0.0,0.0,0.0,Matches,7ca196eb,2.0,0.0,1.0,0.0,33.0
1006,Chris Wood,FW,nz New Zealand,34-222,1.eng Nottingham,1991,3,3,270,3.0,0,2,2,0,0,0,0,0,0.0,0.67,0.67,0.0,0.67,Matches,4e9a0555,5.0,2.0,1.0,0.0,270.0
1007,Haji Wright,FWMF,us United States,28-112,2.eng Coventry City,1998,2,0,2,0.0,0,0,0,0,0,0,0,0,0.0,0.0,0.0,0.0,0.0,Matches,91cd37b7,0.0,0.0,0.0,0.0,2.0
1008,Granit Xhaka,MF,ch Switzerland,33-293,1.eng Sunderland,1992,6,6,600,6.7,1,0,1,0,1,1,2,0,0.15,0.0,0.15,0.0,0.0,Matches,e61b8aee,9.0,2.0,4.0,4.0,600.0
1009,Kevin Yakob,MF,iq Iraq,25-280,1.dk AGF,2000,1,0,24,0.3,0,0,0,0,0,0,0,0,0.0,0.0,0.0,0.0,0.0,Matches,18d3b8df,1.0,0.0,0.0,1.0,24.0
1010,Lamine Yamal,MFFW,es Spain,19-004,1.es Barcelona,2007,7,6,494,5.5,1,0,1,1,0,0,0,0,0.18,0.0,0.18,0.18,0.18,Matches,82ec26c1,27.0,12.0,9.0,2.0,494.0
1011,Yannick,MF,cv Cabo Verde,30-200,2.pt Farense,1995,2,0,32,0.4,0,1,1,0,0,0,0,0,0.0,2.81,2.81,0.0,2.81,Matches,6246aa55,1.0,0.0,1.0,2.0,32.0
1012,Gessime Yassine,MF,ma Morocco,20-237,1.fr Strasbourg,2005,3,0,80,0.9,1,0,1,1,0,0,0,0,1.13,0.0,1.13,1.13,1.13,Matches,f5ccae19,2.0,1.0,2.0,1.0,80.0
1013,John Yeboah,MF,ec Ecuador,26-024,2.it Venezia,2000,4,4,311,3.5,0,0,0,0,0,0,0,0,0.0,0.0,0.0,0.0,0.0,Matches,8dfdc6c3,8.0,3.0,3.0,3.0,311.0
1014,Tete Yengi,FW,au Australia,25-231,1.jp Machida Zelvia,2000,2,0,24,0.3,0,0,0,0,0,0,0,0,0.0,0.0,0.0,0.0,0.0,Matches,1c215c70,1.0,1.0,2.0,0.0,24.0
1015,Kenan Yıldız,MF,tr Türkiye,21-074,1.it Juventus,2005,3,2,218,2.4,0,0,0,0,0,0,0,0,0.0,0.0,0.0,0.0,0.0,Matches,d8cda243,14.0,1.0,2.0,1.0,218.0
1016,Caleb Yirenkyi,MF,gh Ghana,20-183,1.dk Nordsjælland,2006,4,3,264,2.9,1,0,1,1,0,0,2,0,0.34,0.0,0.34,0.34,0.34,Matches,d40ce7b0,2.0,1.0,1.0,3.0,264.0
1017,Seol Young-woo,MF,kr Korea Republic,27-224,1.rs Red Star,1998,3,3,250,2.8,0,0,0,0,0,0,0,0,0.0,0.0,0.0,0.0,0.0,Matches,8e577e1d,2.0,0.0,0.0,1.0,250.0
1018,Manaf Younis,DF,iq Iraq,29-243,1.iq Al-Shorta,1996,1,0,75,0.8,0,0,0,0,0,0,0,0,0.0,0.0,0.0,0.0,0.0,Matches,b798826e,0.0,0.0,1.0,1.0,75.0
1019,Aria Yousefi,MF,ir IR Iran,24-086,1.ir Sepahan,2002,1,1,45,0.5,0,0,0,0,0,0,0,0,0.0,0.0,0.0,0.0,0.0,Matches,fd069512,1.0,1.0,0.0,1.0,45.0
1020,Ali Yousif,FW,iq Iraq,30-179,1.iq Al-Talaba,1996,1,0,33,0.4,0,0,0,0,0,0,0,0,0.0,0.0,0.0,0.0,0.0,Matches,943fd50a,0.0,0.0,1.0,0.0,33.0
1021,İsmail Yüksek,MF,tr Türkiye,27-172,1.tr Fenerbahçe,1999,2,2,139,1.5,0,0,0,0,0,0,0,0,0.0,0.0,0.0,0.0,0.0,Matches,6c5af908,5.0,0.0,5.0,2.0,139.0
1022,Utkir Yusupov,GK,uz Uzbekistan,35-194,1.uz Navbahor,1991,1,1,90,1.0,0,0,0,0,0,0,0,0,0.0,0.0,0.0,0.0,0.0,Matches,31caffaf,0.0,0.0,0.0,0.0,90.0
1023,Warren Zaïre-Emery,DFMF,fr France,20-131,1.fr PSG,2006,1,0,20,0.2,0,0,0,0,0,0,0,0,0.0,0.0,0.0,0.0,0.0,Matches,6b9960cf,1.0,0.0,0.0,1.0,20.0
1024,Denis Zakaria,DF,ch Switzerland,29-239,1.fr Monaco,1996,4,4,357,4.0,0,0,0,0,0,0,2,0,0.0,0.0,0.0,0.0,0.0,Matches,384d58d9,5.0,2.0,5.0,9.0,357.0
1025,Jaroslav Zelený,MF,cz Czechia,33-331,1.cz Sparta Prague,1992,2,1,126,1.4,0,0,0,0,0,0,0,0,0.0,0.0,0.0,0.0,0.0,Matches,bc647827,1.0,0.0,0.0,0.0,126.0
1026,Alejandro Zendejas,FWMF,us United States,28-160,1.mx América,1998,1,0,14,0.2,0,0,0,0,0,0,0,0,0.0,0.0,0.0,0.0,0.0,Matches,d717b80e,1.0,0.0,1.0,0.0,14.0
1027,Besfort Zeneli,MF,se Sweden,23-238,1.be Union SG,2002,2,0,60,0.7,0,0,0,0,0,0,0,0,0.0,0.0,0.0,0.0,0.0,Matches,6be253bf,1.0,1.0,0.0,1.0,60.0
1028,Ramiz Zerrouki,MF,dz Algeria,28-052,1.nl Twente,1998,3,2,111,1.2,0,0,0,0,0,0,1,0,0.0,0.0,0.0,0.0,0.0,Matches,c762b1a6,0.0,0.0,1.0,2.0,111.0
1029,Luca Zidane,GK,dz Algeria,28-065,2.es Granada,1998,3,3,270,3.0,0,0,0,0,0,0,0,0,0.0,0.0,0.0,0.0,0.0,Matches,c818c4d9,0.0,0.0,0.0,0.0,270.0
1030,Mostafa Ziko,FWMF,eg Egypt,29-081,1.eg Pyramids FC,1997,5,5,370,4.1,2,1,3,2,0,0,0,0,0.49,0.24,0.73,0.49,0.73,Matches,68ff8437,8.0,3.0,4.0,2.0,370.0
1031,David Zima,DF,cz Czechia,25-251,1.cz Slavia Prague,2000,1,0,13,0.1,0,0,0,0,0,0,0,0,0.0,0.0,0.0,0.0,0.0,Matches,acf7e795,0.0,0.0,0.0,0.0,13.0
1032,Zizo,MF,eg Egypt,30-188,1.eg Al Ahly,1996,4,0,56,0.6,0,0,0,0,0,0,0,0,0.0,0.0,0.0,0.0,0.0,Matches,c6415ba9,3.0,1.0,1.0,0.0,56.0
1033,Themba Zwane,FWMF,za South Africa,36-348,1.za Sundowns,1989,1,0,23,0.3,0,0,0,0,0,0,0,1,0.0,0.0,0.0,0.0,0.0,Matches,c6f21aa8,0.0,0.0,0.0,0.0,23.0
1034,Martin Ødegaard,MF,no Norway,27-212,1.eng Arsenal,1998,5,5,470,5.2,0,4,4,0,0,0,0,0,0.0,0.77,0.77,0.0,0.77,Matches,79300479,9.0,3.0,4.0,3.0,470.0
1035,Leo Østigård,DF,no Norway,26-231,1.it Genoa,1999,5,1,146,1.6,1,0,1,1,0,0,0,0,0.62,0.0,0.62,0.62,0.62,Matches,b35a7399,3.0,1.0,3.0,1.0,146.0
