Rk,Player,Pos,Squad,Age,Club,Born,Playing Time_MP,Playing Time_Starts,Playing Time_Min,Playing Time_90s,Performance_Gls,Performance_Ast,Performance_G+A,Performance_G-PK,Performance_PK,Performance_PKatt,Performance_CrdY,Performance_CrdR,Per 90 Minutes_Gls,Per 90 Minutes_Ast,Per 90 Minutes_G+A,Per 90 Minutes_G-PK,Per 90 Minutes_G+A-PK,Matches,-additional_-9999,Standard_Sh,Standard_SoT,Performance_TklW,Performance_Int,Playing Time_Min_play,Score
1,Brenden Aaronson,MF,us United States,25-268,1.eng Leeds United,2000,1,1,0.1088534107402032,0.8,0.0,0.0,0,0,0,0,0,0,0.0,0.0,0.0,0.0,0.0,Matches,5bc43860,0.07317073170731708,0.043478260869565216,0.05,0.0,76.0,0.020885341074020323
2,Thelo Aasgaard,MF,no Norway,24-076,1.sct Rangers,2002,1,1,0.12917271407837447,1.0,0.125,0.0,1,1,0,0,0,0,1.0,0.0,1.0,1.0,1.0,Matches,c88a28b9,0.04878048780487805,0.043478260869565216,0.05,0.2,90.0,0.08041727140783746
3,Hamza Abdelkarim,FW,eg Egypt,18-197,4.es Barcelona B,2008,4,0,0.08563134978229318,0.7,0.0,0.0,0,0,0,0,0,0,0.0,0.0,0.0,0.0,0.0,Matches,057d8f12,0.0,0.0,0.0,0.0,60.0,0.0
4,Hossam Abdelmaguid,DF,eg Egypt,25-078,1.eg Zamalek SC,2001,2,0,0.08417997097242381,0.7,0.0,0.0,0,0,0,0,0,0,0.0,0.0,0.0,0.0,0.0,Matches,accbfc94,0.0,0.0,0.0,0.06666666666666667,59.0,0.0401693275278181
5,Mohamed Abdelmonem,DF,eg Egypt,27-166,1.fr Nice,1999,2,1,0.018867924528301886,0.2,0.0,0.0,0,0,0,0,0,0,0.0,0.0,0.0,0.0,0.0,Matches,bff15d74,0.0,0.0,0.0,0.0,14.0,0.0037735849056603774
6,Ali Abdi,DF,tn Tunisia,32-209,1.fr Nice,1993,3,3,0.3889695210449927,3.0,0.0,0.0,0,0,0,0,0,0,0.0,0.0,0.0,0.0,0.0,Matches,ad7cdb35,0.024390243902439025,0.0,0.4,0.26666666666666666,269.0,0.3511272375423319
7,Saud Abdulhamid,DF,sa Saudi Arabia,26-364,1.fr Lens,1999,3,3,0.3889695210449927,3.0,0.0,0.0,0,0,0,0,1,0,0.0,0.0,0.0,0.0,0.0,Matches,caa254e4,0.04878048780487805,0.0,0.45,0.13333333333333333,269.0,0.3269605708756652
8,Abdulla Abdullaev,DF,uz Uzbekistan,28-319,1.ae Dibba Al Fujairah,1997,2,2,0.2597968069666183,2.0,0.0,0.0,0,0,0,0,0,0,0.0,0.0,0.0,0.0,0.0,Matches,03053fbf,0.0,0.0,0.1,0.2,180.0,0.16695936139332365
9,Yusuf Abdurisag,FW,qa Qatar,26-345,1.qa Al-Wakrah,1999,2,2,0.14078374455732948,1.1,0.0,0.0,0,0,0,0,0,0,0.0,0.0,0.0,0.0,0.0,Matches,13c8f40b,0.0,0.0,0.1,0.06666666666666667,98.0,0.0
10,Husam Abu Dahab,DF,jo Jordan,26-065,1.kw Al-Salmiya SC,2000,2,2,0.25689404934687954,2.0,0.0,0.0,0,0,0,0,1,0,0.0,0.0,0.0,0.0,0.0,Matches,300aaeb6,0.0,0.0,0.15000000000000002,0.0,178.0,0.11887880986937593
11,Mohammad Abu Hasheesh,DF,jo Jordan,31-069,1.iq Al-Karma,1995,1,0,0.007256894049346879,0.1,0.0,0.0,0,0,0,0,0,0,0.0,0.0,0.0,0.0,0.0,Matches,72c2fa7a,0.0,0.0,0.1,0.0,6.0,0.04645137880986938
12,Mohannad Abu Taha,DF,jo Jordan,23-165,1.iq Al-Quwa Al-Jawiya,2003,3,3,0.38171262699564584,2.9,0.0,0.0,0,0,0,0,1,0,0.0,0.0,0.0,0.0,0.0,Matches,5c4bac6c,0.024390243902439025,0.0,0.1,0.4,264.0,0.26134252539912917
13,Mo Abualnadi,DF,jo Jordan,25-159,1.my Selangor FA,2001,1,1,0.10159651669085631,0.8,0.0,0.0,0,0,0,0,0,0,0.0,0.0,0.0,0.0,0.0,Matches,4bff62e4,0.0,0.0,0.0,0.0,71.0,0.020319303338171266
14,Yazeed Abulaila,GK,jo Jordan,33-190,1.jo Al-Hussein SC,1993,3,3,0.3904208998548621,3.0,0.0,0.0,0,0,0,0,0,0,0.0,0.0,0.0,0.0,0.0,Matches,5d11fc17,0.0,0.0,0.0,0.0,270.0,0.0
15,Mahmoud Abunada,GK,qa Qatar,26-162,1.qa Al Rayyan SC,2000,3,3,0.3904208998548621,3.0,0.0,0.0,0,0,0,0,1,0,0.0,0.0,0.0,0.0,0.0,Matches,27e7e545,0.0,0.0,0.0,0.0,270.0,0.0
16,Elias Achouri,FWMF,tn Tunisia,27-157,1.dk FC Copenhagen,1999,3,0,0.06095791001451379,0.5,0.0,0.0,0,0,0,0,0,0,0.0,0.0,0.0,0.0,0.0,Matches,4dd2a0be,0.07317073170731708,0.043478260869565216,0.1,0.0,43.0,0.026095791001451384
17,Ché Adams,FW,sct Scotland,30-004,1.it Torino,1996,3,2,0.20899854862119013,1.6,0.0,0.0,0,0,0,0,0,0,0.0,0.0,0.0,0.0,0.0,Matches,f2bf1b0f,0.024390243902439025,0.043478260869565216,0.05,0.0,145.0,0.011399787910922589
18,Jayden Adams,MF,za South Africa,25-073,1.za Sundowns,2001,3,2,0.16690856313497823,1.3,0.0,0.0,0,0,0,0,0,0,0.0,0.0,0.0,0.0,0.0,Matches,259affab,0.0,0.0,0.0,0.13333333333333333,116.0,0.030024189646831158
19,Tyler Adams,MF,us United States,27-153,1.eng Bournemouth,1999,4,4,0.4934687953555878,3.8,0.0,0.0,0,0,0,0,1,0,0.0,0.0,0.0,0.0,0.0,Matches,2b09d998,0.0,0.0,0.25,0.5333333333333333,341.0,0.1526802128688921
20,Ricardo Adé,DF,ht Haiti,36-057,1.ec LDU Quito,1990,3,3,0.3904208998548621,3.0,0.0,0.0,0,0,0,0,0,0,0.0,0.0,0.0,0.0,0.0,Matches,a9ee5e81,0.0975609756097561,0.043478260869565216,0.1,0.3333333333333333,270.0,0.23975084663763907
21,Ibrahim Adel,MF,eg Egypt,25-085,1.dk Nordsjælland,2001,1,0,0.0029027576197387514,0.0,0.0,0.0,0,0,0,0,0,0,0.0,0.0,0.0,0.0,0.0,Matches,4869216e,0.0,0.0,0.0,0.0,3.0,0.00029027576197387516
22,Simon Adingra,FWMF,ci Côte d'Ivoire,24-197,1.fr Monaco,2002,1,0,0.02177068214804064,0.2,0.0,0.0,0,0,0,0,0,0,0.0,0.0,0.0,0.0,0.0,Matches,4dcec659,0.0,0.0,0.0,0.0,16.0,0.0021770682148040637
23,Jonas Adjetey,DF,gh Ghana,22-216,1.de Wolfsburg,2003,3,3,0.3251088534107402,2.5,0.0,0.0,0,0,0,0,0,0,0.0,0.0,0.0,0.0,0.0,Matches,bdbf78cd,0.04878048780487805,0.043478260869565216,0.15000000000000002,0.06666666666666667,225.0,0.1558551040154814
24,Michel Aebischer,MFFW,ch Switzerland,29-192,1.it Pisa,1997,4,2,0.22496371552975328,1.7,0.0,0.0,0,0,0,0,0,0,0.0,0.0,0.0,0.0,0.0,Matches,f9c927de,0.04878048780487805,0.043478260869565216,0.05,0.0,156.0,0.03249637155297533
25,Akram Afif,FWMF,qa Qatar,29-241,1.qa Al Sadd,1996,3,3,0.3439767779390421,2.6,0.0,0.0,0,0,0,0,0,0,0.0,0.0,0.0,0.0,0.0,Matches,fd53d9e7,0.04878048780487805,0.0,0.05,0.0,238.0,0.04439767779390421
26,Emmanuel Agbadou,DF,ci Côte d'Ivoire,29-030,1.tr Beşiktaş,1997,3,3,0.3904208998548621,3.0,0.0,0.0,0,0,0,0,0,0,0.0,0.0,0.0,0.0,0.0,Matches,75f1ed80,0.07317073170731708,0.043478260869565216,0.30000000000000004,0.26666666666666666,270.0,0.3064175133043058
27,Rodrigo Aguirre,FW,uy Uruguay,31-289,1.mx América,1994,1,0,0.0,0.0,0.0,0.0,0,0,0,0,0,0,0.0,0.0,0.0,0.0,0.0,Matches,b5691f5d,0.0,0.0,0.0,0.0,1.0,0.0
28,Ali Ahmed,MF,ca Canada,25-280,2.eng Norwich City,2000,4,3,0.33817126269956455,2.6,0.0,0.0,0,0,0,0,0,0,0.0,0.0,0.0,0.0,0.0,Matches,540a5be1,0.04878048780487805,0.043478260869565216,0.1,0.2,234.0,0.07381712626995646
29,Homam Ahmed,DF,qa Qatar,26-326,2.es Cultural Leonesa,1999,2,2,0.1756168359941945,1.4,0.0,0.2,1,0,0,0,0,1,0.0,0.74,0.74,0.0,0.74,Matches,a62fa158,0.024390243902439025,0.0,0.05,0.2,122.0,0.1276233671988389
30,Rayan Aït-Nouri,DF,dz Algeria,25-041,1.eng Manchester City,2001,4,3,0.41074020319303334,3.2,0.0,0.0,0,0,0,0,0,0,0.0,0.0,0.0,0.0,0.0,Matches,9b398aea,0.024390243902439025,0.0,0.65,0.3333333333333333,284.0,0.4913147073052734
31,Kristoffer Ajer,DF,no Norway,28-091,1.eng Brentford,1998,5,5,0.6952104499274311,5.3,0.0,0.0,0,0,0,0,1,0,0.0,0.0,0.0,0.0,0.0,Matches,a8c0acb7,0.04878048780487805,0.043478260869565216,0.4,0.26666666666666666,480.0,0.41237542331881955
32,Manuel Akanji,DF,ch Switzerland,30-363,1.it Inter,1995,6,6,0.8693759071117562,6.7,0.0,0.0,0,0,0,0,0,0,0.0,0.0,0.0,0.0,0.0,Matches,89ac64a6,0.024390243902439025,0.043478260869565216,0.45,0.4,600.0,0.5163751814223513
33,Nathan Aké,DF,nl Netherlands,31-149,1.eng Manchester City,1995,3,2,0.24528301886792453,1.9,0.0,0.0,0,0,0,0,0,0,0.0,0.0,0.0,0.0,0.0,Matches,eaeca114,0.024390243902439025,0.0,0.0,0.26666666666666666,170.0,0.14238993710691822
34,Yunus Akgün,MF,tr Türkiye,26-010,1.tr Galatasaray,2000,2,1,0.1262699564586357,1.0,0.0,0.0,0,0,0,0,1,0,0.0,0.0,0.0,0.0,0.0,Matches,1453e3cf,0.0,0.0,0.0,0.0,88.0,0.012626995645863571
35,Maghnes Akliouche,MF,fr France,24-142,1.fr Monaco,2002,1,0,0.010159651669085631,0.1,0.0,0.0,0,0,0,0,0,0,0.0,0.0,0.0,0.0,0.0,Matches,b625b241,0.0,0.0,0.0,0.0,8.0,0.0010159651669085631
36,Kerem Aktürkoğlu,FW,tr Türkiye,27-269,1.tr Fenerbahçe,1998,2,2,0.18577648766328012,1.4,0.0,0.0,0,0,0,0,0,0,0.0,0.0,0.0,0.0,0.0,Matches,f28659fb,0.07317073170731708,0.043478260869565216,0.05,0.0,129.0,0.0211558854718982
37,Ahmed Alaaeldin,FW,qa Qatar,33-167,1.qa Al Rayyan SC,1993,2,0,0.06095791001451379,0.5,0.0,0.0,0,0,0,0,0,0,0.0,0.0,0.0,0.0,0.0,Matches,74fbbb3c,0.024390243902439025,0.043478260869565216,0.05,0.0,43.0,0.011399787910922589
38,David Alaba,DF,at Austria,34-023,1.es Real Madrid,1992,4,4,0.397677793904209,3.1,0.0,0.2,1,0,0,0,0,0,0.0,0.33,0.33,0.0,0.33,Matches,05439de2,0.04878048780487805,0.0,0.05,0.26666666666666666,275.0,0.19536889211417513
39,Kerim Alajbegović,MF,ba Bosnia–Herz,18-299,1.at RB Salzburg,2007,4,3,0.4005805515239477,3.1,0.125,0.0,1,1,0,0,0,0,0.32,0.0,0.32,0.32,0.32,Matches,f3d9291e,0.0975609756097561,0.043478260869565216,0.0,0.13333333333333333,277.0,0.09089138848572811
40,Jordy Alcivar,MF,ec Ecuador,26-346,1.ec Independiente,1999,1,1,0.06386066763425255,0.5,0.0,0.0,0,0,0,0,1,0,0.0,0.0,0.0,0.0,0.0,Matches,6e98c19f,0.024390243902439025,0.0,0.05,0.0,45.0,0.016386066763425258
41,Omar Alderete,DF,py Paraguay,29-203,1.eng Sunderland,1996,4,4,0.4629898403483309,3.6,0.0,0.0,0,0,0,0,0,0,0.0,0.0,0.0,0.0,0.0,Matches,bb08bce9,0.024390243902439025,0.0,0.0,0.13333333333333333,320.0,0.13926463473633285
42,Almoez Ali,FW,qa Qatar,29-332,1.qa Al Duhail SC,1996,1,0,0.026124818577648767,0.2,0.0,0.0,0,0,0,0,0,0,0.0,0.0,0.0,0.0,0.0,Matches,bae045a9,0.024390243902439025,0.043478260869565216,0.0,0.0,19.0,0.011399787910922589
43,Hussein Ali,DF,iq Iraq,24-138,1.pl Pogoń Szczecin,2002,2,2,0.23367198838896952,1.8,0.0,0.0,0,0,0,0,0,0,0.0,0.0,0.0,0.0,0.0,Matches,b8a919ad,0.024390243902439025,0.0,0.1,0.13333333333333333,162.0,0.1384010643444606
44,Mohanad Ali,FW,iq Iraq,26-027,1.ae Dibba Al Fujairah,2000,1,0,0.01741654571843251,0.1,0.0,0.0,0,0,0,0,0,0,0.0,0.0,0.0,0.0,0.0,Matches,f929049b,0.0,0.0,0.0,0.0,13.0,0.0
45,Taha Ali,FWMF,se Sweden,28-016,1.se Malmö,1998,2,0,0.05224963715529753,0.4,0.0,0.0,0,0,0,0,0,0,0.0,0.0,0.0,0.0,0.0,Matches,da4b8a4e,0.0,0.0,0.0,0.0,37.0,0.0052249637155297535
46,Khojiakbar Alijonov,MF,uz Uzbekistan,29-089,1.uz Pakhtakor Tashkent FK,1997,2,1,0.19448476052249639,1.5,0.0,0.0,0,0,0,0,0,0,0.0,0.0,0.0,0.0,0.0,Matches,e53cbd7a,0.0,0.0,0.1,0.3333333333333333,135.0,0.07278180938558299
47,Ali Alipour,FW,ir IR Iran,30-248,1.ir Persepolis,1995,1,0,0.05370101596516691,0.4,0.0,0.0,0,0,0,0,0,0,0.0,0.0,0.0,0.0,0.0,Matches,488ee64c,0.024390243902439025,0.0,0.05,0.06666666666666667,38.0,0.004878048780487806
48,Alisson,GK,br Brazil,33-288,1.eng Liverpool,1992,5,5,0.6516690856313498,5.0,0.0,0.0,0,0,0,0,0,0,0.0,0.0,0.0,0.0,0.0,Matches,7a2e46a8,0.0,0.0,0.0,0.0,450.0,0.0
49,Thiago Almada,MF,ar Argentina,25-082,1.es Atlético Madrid,2001,5,3,0.3483309143686502,2.7,0.0,0.0,0,0,0,0,1,0,0.0,0.0,0.0,0.0,0.0,Matches,27f33438,0.12195121951219512,0.08695652173913043,0.2,0.0,241.0,0.07483309143686503
50,Miguel Almirón,MFFW,py Paraguay,32-157,1.us Atlanta Utd,1994,4,4,0.4078374455732946,3.1,0.0,0.0,0,0,0,0,1,1,0.0,0.0,0.0,0.0,0.0,Matches,862a1c15,0.0975609756097561,0.0,0.35000000000000003,0.2,282.0,0.13078374455732947
51,Júnior Alonso,DF,py Paraguay,33-158,1.br Atlético Mineiro,1993,5,4,0.5645863570391872,4.3,0.0,0.0,0,0,0,0,1,0,0.0,0.0,0.0,0.0,0.0,Matches,b18a3023,0.07317073170731708,0.043478260869565216,0.45,0.26666666666666666,390.0,0.4087506047411708
52,Barış Alper Yılmaz,MFFW,tr Türkiye,26-055,1.tr Galatasaray,2000,3,2,0.2583454281567489,2.0,0.125,0.2,2,1,0,0,0,0,0.5,0.5,1.01,0.5,1.01,Matches,414b2ce4,0.04878048780487805,0.043478260869565216,0.0,0.0,179.0,0.1233345428156749
53,Roberto Alvarado,FWMF,mx Mexico,27-313,1.mx Guadalajara,1998,5,5,0.6197387518142236,4.8,0.0,0.6000000000000001,3,0,0,0,0,0,0.0,0.63,0.63,0.0,0.63,Matches,ff871e14,0.12195121951219512,0.0,0.15000000000000002,0.13333333333333333,428.0,0.2853072085147557
54,Edson Álvarez,MFDF,mx Mexico,28-266,1.eng West Ham,1997,4,2,0.3468795355587808,2.7,0.0,0.0,0,0,0,0,1,0,0.0,0.0,0.0,0.0,0.0,Matches,8b3ab7ad,0.04878048780487805,0.0,0.30000000000000004,0.2,240.0,0.2743759071117562
55,Julián Álvarez,FW,ar Argentina,26-167,1.es Atlético Madrid,2000,7,4,0.725689404934688,5.6,0.125,0.0,1,1,0,0,0,0,0.18,0.0,0.18,0.18,0.18,Matches,15ab5a2b,0.2682926829268293,0.21739130434782608,0.2,0.2,501.0,0.1425172322375398
56,Ayoube Amaimouni,MF,ma Morocco,21-229,1.de Frankfurt,2004,2,0,0.02467343976777939,0.2,0.0,0.0,0,0,0,0,0,0,0.0,0.0,0.0,0.0,0.0,Matches,c5a07a5e,0.04878048780487805,0.043478260869565216,0.05,0.0,18.0,0.012467343976777942
57,Zeki Amdouni,FWMF,ch Switzerland,25-225,1.eng Burnley,2000,4,0,0.10449927431059507,0.8,0.0,0.0,0,0,0,0,0,0,0.0,0.0,0.0,0.0,0.0,Matches,2ee5b0c9,0.024390243902439025,0.0,0.05,0.0,73.0,0.020449927431059507
58,Michael Amir Murillo,DFMF,pa Panama,30-156,1.tr Beşiktaş,1996,3,3,0.3904208998548621,3.0,0.0,0.0,0,0,0,0,0,0,0.0,0.0,0.0,0.0,0.0,Matches,349cae8f,0.12195121951219512,0.043478260869565216,0.15000000000000002,0.06666666666666667,270.0,0.16891751330430577
59,Nadiem Amiri,MF,de Germany,29-263,1.de Mainz 05,1996,2,0,0.059506531204644414,0.5,0.0,0.2,1,0,0,0,0,0,0.0,2.14,2.14,0.0,2.14,Matches,555d5edd,0.04878048780487805,0.043478260869565216,0.05,0.0,42.0,0.07595065312046445
60,Amir Al Ammari,MF,iq Iraq,28-355,1.pl Cracovia,1997,3,3,0.35703918722786643,2.7,0.0,0.2,1,0,0,0,2,0,0.0,0.36,0.36,0.0,0.36,Matches,9f65be73,0.0,0.0,0.05,0.13333333333333333,247.0,0.11903725205611998
61,Azizbek Amonov,FW,uz Uzbekistan,28-260,1.uz FK Bukhara Nurafshon,1997,1,0,0.018867924528301886,0.2,0.0,0.0,0,0,0,0,0,0,0.0,0.0,0.0,0.0,0.0,Matches,f487314f,0.024390243902439025,0.0,0.0,0.0,14.0,0.004878048780487806
62,Mohamed Amoura,FWMF,dz Algeria,26-069,1.de Wolfsburg,2000,1,0,0.03773584905660377,0.3,0.0,0.0,0,0,0,0,0,0,0.0,0.0,0.0,0.0,0.0,Matches,6597f8b6,0.0,0.0,0.0,0.0,27.0,0.0037735849056603774
63,Sofyan Amrabat,MF,ma Morocco,29-330,1.es Real Betis,1996,3,1,0.2119013062409289,1.6,0.0,0.0,0,0,0,0,0,0,0.0,0.0,0.0,0.0,0.0,Matches,5a2cb25d,0.0,0.0,0.05,0.13333333333333333,147.0,0.04452346395742623
64,Abdulelah Al-Amri,DF,sa Saudi Arabia,29-183,0,1997,3,3,0.3454281567489114,2.7,0.125,0.0,1,1,0,0,1,0,0.38,0.0,0.38,0.38,0.38,Matches,fd0affe3,0.0975609756097561,0.08695652173913043,0.1,0.26666666666666666,239.0,0.2074189646831156
65,Youssef Amyn,MF,iq Iraq,22-330,1.cy AEK Larnaca,2003,1,0,0.04354136429608128,0.3,0.0,0.0,0,0,0,0,0,0,0.0,0.0,0.0,0.0,0.0,Matches,10c12f22,0.0,0.0,0.0,0.0,31.0,0.0043541364296081275
66,Elliot Anderson,MF,eng England,23-253,1.eng Nottingham,2002,7,7,0.8984034833091438,6.9,0.0,0.2,1,0,0,0,1,0,0.0,0.15,0.15,0.0,0.15,Matches,de31038e,0.17073170731707318,0.043478260869565216,0.9,0.5333333333333333,620.0,0.3831736816642477
67,Andrés Andrade Cedeño,DF,pa Panama,27-274,1.at LASK,1998,3,3,0.3904208998548621,3.0,0.0,0.0,0,0,0,0,1,0,0.0,0.0,0.0,0.0,0.0,Matches,6ea23758,0.0,0.0,0.15000000000000002,0.2,270.0,0.21558417997097246
68,Fredrik André Bjørkan,DF,no Norway,27-330,1.no Bodø/Glimt,1998,1,1,0.06386066763425255,0.5,0.0,0.0,0,0,0,0,0,0,0.0,0.0,0.0,0.0,0.0,Matches,3724baa1,0.0,0.0,0.05,0.13333333333333333,45.0,0.08193880019351718
69,Nilson Angulo,MF,ec Ecuador,23-028,1.eng Sunderland,2003,4,2,0.3149492017416545,2.4,0.125,0.0,1,1,0,0,0,0,0.41,0.0,0.41,0.41,0.41,Matches,a9b9d89c,0.04878048780487805,0.08695652173913043,0.05,0.13333333333333333,218.0,0.09232825350749879
70,Waldemar Anton,DFMF,de Germany,29-362,1.de Dortmund,1996,2,0,0.07111756168359942,0.6,0.0,0.0,0,0,0,0,0,0,0.0,0.0,0.0,0.0,0.0,Matches,5e66fa06,0.024390243902439025,0.043478260869565216,0.05,0.13333333333333333,50.0,0.08339017900338655
71,Jeremy Antonisse,FWMF,cw Curaçao,24-110,1.gr AE Kifisia,2002,2,0,0.10740203193033382,0.8,0.0,0.0,0,0,0,0,0,0,0.0,0.0,0.0,0.0,0.0,Matches,6011e63a,0.024390243902439025,0.0,0.05,0.0,75.0,0.020740203193033387
72,Houssem Aouar,MF,dz Algeria,28-017,1.sa Al-Ittihad,1998,3,2,0.24963715529753264,1.9,0.0,0.4,2,0,0,0,0,0,0.0,1.04,1.04,0.0,1.04,Matches,a5db0bec,0.07317073170731708,0.043478260869565216,0.05,0.0,173.0,0.15496371552975327
73,Oswin Appollis,MFFW,za South Africa,24-326,1.za Orlando Pirates,2001,4,3,0.36865021770682144,2.8,0.0,0.0,0,0,0,0,0,0,0.0,0.0,0.0,0.0,0.0,Matches,e8933eb0,0.0975609756097561,0.043478260869565216,0.15000000000000002,0.06666666666666667,255.0,0.07353168843734882
74,Yazan Al-Arab,DF,jo Jordan,30-167,1.kr FC Seoul,1996,3,3,0.3904208998548621,3.0,0.0,0.0,0,0,0,0,1,0,0.0,0.0,0.0,0.0,0.0,Matches,32878a09,0.0,0.0,0.05,0.7333333333333333,270.0,0.3572508466376391
75,Maxi Araújo,FWMF,uy Uruguay,26-152,1.pt Sporting CP,2000,3,3,0.36139332365747456,2.8,0.25,0.2,3,2,0,0,0,0,0.72,0.36,1.08,0.72,1.08,Matches,f9ab3f4a,0.0975609756097561,0.13043478260869565,0.0,0.0,250.0,0.17113933236574747
76,Tomás Araújo,DF,pt Portugal,24-062,1.pt Benfica,2002,1,1,0.12917271407837447,1.0,0.0,0.0,0,0,0,0,1,0,0.0,0.0,0.0,0.0,0.0,Matches,0fa11d7d,0.0,0.0,0.0,0.06666666666666667,90.0,0.04916787614900822
77,Telmo Arcanjo,MF,cv Cabo Verde,25-026,1.pt Vit. Guimarães,2001,2,1,0.08127721335268506,0.6,0.0,0.0,0,0,0,0,0,0,0.0,0.0,0.0,0.0,0.0,Matches,c692cef2,0.0,0.0,0.0,0.0,57.0,0.008127721335268507
78,Álex Arce,FW,py Paraguay,31-031,1.ar Ind. Rivadavia,1995,2,0,0.07547169811320756,0.6,0.0,0.0,0,0,0,0,1,0,0.0,0.0,0.0,0.0,0.0,Matches,10411db2,0.0,0.0,0.05,0.0,53.0,0.0
79,Carlens Arcus,MFDF,ht Haiti,30-019,1.fr Angers,1996,3,2,0.2104499274310595,1.6,0.0,0.0,0,0,0,0,1,0,0.0,0.0,0.0,0.0,0.0,Matches,5e837126,0.0,0.0,0.15000000000000002,0.2,146.0,0.1795899854862119
80,Max Arfsten,MF,us United States,25-089,1.us Columbus Crew,2001,1,0,0.0,0.0,0.0,0.0,0,0,0,0,0,0,0.0,0.0,0.0,0.0,0.0,Matches,668f881e,0.0,0.0,0.0,0.0,1.0,0.0
81,Jhon Arias,MF,co Colombia,28-299,1.br Palmeiras,1997,5,5,0.5457184325108854,4.2,0.125,0.0,1,1,0,0,1,0,0.24,0.0,0.24,0.24,0.24,Matches,86d96066,0.21951219512195122,0.17391304347826086,0.45,0.13333333333333333,377.0,0.19540517658442189
82,Santiago Arias,DF,co Colombia,34-185,1.ar Independiente,1992,1,1,0.12336719883889696,1.0,0.0,0.0,0,0,0,0,0,0,0.0,0.0,0.0,0.0,0.0,Matches,fdd60087,0.0,0.0,0.1,0.06666666666666667,86.0,0.09300677310111272
83,Marko Arnautović,FW,at Austria,37-089,1.rs Red Star,1989,4,1,0.20754716981132076,1.6,0.25,0.0,2,1,1,1,1,0,1.25,0.0,1.25,0.62,0.62,Matches,00459419,0.07317073170731708,0.13043478260869565,0.0,0.0,144.0,0.14669936373276776
84,Benjamin Asare,GK,gh Ghana,34-004,1.gh Accra Hearts of Oak,1992,3,2,0.3251088534107402,2.5,0.0,0.0,0,0,0,0,0,0,0.0,0.0,0.0,0.0,0.0,Matches,4bb65492,0.0,0.0,0.0,0.0,225.0,0.0
85,Emam Ashour,MF,eg Egypt,28-147,1.eg Al Ahly,1998,5,5,0.5239477503628447,4.0,0.25,0.0,2,2,0,0,0,0,0.5,0.0,0.5,0.5,0.5,Matches,31b7d437,0.24390243902439024,0.08695652173913043,0.1,0.26666666666666666,362.0,0.17406144170295115
86,Rustam Ashurmatov,DF,uz Uzbekistan,30-010,1.ir Esteghlal,1996,3,3,0.37010159651669083,2.8,0.0,0.0,0,0,0,0,0,0,0.0,0.0,0.0,0.0,0.0,Matches,a0ecd397,0.0,0.0,0.1,0.4666666666666667,256.0,0.2823536526366715
87,Lawrence Ati-Zigi,GK,gh Ghana,29-230,1.ch St. Gallen,1996,2,2,0.19448476052249639,1.5,0.0,0.0,0,0,0,0,0,0,0.0,0.0,0.0,0.0,0.0,Matches,a12402c3,0.0,0.0,0.0,0.0,135.0,0.0
88,Marwan Attia,MF,eg Egypt,27-339,1.eg Al Ahly,1998,5,4,0.6284470246734398,4.8,0.0,0.2,1,0,0,0,2,0,0.0,0.21,0.21,0.0,0.21,Matches,1ea3d7ec,0.0975609756097561,0.0,0.15000000000000002,0.2,434.0,0.17284470246734399
89,Fredrik Aursnes,MFDF,no Norway,30-219,1.pt Benfica,1995,6,3,0.4397677793904209,3.4,0.0,0.0,0,0,0,0,0,0,0.0,0.0,0.0,0.0,0.0,Matches,f0677ed7,0.04878048780487805,0.0,0.4,0.06666666666666667,304.0,0.29128688921141754
90,Gabriel Ávalos,FW,py Paraguay,35-278,1.ar Independiente,1990,4,2,0.20319303338171263,1.6,0.0,0.0,0,0,0,0,0,0,0.0,0.0,0.0,0.0,0.0,Matches,b6781b67,0.024390243902439025,0.0,0.1,0.0,141.0,0.004878048780487806
91,Yasin Ayari,MF,se Sweden,22-284,1.eng Brighton,2003,4,4,0.49056603773584906,3.8,0.25,0.0,2,2,0,0,1,0,0.53,0.0,0.53,0.53,0.53,Matches,f173303a,0.17073170731707318,0.13043478260869565,0.2,0.2,339.0,0.1840566037735849
92,Oğuz Aydın,DF,tr Türkiye,25-263,1.tr Fenerbahçe,2000,1,1,0.1277213352685051,1.0,0.0,0.0,0,0,0,0,0,0,0.0,0.0,0.0,0.0,0.0,Matches,a7b98226,0.0,0.0,0.30000000000000004,0.0,89.0,0.16054426705370106
93,Jordan Ayew,FW,gh Ghana,34-309,2.eng Leicester City,1991,4,4,0.43396226415094336,3.3,0.0,0.0,0,0,0,0,0,0,0.0,0.0,0.0,0.0,0.0,Matches,da052c14,0.0,0.0,0.15000000000000002,0.06666666666666667,300.0,0.0
94,Kaan Ayhan,DFMF,tr Türkiye,31-249,1.tr Galatasaray,1994,1,0,0.0029027576197387514,0.0,0.125,0.0,1,1,0,0,0,0,30.0,0.0,30.0,30.0,30.0,Matches,2200181e,0.024390243902439025,0.043478260869565216,0.0,0.0,3.0,0.0005805515239477503
95,Neil El Aynaoui,MF,ma Morocco,25-015,1.it Roma,2001,6,6,0.81422351233672,6.2,0.0,0.0,0,0,0,0,0,0,0.0,0.0,0.0,0.0,0.0,Matches,17e1261b,0.17073170731707318,0.08695652173913043,0.45,0.5333333333333333,562.0,0.22475568456700534
96,Ali Azaizeh,MF,jo Jordan,22-095,1.sa Al-Shabab,2004,3,1,0.07692307692307693,0.6,0.0,0.0,0,0,0,0,0,0,0.0,0.0,0.0,0.0,0.0,Matches,3a46ac67,0.04878048780487805,0.0,0.15000000000000002,0.0,54.0,0.0376923076923077
97,Juninho Bacuna,MF,cw Curaçao,28-344,1.nl Volendam,1997,3,3,0.3671988388969521,2.8,0.0,0.0,0,0,0,0,2,0,0.0,0.0,0.0,0.0,0.0,Matches,aaf1bf05,0.12195121951219512,0.043478260869565216,0.2,0.3333333333333333,254.0,0.11005321722302855
98,Leandro Bacuna,MF,cw Curaçao,34-330,2.tr 76 Iğdır Belediyespor,1991,3,3,0.3904208998548621,3.0,0.0,0.0,0,0,0,0,1,0,0.0,0.0,0.0,0.0,0.0,Matches,9dc69d38,0.14634146341463417,0.043478260869565216,0.15000000000000002,0.0,270.0,0.06904208998548622
99,Álex Baena,MFFW,es Spain,24-362,1.es Atlético Madrid,2001,6,6,0.5892597968069666,4.5,0.125,0.2,2,1,0,0,1,0,0.22,0.22,0.44,0.22,0.44,Matches,518f2234,0.29268292682926833,0.21739130434782608,0.25,0.13333333333333333,407.0,0.21975931301403
100,Esmir Bajraktarevic,MF,ba Bosnia–Herz,21-129,1.nl PSV,2005,4,2,0.33236574746008707,2.6,0.0,0.0,0,0,0,0,0,0,0.0,0.0,0.0,0.0,0.0,Matches,dff24174,0.07317073170731708,0.08695652173913043,0.0,0.2,230.0,0.053236574746008715
101,Cédric Bakambu,FW,cd Congo DR,35-097,1.es Real Betis,1991,3,3,0.274310595065312,2.1,0.0,0.0,0,0,0,0,0,0,0.0,0.0,0.0,0.0,0.0,Matches,0af4dcf0,0.07317073170731708,0.0,0.0,0.0,190.0,0.014634146341463417
102,Fabián Balbuena,DF,py Paraguay,34-328,1.br Grêmio,1991,1,0,0.0,0.0,0.0,0.0,0,0,0,0,0,0,0.0,0.0,0.0,0.0,0.0,Matches,3626f7d9,0.0,0.0,0.0,0.0,1.0,0.0
103,Folarin Balogun,FW,us United States,25-014,1.fr Monaco,2001,4,4,0.4513788098693759,3.5,0.375,0.0,3,3,0,0,1,1,0.87,0.0,0.87,0.87,0.87,Matches,31822f8c,0.34146341463414637,0.21739130434782608,0.0,0.06666666666666667,312.0,0.2696513785790032
104,Simon Banza,FWMF,cd Congo DR,29-338,1.ae Al Jazira Club,1996,2,0,0.05660377358490566,0.4,0.0,0.0,0,0,0,0,0,0,0.0,0.0,0.0,0.0,0.0,Matches,be47b750,0.0,0.0,0.05,0.0,40.0,0.015660377358490567
105,Yoel Bárcenas,MF,pa Panama,32-267,1.mx Mazatlán,1993,3,3,0.3599419448476052,2.8,0.0,0.0,0,0,0,0,1,0,0.0,0.0,0.0,0.0,0.0,Matches,b39849eb,0.04878048780487805,0.0,0.0,0.13333333333333333,249.0,0.04932752781809386
106,Valentín Barco,DFMF,ar Argentina,21-359,1.fr Strasbourg,2004,1,0,0.027576197387518143,0.2,0.0,0.0,0,0,0,0,0,0,0.0,0.0,0.0,0.0,0.0,Matches,b9f282ec,0.0,0.0,0.0,0.0,20.0,0.0055152394775036286
107,Bradley Barcola,MF,fr France,23-318,1.fr PSG,2002,7,4,0.49056603773584906,3.8,0.25,0.2,3,2,0,0,1,0,0.53,0.27,0.8,0.53,0.8,Matches,a0d55a09,0.24390243902439024,0.21739130434782608,0.2,0.06666666666666667,339.0,0.2307232704402516
108,Abdülkerim Bardakcı,DF,tr Türkiye,31-313,1.tr Galatasaray,1994,3,3,0.38316400580551524,2.9,0.0,0.0,0,0,0,0,0,0,0.0,0.0,0.0,0.0,0.0,Matches,5d9cff53,0.07317073170731708,0.043478260869565216,0.25,0.13333333333333333,265.0,0.23579946782776973
109,Ivan Bašić,MF,ba Bosnia–Herz,24-078,1.kz FC Astana,2002,3,2,0.2583454281567489,2.0,0.0,0.2,1,0,0,0,0,0,0.0,0.5,0.5,0.0,0.5,Matches,9b0a0d51,0.0975609756097561,0.0,0.05,0.2,179.0,0.1158345428156749
110,Ahmed Basil,GK,iq Iraq,29-332,1.iq Al-Shorta,1996,2,2,0.19448476052249639,1.5,0.0,0.0,0,0,0,0,0,0,0.0,0.0,0.0,0.0,0.0,Matches,3bf9e631,0.0,0.0,0.0,0.0,135.0,0.0
111,Martin Baturina,MFFW,hr Croatia,23-151,1.it Como,2003,4,4,0.46444121915820025,3.6,0.125,0.0,1,1,0,0,0,0,0.28,0.0,0.28,0.28,0.28,Matches,d1eda5f0,0.07317073170731708,0.043478260869565216,0.1,0.06666666666666667,321.0,0.11061078858248669
112,Ibrahim Bayesh,MFFW,iq Iraq,26-077,1.ae Al Dhafra SCC,2000,3,3,0.33962264150943394,2.6,0.0,0.0,0,0,0,0,0,0,0.0,0.0,0.0,0.0,0.0,Matches,2f2003ba,0.024390243902439025,0.0,0.2,0.06666666666666667,235.0,0.08062893081761008
113,Samed Baždar,FW,ba Bosnia–Herz,22-167,1.de Gladbach,2004,1,0,0.040638606676342524,0.3,0.0,0.0,0,0,0,0,0,0,0.0,0.0,0.0,0.0,0.0,Matches,e59c9d0d,0.0,0.0,0.0,0.0,29.0,0.0
114,Riechedly Bazoer,DF,cw Curaçao,29-278,1.tr Konyaspor,1996,1,1,0.12917271407837447,1.0,0.0,0.0,0,0,0,0,0,0,0.0,0.0,0.0,0.0,0.0,Matches,da59a197,0.0,0.0,0.05,0.06666666666666667,90.0,0.07166787614900823
115,Patrick Beach,GK,au Australia,22-345,1.au Melb City,2003,4,4,0.5616835994194485,4.3,0.0,0.0,0,0,0,0,0,0,0.0,0.0,0.0,0.0,0.0,Matches,3cc64624,0.0,0.0,0.0,0.0,388.0,0.0
116,Aziz Behich,MF,au Australia,35-213,1.au Melb City,1990,3,2,0.3134978229317852,2.4,0.0,0.0,0,0,0,0,0,0,0.0,0.0,0.0,0.0,0.0,Matches,b6867b96,0.024390243902439025,0.043478260869565216,0.2,0.06666666666666667,217.0,0.07801644895984519
117,Maximilian Beier,FWMF,de Germany,23-273,1.de Dortmund,2002,1,0,0.03773584905660377,0.3,0.0,0.0,0,0,0,0,0,0,0.0,0.0,0.0,0.0,0.0,Matches,5db45ee5,0.0,0.0,0.0,0.0,27.0,0.0037735849056603774
118,Alireza Beiranvand,GK,ir IR Iran,33-299,1.ir Tractor,1992,3,3,0.3904208998548621,3.0,0.0,0.0,0,0,0,0,0,0,0.0,0.0,0.0,0.0,0.0,Matches,6ca0b04a,0.0,0.0,0.0,0.0,270.0,0.0
119,Zineddine Belaïd,DF,dz Algeria,27-119,1.dz JS Kabylie,1999,2,0,0.03483309143686502,0.3,0.0,0.0,0,0,0,0,0,0,0.0,0.0,0.0,0.0,0.0,Matches,b2562589,0.0,0.0,0.0,0.0,25.0,0.006966618287373005
120,Rafik Belghali,DF,dz Algeria,24-040,1.it Hellas Verona,2002,4,4,0.47895500725689405,3.7,0.125,0.0,1,1,0,0,0,0,0.27,0.0,0.27,0.27,0.27,Matches,0abcb968,0.07317073170731708,0.043478260869565216,0.15000000000000002,0.06666666666666667,331.0,0.18662433478471216
121,Joe Bell,MF,nz New Zealand,27-081,1.no Viking,1999,3,3,0.35123367198838895,2.7,0.0,0.0,0,0,0,0,0,0,0.0,0.0,0.0,0.0,0.0,Matches,7825847e,0.024390243902439025,0.0,0.1,0.26666666666666666,243.0,0.08179003386550557
122,Jean-Ricner Bellegarde,MF,ht Haiti,28-020,1.eng Wolves,1998,3,3,0.3759071117561683,2.9,0.0,0.0,0,0,0,0,1,0,0.0,0.0,0.0,0.0,0.0,Matches,10f0fdd3,0.14634146341463417,0.0,0.1,0.2,260.0,0.07759071117561683
123,Jude Bellingham,MF,eng England,23-018,1.es Real Madrid,2003,7,7,0.872278664731495,6.7,0.75,0.2,7,6,0,0,1,0,0.9,0.15,1.05,0.9,1.05,Matches,57d88cf9,0.4634146341463415,0.5652173913043478,0.5,0.2,602.0,0.49222786647314953
124,Mortadha Ben Ouanes,DFMF,tn Tunisia,32-015,1.tr Kasımpaşa,1994,1,0,0.03193033381712627,0.3,0.0,0.0,0,0,0,0,0,0,0.0,0.0,0.0,0.0,0.0,Matches,1798891a,0.0,0.0,0.0,0.0,23.0,0.006386066763425254
125,Anis Ben Slimane,MFFW,tn Tunisia,25-123,2.eng Norwich City,2001,3,3,0.3468795355587808,2.7,0.0,0.0,0,0,0,0,0,0,0.0,0.0,0.0,0.0,0.0,Matches,9ade9ce1,0.024390243902439025,0.043478260869565216,0.1,0.13333333333333333,240.0,0.06802128688921141
126,Oussama Benbot,GK,dz Algeria,31-279,1.dz USM Alger,1994,1,1,0.12917271407837447,1.0,0.0,0.0,0,0,0,0,0,0,0.0,0.0,0.0,0.0,0.0,Matches,dcae580c,0.0,0.0,0.0,0.0,90.0,0.0
127,Nadhir Benbouali,FW,dz Algeria,26-091,1.hu Győr,2000,1,0,0.06386066763425255,0.5,0.125,0.0,1,1,0,0,0,0,2.0,0.0,2.0,2.0,2.0,Matches,cd25f2b3,0.04878048780487805,0.08695652173913043,0.05,0.0,45.0,0.07904957582184517
128,Gilson Benchimol,FW,cv Cabo Verde,24-200,1.ru Akron Tolyatti,2001,2,1,0.11175616835994195,0.9,0.0,0.0,0,0,0,0,0,0,0.0,0.0,0.0,0.0,0.0,Matches,eae26fce,0.0,0.0,0.0,0.0,78.0,0.0
129,Ramy Bensebaini,DF,dz Algeria,31-092,1.de Dortmund,1995,4,4,0.521044992743106,4.0,0.0,0.0,0,0,0,0,0,0,0.0,0.0,0.0,0.0,0.0,Matches,378825c7,0.04878048780487805,0.0,0.30000000000000004,0.4666666666666667,360.0,0.40254233188195454
130,Nabil Bentaleb,MF,dz Algeria,31-235,1.fr Lille,1994,4,3,0.41219158200290273,3.2,0.0,0.0,0,0,0,0,0,0,0.0,0.0,0.0,0.0,0.0,Matches,3189f61a,0.024390243902439025,0.0,0.2,0.2,285.0,0.10121915820029029
131,Rodrigo Bentancur,MF,uy Uruguay,29-022,1.eng Tottenham,1997,3,3,0.3904208998548621,3.0,0.0,0.0,0,0,0,0,1,0,0.0,0.0,0.0,0.0,0.0,Matches,3b8674e6,0.0975609756097561,0.0,0.25,0.4666666666666667,270.0,0.1357087566521529
132,Patrick Berg,MF,no Norway,28-235,1.no Bodø/Glimt,1997,6,4,0.6444121915820029,4.9,0.0,0.4,2,0,0,0,1,0,0.0,0.4,0.4,0.0,0.4,Matches,e4114f5d,0.07317073170731708,0.0,0.35000000000000003,0.13333333333333333,445.0,0.26777455249153365
133,Sander Berge,MF,no Norway,28-153,1.eng Fulham,1998,5,5,0.6952104499274311,5.3,0.0,0.0,0,0,0,0,0,0,0.0,0.0,0.0,0.0,0.0,Matches,d0b6129f,0.0,0.0,0.2,0.6,480.0,0.16952104499274312
134,Lucas Bergvall,MF,se Sweden,20-165,1.eng Tottenham,2006,4,1,0.2612481857764876,2.0,0.0,0.2,1,0,0,0,1,0,0.0,0.5,0.5,0.0,0.5,Matches,a109e5c8,0.04878048780487805,0.0,0.1,0.13333333333333333,181.0,0.11945815191098211
135,Sebastian Berhalter,MF,us United States,25-068,1.us Vancouver,2001,5,1,0.2699564586357039,2.1,0.125,0.2,2,1,0,0,1,0,0.48,0.48,0.96,0.48,0.96,Matches,f33ee427,0.07317073170731708,0.043478260869565216,0.0,0.2,187.0,0.1444956458635704
136,Alexander Bernhardsson,MF,se Sweden,27-312,2.de Holstein Kiel,1998,3,3,0.3134978229317852,2.4,0.0,0.0,0,0,0,0,0,0,0.0,0.0,0.0,0.0,0.0,Matches,dea1d183,0.024390243902439025,0.043478260869565216,0.1,0.13333333333333333,217.0,0.06468311562651186
137,Tyler Bindon,DF,nz New Zealand,21-171,2.eng Sheffield United,2005,3,1,0.13933236574746008,1.1,0.0,0.0,0,0,0,0,0,0,0.0,0.0,0.0,0.0,0.0,Matches,3575e5eb,0.04878048780487805,0.043478260869565216,0.1,0.06666666666666667,97.0,0.09619980648282535
138,César Blackman,MFDF,pa Panama,28-106,1.sk Slovan Bratislava,1998,2,2,0.25689404934687954,2.0,0.0,0.0,0,0,0,0,1,0,0.0,0.0,0.0,0.0,0.0,Matches,c2b11050,0.04878048780487805,0.043478260869565216,0.0,0.06666666666666667,178.0,0.07471214320270925
139,Damián Bobadilla,MF,py Paraguay,25-006,1.br São Paulo,2001,4,2,0.2728592162554426,2.1,0.0,0.0,0,0,0,0,0,0,0.0,0.0,0.0,0.0,0.0,Matches,ad7d6437,0.0,0.0,0.15000000000000002,0.3333333333333333,189.0,0.0906192549588776
140,Oscar Bobb,FW,no Norway,23-005,1.eng Fulham,2003,6,1,0.3251088534107402,2.5,0.0,0.0,0,0,0,0,0,0,0.0,0.0,0.0,0.0,0.0,Matches,eed2427e,0.0975609756097561,0.08695652173913043,0.15000000000000002,0.2,225.0,0.03255567338282079
141,Moïse Bombito,DF,ca Canada,26-109,1.fr Nice,2000,3,2,0.27866473149492016,2.1,0.0,0.0,0,0,0,0,0,0,0.0,0.0,0.0,0.0,0.0,Matches,c2f23fc8,0.024390243902439025,0.043478260869565216,0.0,0.06666666666666667,193.0,0.07906627963231737
142,Theo Bongonda,FWMF,cd Congo DR,30-239,1.ru Spartak Moscow,1995,2,0,0.047895500725689405,0.4,0.0,0.0,0,0,0,0,0,0,0.0,0.0,0.0,0.0,0.0,Matches,0da6a13e,0.024390243902439025,0.0,0.0,0.06666666666666667,34.0,0.011456216739235608
143,Ange-Yoan Bonny,FW,ci Côte d'Ivoire,22-265,1.it Inter,2003,4,3,0.33817126269956455,2.6,0.0,0.0,0,0,0,0,0,0,0.0,0.0,0.0,0.0,0.0,Matches,64629ba4,0.024390243902439025,0.043478260869565216,0.1,0.06666666666666667,234.0,0.011399787910922589
144,Jordy Bos,MFDF,au Australia,23-261,1.nl Feyenoord,2002,4,4,0.44557329462989836,3.4,0.0,0.0,0,0,0,0,1,0,0.0,0.0,0.0,0.0,0.0,Matches,8070a9fd,0.12195121951219512,0.08695652173913043,0.15000000000000002,0.2,308.0,0.2266146589259797
145,Ayyoub Bouaddi,MF,ma Morocco,18-288,1.fr Lille,2007,5,5,0.5515239477503628,4.2,0.0,0.0,0,0,0,0,0,0,0.0,0.0,0.0,0.0,0.0,Matches,8006228f,0.07317073170731708,0.0,0.15000000000000002,0.06666666666666667,381.0,0.09181906144170296
146,Hicham Boudaoui,MF,dz Algeria,26-297,1.fr Nice,1999,3,2,0.18432510885341075,1.4,0.0,0.0,0,0,0,0,1,0,0.0,0.0,0.0,0.0,0.0,Matches,f9d5908e,0.0,0.0,0.05,0.13333333333333333,128.0,0.04176584421867441
147,Karim Boudiaf,MF,qa Qatar,35-304,1.qa Al Duhail SC,1990,2,1,0.14658925979680698,1.1,0.0,0.0,0,0,0,0,0,0,0.0,0.0,0.0,0.0,0.0,Matches,a38f33fd,0.024390243902439025,0.0,0.0,0.0,102.0,0.0146589259796807
148,Adil Boulbina,FW,dz Algeria,23-076,1.qa Al Duhail SC,2003,2,0,0.026124818577648767,0.2,0.0,0.0,0,0,0,0,0,0,0.0,0.0,0.0,0.0,0.0,Matches,12f7f264,0.0,0.0,0.0,0.0,19.0,0.0
149,Yassine Bounou,GK,ma Morocco,35-103,1.sa Al-Hilal,1991,6,6,0.8258345428156749,6.3,0.0,0.0,0,0,0,0,0,0,0.0,0.0,0.0,0.0,0.0,Matches,f6798fc3,0.0,0.0,0.0,0.0,570.0,0.0
150,Nawaf Boushal,DF,sa Saudi Arabia,26-304,1.sa Al-Nassr,1999,2,1,0.13062409288824384,1.0,0.0,0.0,0,0,0,0,0,0,0.0,0.0,0.0,0.0,0.0,Matches,7dc1c2c6,0.0,0.0,0.0,0.06666666666666667,91.0,0.0494581519109821
151,Michael Boxall,DF,nz New Zealand,37-333,1.us Minnesota Utd,1988,3,2,0.29898403483309144,2.3,0.0,0.0,0,0,0,0,0,0,0.0,0.0,0.0,0.0,0.0,Matches,6bfa0d3a,0.0,0.0,0.05,0.13333333333333333,207.0,0.12896347363328498
152,Sultan Al-Brake,DF,qa Qatar,30-101,1.qa Al Duhail SC,1996,2,1,0.20319303338171263,1.6,0.0,0.0,0,0,0,0,0,0,0.0,0.0,0.0,0.0,0.0,Matches,fcaa2400,0.0,0.0,0.05,0.13333333333333333,141.0,0.1098052733430092
153,Joshua Brenet,DF,cw Curaçao,32-119,1.tr Kayserispor,1994,2,2,0.2583454281567489,2.0,0.0,0.0,0,0,0,0,0,0,0.0,0.0,0.0,0.0,0.0,Matches,2b5527c4,0.0,0.0,0.2,0.06666666666666667,179.0,0.16500241896468312
154,Brian Brobbey,FW,nl Netherlands,24-166,1.eng Sunderland,2002,4,3,0.32220609579100146,2.5,0.375,0.0,3,3,0,0,0,0,1.21,0.0,1.21,1.21,1.21,Matches,4c184730,0.0975609756097561,0.13043478260869565,0.05,0.0,223.0,0.2078274125132556
155,Dylan Bronn,DF,tn Tunisia,31-028,1.ch Servette FC,1995,1,1,0.06386066763425255,0.5,0.0,0.0,0,0,0,0,0,0,0.0,0.0,0.0,0.0,0.0,Matches,edd81e2a,0.0,0.0,0.0,0.06666666666666667,45.0,0.036105466860183844
156,Nathaniel Brown,DF,de Germany,23-031,1.de Frankfurt,2003,3,3,0.4078374455732946,3.1,0.125,0.2,2,1,0,0,0,0,0.32,0.32,0.64,0.32,0.64,Matches,abc79c47,0.07317073170731708,0.08695652173913043,0.30000000000000004,0.13333333333333333,282.0,0.26323415578132564
157,Tajon Buchanan,MF,ca Canada,27-159,1.es Villarreal,1999,5,5,0.544267053701016,4.2,0.0,0.0,0,0,0,0,0,0,0.0,0.0,0.0,0.0,0.0,Matches,3aca6420,0.14634146341463417,0.13043478260869565,0.25,0.06666666666666667,376.0,0.11109337203676828
158,Ante Budimir,FW,hr Croatia,34-360,1.es Osasuna,1991,3,2,0.2235123367198839,1.7,0.125,0.0,1,1,0,0,0,0,0.58,0.0,0.58,0.58,0.58,Matches,8f3565b3,0.07317073170731708,0.043478260869565216,0.05,0.0,155.0,0.07740588547189821
159,Firas Al-Buraikan,FW,sa Saudi Arabia,26-064,1.sa Al-Ahli,2000,3,3,0.3439767779390421,2.6,0.0,0.0,0,0,0,0,1,0,0.0,0.0,0.0,0.0,0.0,Matches,ac717a23,0.0,0.0,0.0,0.06666666666666667,238.0,0.0
160,Cameron Burgess,DF,au Australia,30-269,2.eng Swansea City,1995,2,2,0.19448476052249639,1.5,0.0,0.0,0,0,0,0,0,0,0.0,0.0,0.0,0.0,0.0,Matches,da61ca98,0.0,0.0,0.05,0.06666666666666667,135.0,0.08473028543783262
161,Dan Burn,DF,eng England,34-069,1.eng Newcastle,1992,3,0,0.04934687953555878,0.4,0.0,0.0,0,0,0,0,0,0,0.0,0.0,0.0,0.0,0.0,Matches,b2d31e83,0.0,0.0,0.0,0.0,35.0,0.009869375907111757
162,Dženis Burnić,MF,ba Bosnia–Herz,28-056,2.de Karlsruher,1998,2,0,0.02177068214804064,0.2,0.0,0.0,0,0,0,0,0,0,0.0,0.0,0.0,0.0,0.0,Matches,0dabaf14,0.024390243902439025,0.0,0.0,0.0,16.0,0.0021770682148040637
163,Gustavo Caballero,FWMF,py Paraguay,24-299,2.eng Portsmouth,2001,2,0,0.1378809869375907,1.1,0.0,0.0,0,0,0,0,0,0,0.0,0.0,0.0,0.0,0.0,Matches,90a38ca7,0.024390243902439025,0.043478260869565216,0.1,0.0,96.0,0.033788098693759074
164,Jovane Cabral,FW,cv Cabo Verde,28-033,1.pt Estrela,1998,2,2,0.2002902757619739,1.5,0.0,0.0,0,0,0,0,0,0,0.0,0.0,0.0,0.0,0.0,Matches,e34e086c,0.04878048780487805,0.0,0.15000000000000002,0.06666666666666667,139.0,0.009756097560975611
165,Liberato Cacace,DF,nz New Zealand,25-293,2.eng Wrexham,2000,3,3,0.3178519593613933,2.4,0.0,0.0,0,0,0,0,0,0,0.0,0.0,0.0,0.0,0.0,Matches,dd86e8e4,0.024390243902439025,0.043478260869565216,0.1,0.2,220.0,0.17857039187227866
166,Juan Cáceres,DF,py Paraguay,26-046,1.ru Dynamo Moskva,2000,5,5,0.6313497822931785,4.8,0.0,0.0,0,0,0,0,1,0,0.0,0.0,0.0,0.0,0.0,Matches,db887bdf,0.04878048780487805,0.043478260869565216,0.55,0.3333333333333333,436.0,0.4904366231253024
167,Sebastián Cáceres,DF,uy Uruguay,26-333,1.mx América,1999,3,3,0.3904208998548621,3.0,0.0,0.0,0,0,0,0,0,0,0.0,0.0,0.0,0.0,0.0,Matches,7091c68e,0.07317073170731708,0.0,0.05,0.13333333333333333,270.0,0.1472508466376391
168,Jordy Caicedo,FW,ec Ecuador,28-241,1.ar Huracán,1997,3,0,0.027576197387518143,0.2,0.0,0.0,0,0,0,0,0,0,0.0,0.0,0.0,0.0,0.0,Matches,7fcb27d8,0.024390243902439025,0.0,0.0,0.0,20.0,0.004878048780487806
169,Moisés Caicedo,MF,ec Ecuador,24-257,1.eng Chelsea,2001,4,4,0.521044992743106,4.0,0.0,0.0,0,0,0,0,1,0,0.0,0.0,0.0,0.0,0.0,Matches,16264a81,0.0975609756097561,0.043478260869565216,0.30000000000000004,0.26666666666666666,360.0,0.13877116594097727
170,Uğurcan Çakır,GK,tr Türkiye,30-103,1.tr Galatasaray,1996,3,3,0.3904208998548621,3.0,0.0,0.0,0,0,0,0,0,0,0.0,0.0,0.0,0.0,0.0,Matches,f63a8347,0.0,0.0,0.0,0.0,270.0,0.0
171,Hakan Çalhanoğlu,MF,tr Türkiye,32-159,1.it Inter,1994,2,2,0.2597968069666183,2.0,0.0,0.0,0,0,0,0,0,0,0.0,0.0,0.0,0.0,0.0,Matches,cd0fa27b,0.2682926829268293,0.08695652173913043,0.15000000000000002,0.06666666666666667,180.0,0.0626463473633285
172,Lamine Camara,MF,sn Senegal,22-197,1.fr Monaco,2004,4,3,0.3584905660377358,2.8,0.0,0.2,1,0,0,0,1,0,0.0,0.36,0.36,0.0,0.36,Matches,19c2ffa4,0.07317073170731708,0.0,0.05,0.13333333333333333,248.0,0.11918238993710692
173,Jaminton Campaz,FWMF,co Colombia,26-054,1.ar Rosario Central,2000,3,0,0.10740203193033382,0.8,0.125,0.0,1,1,0,0,0,0,1.2,0.0,1.2,1.2,1.2,Matches,8d5ceef2,0.14634146341463417,0.13043478260869565,0.05,0.0,75.0,0.058240203193033385
174,İrfan Can Kahveci,MF,tr Türkiye,31-002,1.tr Kasımpaşa,1995,1,0,0.0,0.0,0.0,0.0,0,0,0,0,0,0,0.0,0.0,0.0,0.0,0.0,Matches,d2800f47,0.0,0.0,0.05,0.0,1.0,0.010000000000000002
175,José Canale,DF,py Paraguay,29-362,1.ar Lanús,1996,4,1,0.23222060957910015,1.8,0.0,0.0,0,0,0,0,0,0,0.0,0.0,0.0,0.0,0.0,Matches,97d24b73,0.0,0.0,0.30000000000000004,0.06666666666666667,161.0,0.20477745524915342
176,João Cancelo,DF,pt Portugal,32-051,1.es Barcelona,1994,5,5,0.4513788098693759,3.5,0.0,0.2,1,0,0,0,0,0,0.0,0.29,0.29,0.0,0.29,Matches,bd6351cd,0.07317073170731708,0.0,0.2,0.3333333333333333,312.0,0.2969424286405419
177,Agustín Canobbio,FW,uy Uruguay,27-289,1.br Fluminense,1998,3,2,0.3236574746008708,2.5,0.125,0.0,1,1,0,0,0,1,0.4,0.0,0.4,0.4,0.4,Matches,4f5a2f38,0.0975609756097561,0.043478260869565216,0.15000000000000002,0.13333333333333333,224.0,0.08228393425238602
178,Casemiro,MF,br Brazil,34-144,1.eng Manchester Utd,1992,5,5,0.5486211901306242,4.2,0.125,0.0,1,1,0,0,2,0,0.24,0.0,0.24,0.24,0.24,Matches,4d224fe8,0.0975609756097561,0.08695652173913043,0.25,0.4,379.0,0.18236211901306243
179,Josué Casimir,MF,ht Haiti,24-296,1.fr Auxerre,2001,3,2,0.262699564586357,2.0,0.0,0.0,0,0,0,0,1,0,0.0,0.0,0.0,0.0,0.0,Matches,481f76cf,0.024390243902439025,0.0,0.0,0.0,182.0,0.026269956458635703
180,Timothy Castagne,DF,be Belgium,30-224,1.eng Fulham,1995,6,5,0.6923076923076923,5.3,0.0,0.2,1,0,0,0,1,0,0.0,0.19,0.19,0.0,0.19,Matches,197640fd,0.07317073170731708,0.043478260869565216,0.35000000000000003,0.5333333333333333,478.0,0.48262820512820515
181,Kevin Castaño,MF,co Colombia,25-291,1.ar River Plate,2000,2,0,0.02177068214804064,0.2,0.0,0.0,0,0,0,0,0,0,0.0,0.0,0.0,0.0,0.0,Matches,c393c3d9,0.0,0.0,0.0,0.0,16.0,0.0021770682148040637
182,Jens Castrop,MF,kr Korea Republic,22-353,1.de Gladbach,2003,1,0,0.06386066763425255,0.5,0.0,0.0,0,0,0,0,0,0,0.0,0.0,0.0,0.0,0.0,Matches,03fee7de,0.0,0.0,0.0,0.0,45.0,0.0063860667634252554
183,Zeki Çelik,DF,tr Türkiye,29-150,1.it Roma,1997,2,2,0.2351233671988389,1.8,0.0,0.0,0,0,0,0,0,0,0.0,0.0,0.0,0.0,0.0,Matches,31a62dc7,0.024390243902439025,0.043478260869565216,0.15000000000000002,0.06666666666666667,163.0,0.13785800677310112
184,Lukáš Červ,MF,cz Czechia,25-098,1.cz Viktoria Plzeň,2001,2,2,0.2351233671988389,1.8,0.0,0.0,0,0,0,0,0,0,0.0,0.0,0.0,0.0,0.0,Matches,bb4a41bc,0.07317073170731708,0.08695652173913043,0.15000000000000002,0.0,163.0,0.053512336719883896
185,Fares Chaïbi,MF,dz Algeria,23-231,1.de Frankfurt,2002,4,4,0.521044992743106,4.0,0.0,0.0,0,0,0,0,1,0,0.0,0.0,0.0,0.0,0.0,Matches,357103bd,0.21951219512195122,0.13043478260869565,0.25,0.2,360.0,0.12210449927431061
186,Štěpán Chaloupek,DF,cz Czechia,23-131,1.cz Slavia Prague,2003,1,1,0.12917271407837447,1.0,0.0,0.0,0,0,0,0,0,0,0.0,0.0,0.0,0.0,0.0,Matches,ded82b9a,0.0,0.0,0.0,0.13333333333333333,90.0,0.07250120948234155
187,Mouhib Chamakh,GK,tn Tunisia,24-326,1.tn Club Africain,2001,1,1,0.12917271407837447,1.0,0.0,0.0,0,0,0,0,0,0,0.0,0.0,0.0,0.0,0.0,Matches,9627f87b,0.0,0.0,0.0,0.0,90.0,0.0
188,Firas Chaouat,FW,tn Tunisia,30-070,1.tn Club Africain,1996,3,0,0.06966618287373005,0.5,0.0,0.0,0,0,0,0,0,0,0.0,0.0,0.0,0.0,0.0,Matches,7fa8ef98,0.0,0.0,0.0,0.0,49.0,0.0
189,Luis Chávez,MF,mx Mexico,30-183,1.ru Dynamo Moskva,1996,1,0,0.03483309143686502,0.3,0.0,0.0,0,0,0,0,0,0,0.0,0.0,0.0,0.0,0.0,Matches,e50949ea,0.0,0.0,0.05,0.0,25.0,0.013483309143686504
190,Mateo Chávez,DF,mx Mexico,22-066,1.nl AZ Alkmaar,2004,1,1,0.11030478955007257,0.9,0.125,0.0,1,1,0,0,0,0,1.17,0.0,1.17,1.17,1.17,Matches,f82246a1,0.024390243902439025,0.043478260869565216,0.05,0.0,77.0,0.04456095791001452
191,Samir Chergui,DF,dz Algeria,27-161,1.fr Paris FC,1999,1,0,0.027576197387518143,0.2,0.0,0.0,0,0,0,0,0,0,0.0,0.0,0.0,0.0,0.0,Matches,4b6ab1da,0.0,0.0,0.0,0.0,20.0,0.0055152394775036286
192,Rayan Cherki,FWMF,fr France,22-334,1.eng Manchester City,2003,6,0,0.12191582002902758,0.9,0.0,0.0,0,0,0,0,0,0,0.0,0.0,0.0,0.0,0.0,Matches,b34c63a5,0.024390243902439025,0.043478260869565216,0.05,0.06666666666666667,85.0,0.02885824866956943
193,Mathieu Choinière,MF,ca Canada,27-160,1.us LAFC,1999,1,1,0.08127721335268506,0.6,0.0,0.0,0,0,0,0,0,0,0.0,0.0,0.0,0.0,0.0,Matches,017459bb,0.0,0.0,0.05,0.13333333333333333,57.0,0.03146105466860184
194,Tahith Chong,MF,cw Curaçao,26-225,2.eng Sheffield United,1999,3,3,0.35703918722786643,2.7,0.0,0.0,0,0,0,0,0,0,0.0,0.0,0.0,0.0,0.0,Matches,2696b6a9,0.0975609756097561,0.08695652173913043,0.0,0.06666666666666667,247.0,0.04237058538945331
195,Tomáš Chorý,FW,cz Czechia,31-172,1.cz Slavia Prague,1995,2,0,0.04354136429608128,0.3,0.0,0.0,0,0,0,0,0,0,0.0,0.0,0.0,0.0,0.0,Matches,163bbd4a,0.0,0.0,0.0,0.0,31.0,0.0
196,Ryan Christie,MF,sct Scotland,31-145,1.eng Bournemouth,1995,3,1,0.13642960812772134,1.1,0.0,0.0,0,0,0,0,1,0,0.0,0.0,0.0,0.0,0.0,Matches,26ce2263,0.04878048780487805,0.0,0.15000000000000002,0.13333333333333333,95.0,0.05697629414610548
197,Carney Chukwuemeka,MF,at Austria,22-270,1.de Dortmund,2003,3,0,0.11901306240928883,0.9,0.0,0.0,0,0,0,0,0,0,0.0,0.0,0.0,0.0,0.0,Matches,b2f9c73e,0.04878048780487805,0.043478260869565216,0.0,0.0,83.0,0.011901306240928883
198,Mojmír Chytil,FW,cz Czechia,27-079,1.cz Slavia Prague,1999,1,0,0.008708272859216255,0.1,0.0,0.0,0,0,0,0,0,0,0.0,0.0,0.0,0.0,0.0,Matches,01a08323,0.0,0.0,0.0,0.0,7.0,0.0
199,Brian Cipenga,MFFW,cd Congo DR,28-128,2.es Castellón,1998,2,2,0.2104499274310595,1.6,0.125,0.0,1,1,0,0,0,0,0.62,0.0,0.62,0.62,0.62,Matches,e4787d6f,0.14634146341463417,0.043478260869565216,0.1,0.0,146.0,0.07854499274310595
200,Alessandro Circati,DF,au Australia,22-280,1.it Parma,2003,4,4,0.5645863570391872,4.3,0.0,0.0,0,0,0,0,1,0,0.0,0.0,0.0,0.0,0.0,Matches,1223765c,0.07317073170731708,0.0,0.35000000000000003,0.13333333333333333,390.0,0.31708393807450413
201,Pathé Ciss,DF,sn Senegal,32-123,1.es Rayo Vallecano,1994,4,1,0.26560232220609575,2.0,0.0,0.0,0,0,0,0,0,0,0.0,0.0,0.0,0.0,0.0,Matches,9a0408b6,0.04878048780487805,0.043478260869565216,0.0,0.0,184.0,0.05312046444121915
202,Livano Comenencia,MF,cw Curaçao,22-164,1.ch Zürich,2004,3,3,0.3367198838896952,2.6,0.125,0.0,1,1,0,0,1,0,0.39,0.0,0.39,0.39,0.39,Matches,c9d96dc1,0.12195121951219512,0.08695652173913043,0.05,0.7333333333333333,233.0,0.15450532172230286
203,Eray Cömert,DF,ch Switzerland,28-163,1.es Valencia,1998,1,0,0.04354136429608128,0.3,0.0,0.0,0,0,0,0,0,0,0.0,0.0,0.0,0.0,0.0,Matches,15937e17,0.0,0.0,0.0,0.0,31.0,0.008708272859216255
204,Francisco Conceição,MF,pt Portugal,23-215,1.it Juventus,2002,4,0,0.181422351233672,1.4,0.0,0.0,0,0,0,0,0,0,0.0,0.0,0.0,0.0,0.0,Matches,5ef3d210,0.04878048780487805,0.0,0.1,0.0,126.0,0.0381422351233672
205,Jhon Córdoba,FW,co Colombia,33-067,1.ru Krasnodar,1993,3,2,0.14223512336719885,1.1,0.0,0.0,0,0,0,0,0,0,0.0,0.0,0.0,0.0,0.0,Matches,9f381d8b,0.04878048780487805,0.043478260869565216,0.0,0.0,99.0,0.016277836691410395
206,José Córdoba,DF,pa Panama,25-133,2.eng Norwich City,2001,3,3,0.3904208998548621,3.0,0.0,0.0,0,0,0,0,0,0,0.0,0.0,0.0,0.0,0.0,Matches,bec98750,0.0,0.0,0.15000000000000002,0.06666666666666667,270.0,0.16891751330430577
207,Derek Cornelius,DF,ca Canada,28-234,1.fr Marseille,1997,4,4,0.45573294629898403,3.5,0.0,0.0,0,0,0,0,1,0,0.0,0.0,0.0,0.0,0.0,Matches,577744b8,0.12195121951219512,0.043478260869565216,0.15000000000000002,0.13333333333333333,315.0,0.2053132559264635
208,Diogo Costa,GK,pt Portugal,26-301,1.pt Porto,1999,5,5,0.6516690856313498,5.0,0.0,0.0,0,0,0,0,0,0,0.0,0.0,0.0,0.0,0.0,Matches,93fffbcf,0.0,0.0,0.0,0.0,450.0,0.0
209,Nuno da Costa,FW,cv Cabo Verde,35-157,1.tr Başakşehir,1991,4,1,0.2293178519593614,1.8,0.0,0.0,0,0,0,0,0,0,0.0,0.0,0.0,0.0,0.0,Matches,909222de,0.024390243902439025,0.0,0.1,0.06666666666666667,159.0,0.004878048780487806
210,Samu Costa,MF,pt Portugal,25-232,1.es Mallorca,2000,1,0,0.02902757619738752,0.2,0.0,0.0,0,0,0,0,0,0,0.0,0.0,0.0,0.0,0.0,Matches,76c2a023,0.0,0.0,0.05,0.0,21.0,0.012902757619738754
211,Vladimír Coufal,MFDF,cz Czechia,33-329,1.de Hoffenheim,1992,3,3,0.3904208998548621,3.0,0.0,0.2,1,0,0,0,0,0,0.0,0.33,0.33,0.0,0.33,Matches,fdf3cb77,0.024390243902439025,0.0,0.05,0.13333333333333333,270.0,0.1472508466376391
212,Thibaut Courtois,GK,be Belgium,34-067,1.es Real Madrid,1992,6,6,0.7968069666182874,6.1,0.0,0.0,0,0,0,0,0,0,0.0,0.0,0.0,0.0,0.0,Matches,1840e36d,0.0,0.0,0.0,0.0,550.0,0.0
213,Maxime Crépeau,GK,ca Canada,32-067,1.us Orlando City,1994,5,5,0.6516690856313498,5.0,0.0,0.0,0,0,0,0,0,0,0.0,0.0,0.0,0.0,0.0,Matches,ea42e480,0.0,0.0,0.05,0.0,450.0,0.0
214,Max Crocombe,GK,nz New Zealand,32-339,2.eng Millwall,1993,3,3,0.3904208998548621,3.0,0.0,0.0,0,0,0,0,0,0,0.0,0.0,0.0,0.0,0.0,Matches,fdf47077,0.0,0.0,0.0,0.0,270.0,0.0
215,Pau Cubarsí,DF,es Spain,19-176,1.es Barcelona,2007,7,7,0.9129172714078375,7.0,0.0,0.0,0,0,0,0,1,0,0.0,0.0,0.0,0.0,0.0,Matches,cc7888f3,0.0975609756097561,0.08695652173913043,0.2,0.26666666666666666,630.0,0.3659167876149009
216,Andrés Cubas,MF,py Paraguay,30-056,1.us Vancouver,1996,5,5,0.6952104499274311,5.3,0.0,0.0,0,0,0,0,1,0,0.0,0.0,0.0,0.0,0.0,Matches,9b40a6ea,0.024390243902439025,0.0,0.65,0.7333333333333333,480.0,0.27285437832607645
217,Cucho,FWMF,co Colombia,27-088,1.es Real Betis,1999,2,0,0.07111756168359942,0.6,0.0,0.2,1,0,0,0,0,0,0.0,1.8,1.8,0.0,1.8,Matches,71b47ab9,0.024390243902439025,0.0,0.0,0.0,50.0,0.06711175616835995
218,Marc Cucurella,DF,es Spain,27-360,1.eng Chelsea,1998,7,7,0.9129172714078375,7.0,0.0,0.4,2,0,0,0,1,0,0.0,0.29,0.29,0.0,0.29,Matches,1daec722,0.12195121951219512,0.13043478260869565,0.2,0.4666666666666667,630.0,0.4359167876149009
219,Matheus Cunha,FW,br Brazil,27-051,1.eng Manchester Utd,1999,5,4,0.4194484760522496,3.2,0.375,0.0,3,3,0,0,0,0,0.93,0.0,0.93,0.93,0.93,Matches,dc62b55d,0.2682926829268293,0.21739130434782608,0.15000000000000002,0.2,290.0,0.25501723223753975
220,Findlay Curtis,MF,sct Scotland,19-289,1.sct Kilmarnock,2006,2,0,0.011611030478955007,0.1,0.0,0.0,0,0,0,0,1,0,0.0,0.0,0.0,0.0,0.0,Matches,e2a68b89,0.0,0.0,0.0,0.0,9.0,0.0011611030478955009
221,Aymen Dahmen,GK,tn Tunisia,29-170,1.tn Ahly Sfaxien,1997,2,2,0.2597968069666183,2.0,0.0,0.0,0,0,0,0,0,0,0.0,0.0,0.0,0.0,0.0,Matches,8bf49030,0.0,0.0,0.0,0.0,180.0,0.0
222,Diogo Dalot,DFMF,pt Portugal,27-121,1.eng Manchester Utd,1999,2,0,0.09288824383164006,0.7,0.0,0.0,0,0,0,0,0,0,0.0,0.0,0.0,0.0,0.0,Matches,d9565625,0.024390243902439025,0.0,0.1,0.0,65.0,0.06357764876632802
223,Danilo,DF,br Brazil,35-002,1.br Flamengo,1991,5,4,0.5863570391872279,4.5,0.0,0.0,0,0,0,0,2,0,0.0,0.0,0.0,0.0,0.0,Matches,94b2001f,0.024390243902439025,0.0,0.1,0.4666666666666667,405.0,0.3256047411707789
224,Kevin Danso,DF,at Austria,27-301,1.eng Tottenham,1998,4,2,0.3483309143686502,2.7,0.0,0.0,0,0,0,0,0,0,0.0,0.0,0.0,0.0,0.0,Matches,6e33125f,0.024390243902439025,0.0,0.05,0.0,241.0,0.09216618287373005
225,Vladimír Darida,MF,cz Czechia,35-343,1.cz Hradec Králové,1990,1,1,0.07692307692307693,0.6,0.0,0.0,0,0,0,0,0,0,0.0,0.0,0.0,0.0,0.0,Matches,3eb0f2df,0.024390243902439025,0.0,0.0,0.06666666666666667,54.0,0.01435897435897436
226,Jonathan David,FW,ca Canada,26-184,1.it Juventus,2000,5,5,0.6081277213352685,4.7,0.375,0.0,3,3,0,0,1,0,0.64,0.0,0.64,0.64,0.64,Matches,ce50fd99,0.43902439024390244,0.34782608695652173,0.05,0.2,420.0,0.30872879109225876
227,Promise David,FW,ca Canada,25-014,1.be Union SG,2001,4,0,0.1146589259796807,0.9,0.125,0.2,2,1,0,0,0,0,1.13,1.13,2.25,1.13,2.25,Matches,dbe19468,0.12195121951219512,0.13043478260869565,0.05,0.06666666666666667,80.0,0.14020546129374337
228,Alphonso Davies,DFFW,ca Canada,25-257,1.de Bayern Munich,2000,1,0,0.02177068214804064,0.2,0.0,0.0,0,0,0,0,0,0,0.0,0.0,0.0,0.0,0.0,Matches,d781d855,0.0,0.0,0.0,0.0,16.0,0.0043541364296081275
229,Erick Davis,DF,pa Panama,35-108,1.pa Plaza Amador,1991,2,0,0.0043541364296081275,0.0,0.0,0.0,0,0,0,0,0,0,0.0,0.0,0.0,0.0,0.0,Matches,2ffb0739,0.024390243902439025,0.0,0.05,0.0,4.0,0.023370827285921627
230,Nasser Al-Dawsari,MF,sa Saudi Arabia,27-210,1.sa Al-Hilal,1998,3,2,0.29898403483309144,2.3,0.0,0.0,0,0,0,0,1,0,0.0,0.0,0.0,0.0,0.0,Matches,7709e4a6,0.024390243902439025,0.0,0.2,0.26666666666666666,207.0,0.09656507014997583
231,Salem Al-Dawsari,MF,sa Saudi Arabia,34-332,1.sa Al-Hilal,1991,3,3,0.3541364296081277,2.7,0.0,0.0,0,0,0,0,1,0,0.0,0.0,0.0,0.0,0.0,Matches,60ee859c,0.07317073170731708,0.0,0.05,0.06666666666666667,245.0,0.05208030962747944
232,Mohammad Al-Dawud,FWMF,jo Jordan,34-096,1.jo Al-Wehdat SC,1992,1,0,0.0029027576197387514,0.0,0.0,0.0,0,0,0,0,0,0,0.0,0.0,0.0,0.0,0.0,Matches,e645c3fc,0.0,0.0,0.0,0.0,3.0,0.00029027576197387516
233,Kevin De Bruyne,MF,be Belgium,35-019,1.it Napoli,1991,5,5,0.5529753265602323,4.2,0.125,0.0,1,1,0,0,1,0,0.24,0.0,0.24,0.24,0.24,Matches,e46012d4,0.4878048780487805,0.21739130434782608,0.1,0.0,382.0,0.11279753265602324
234,Maxim De Cuyper,DF,be Belgium,25-207,1.eng Brighton,2000,6,5,0.6400580551523948,4.9,0.0,0.0,0,0,0,0,1,0,0.0,0.0,0.0,0.0,0.0,Matches,d494882e,0.24390243902439024,0.2608695652173913,0.1,0.4,442.0,0.3130116110304789
235,Luc De Fougerolles,DF,ca Canada,20-278,1.eng Fulham,2005,5,4,0.5384615384615385,4.1,0.0,0.0,0,0,0,0,2,0,0.0,0.0,0.0,0.0,0.0,Matches,45c427ff,0.07317073170731708,0.043478260869565216,0.30000000000000004,0.13333333333333333,372.0,0.2893589743589744
236,Charles De Ketelaere,FWMF,be Belgium,25-129,1.it Atalanta,2001,5,5,0.5065312046444123,3.9,0.375,0.2,4,3,0,0,0,0,0.77,0.26,1.03,0.77,1.03,Matches,2ef7c612,0.14634146341463417,0.21739130434782608,0.2,0.3333333333333333,350.0,0.29648645379777455
237,Nicolás De La Cruz,MF,uy Uruguay,29-046,1.br Flamengo,1997,3,0,0.12336719883889696,1.0,0.0,0.0,0,0,0,0,1,0,0.0,0.0,0.0,0.0,0.0,Matches,8fda5c72,0.0975609756097561,0.08695652173913043,0.05,0.13333333333333333,86.0,0.03567005321722304
238,Rodrigo De Paul,MF,ar Argentina,32-054,1.us Inter Miami,1994,6,5,0.6110304789550073,4.7,0.0,0.2,1,0,0,0,1,0,0.0,0.21,0.21,0.0,0.21,Matches,162efffd,0.04878048780487805,0.043478260869565216,0.2,0.4,422.0,0.20110304789550074
239,Amar Dedić,DF,ba Bosnia–Herz,23-333,1.pt Benfica,2002,3,3,0.3904208998548621,3.0,0.0,0.0,0,0,0,0,1,0,0.0,0.0,0.0,0.0,0.0,Matches,bc6e544a,0.04878048780487805,0.043478260869565216,0.35000000000000003,0.06666666666666667,270.0,0.2589175133043058
240,Louicius Deedson,MF,ht Haiti,25-156,1.us FC Dallas,2001,3,1,0.16110304789550073,1.2,0.0,0.0,0,0,0,0,0,0,0.0,0.0,0.0,0.0,0.0,Matches,f7059bb1,0.04878048780487805,0.0,0.0,0.06666666666666667,112.0,0.02277697145621674
241,Hannes Delcroix,DF,ht Haiti,27-139,1.ch Lugano,1999,3,3,0.3904208998548621,3.0,0.0,0.0,0,0,0,0,0,0,0.0,0.0,0.0,0.0,0.0,Matches,b737f944,0.0,0.0,0.15000000000000002,0.26666666666666666,270.0,0.23891751330430577
242,Ousmane Dembélé,MF,fr France,29-063,1.fr PSG,1997,7,7,0.7924528301886793,6.1,0.625,0.4,7,5,0,0,0,0,0.82,0.33,1.15,0.82,1.15,Matches,b19db005,0.4878048780487805,0.43478260869565216,0.1,0.0,547.0,0.4067452830188679
243,Merih Demiral,DF,tr Türkiye,28-134,1.sa Al-Ahli,1998,2,2,0.2597968069666183,2.0,0.0,0.0,0,0,0,0,0,0,0.0,0.0,0.0,0.0,0.0,Matches,e3cceee6,0.14634146341463417,0.08695652173913043,0.05,0.06666666666666667,180.0,0.097792694726657
244,Ermedin Demirović,FW,ba Bosnia–Herz,28-114,1.de Stuttgart,1998,4,4,0.5123367198838897,3.9,0.0,0.0,0,0,0,0,1,0,0.0,0.0,0.0,0.0,0.0,Matches,ed79b7d3,0.0975609756097561,0.17391304347826086,0.05,0.06666666666666667,354.0,0.045599151643690355
245,Sergiño Dest,MF,us United States,25-256,1.nl PSV,2000,5,4,0.4296081277213352,3.3,0.0,0.0,0,0,0,0,0,0,0.0,0.0,0.0,0.0,0.0,Matches,5976f83e,0.07317073170731708,0.043478260869565216,0.05,0.3333333333333333,297.0,0.08629414610546686
246,Frans Dhia Putros,DF,iq Iraq,33-003,1.id Persib Bandung,1993,1,1,0.12917271407837447,1.0,0.0,0.0,0,0,0,0,0,0,0.0,0.0,0.0,0.0,0.0,Matches,0102aa7e,0.0,0.0,0.1,0.13333333333333333,90.0,0.11750120948234156
247,Oumar Diakité,FW,ci Côte d'Ivoire,22-209,1.be Cercle Brugge,2003,2,0,0.03918722786647315,0.3,0.0,0.0,0,0,0,0,0,0,0.0,0.0,0.0,0.0,0.0,Matches,44435c8f,0.0,0.0,0.05,0.0,28.0,0.0
248,Amad Diallo,MFFW,ci Côte d'Ivoire,24-006,1.eng Manchester Utd,2002,4,2,0.26705370101596515,2.1,0.25,0.0,2,2,0,0,0,0,0.97,0.0,0.97,0.97,0.97,Matches,9dc96f10,0.1951219512195122,0.17391304347826086,0.2,0.13333333333333333,185.0,0.15503870343492984
249,Assane Diao,MF,sn Senegal,20-313,1.it Como,2005,1,0,0.013062409288824383,0.1,0.0,0.0,0,0,0,0,0,0,0.0,0.0,0.0,0.0,0.0,Matches,8ae7d0ec,0.0,0.0,0.05,0.0,10.0,0.01130624092888244
250,Habib Diarra,MF,sn Senegal,22-195,1.eng Sunderland,2004,3,2,0.2060957910014514,1.6,0.25,0.0,2,2,0,0,0,0,1.26,0.0,1.26,1.26,1.26,Matches,6d0fe035,0.0975609756097561,0.08695652173913043,0.1,0.06666666666666667,143.0,0.12227624576681181
251,Rúben Dias,DF,pt Portugal,29-064,1.eng Manchester City,1997,4,4,0.521044992743106,4.0,0.0,0.0,0,0,0,0,1,0,0.0,0.0,0.0,0.0,0.0,Matches,31c69ef1,0.0,0.0,0.15000000000000002,0.3333333333333333,360.0,0.2883756652152879
252,Krépin Diatta,DF,sn Senegal,27-142,1.fr Monaco,1999,4,4,0.5645863570391872,4.3,0.0,0.0,0,0,0,0,0,0,0.0,0.0,0.0,0.0,0.0,Matches,8104e41e,0.024390243902439025,0.0,0.5,0.2,390.0,0.40791727140783746
253,Mory Diaw,GK,sn Senegal,33-025,1.fr Le Havre,1993,3,2,0.3439767779390421,2.6,0.0,0.0,0,0,0,0,0,0,0.0,0.0,0.0,0.0,0.0,Matches,f41a69e6,0.0,0.0,0.0,0.0,238.0,0.0
254,Brahim Díaz,MF,ma Morocco,26-348,1.es Real Madrid,1999,6,6,0.6618287373004355,5.1,0.0,0.8,4,0,0,0,0,0,0.0,0.79,0.79,0.0,0.79,Matches,407feb71,0.14634146341463417,0.043478260869565216,0.1,0.26666666666666666,457.0,0.35284954039671024
255,Ismael Díaz,FWMF,pa Panama,29-066,1.mx León,1997,2,0,0.05224963715529753,0.4,0.0,0.0,0,0,0,0,0,0,0.0,0.0,0.0,0.0,0.0,Matches,f2a276d1,0.14634146341463417,0.08695652173913043,0.05,0.0,37.0,0.015224963715529755
256,Luis Díaz,FWMF,co Colombia,29-185,1.de Bayern Munich,1997,5,5,0.6923076923076923,5.3,0.125,0.2,2,1,0,0,0,0,0.19,0.19,0.38,0.19,0.38,Matches,4a1a9578,0.4634146341463415,0.2608695652173913,0.0,0.06666666666666667,478.0,0.1733974358974359
257,Bamba Dieng,FW,sn Senegal,26-116,1.fr Lorient,2000,1,0,0.010159651669085631,0.1,0.0,0.0,0,0,0,0,0,0,0.0,0.0,0.0,0.0,0.0,Matches,40774c6b,0.0,0.0,0.0,0.0,8.0,0.0
258,Lucas Digne,DF,fr France,32-362,1.eng Aston Villa,1993,5,5,0.6052249637155298,4.6,0.0,0.0,0,0,0,0,0,0,0.0,0.0,0.0,0.0,0.0,Matches,1b84dbe1,0.04878048780487805,0.043478260869565216,0.15000000000000002,0.13333333333333333,418.0,0.23521165940977265
259,Diney,DF,cv Cabo Verde,31-181,1.ae Al Bataeh,1995,4,4,0.5645863570391872,4.3,0.0,0.0,0,0,0,0,1,0,0.0,0.0,0.0,0.0,0.0,Matches,d2e33ba2,0.0975609756097561,0.08695652173913043,0.35000000000000003,0.26666666666666666,390.0,0.3637506047411708
260,Ousmane Diomande,DF,ci Côte d'Ivoire,22-225,1.pt Sporting CP,2003,1,1,0.12917271407837447,1.0,0.0,0.0,0,0,0,0,0,0,0.0,0.0,0.0,0.0,0.0,Matches,394be156,0.0,0.0,0.0,0.06666666666666667,90.0,0.04916787614900822
261,Yan Diomandé,MFFW,ci Côte d'Ivoire,19-245,1.de RB Leipzig,2006,4,4,0.47605224963715526,3.7,0.0,0.2,1,0,0,0,0,0,0.0,0.27,0.27,0.0,0.27,Matches,919f5f54,0.0975609756097561,0.0,0.30000000000000004,0.26666666666666666,329.0,0.1942718916303822
262,Issa Diop,DF,ma Morocco,29-189,1.eng Fulham,1997,5,5,0.6894049346879536,5.3,0.125,0.0,1,1,0,0,3,0,0.19,0.0,0.19,0.19,0.19,Matches,a712ca2b,0.024390243902439025,0.043478260869565216,0.05,0.4666666666666667,476.0,0.32371432027092406
263,El Hadji Malick Diouf,DF,sn Senegal,21-201,1.eng West Ham,2004,3,2,0.2467343976777939,1.9,0.0,0.0,0,0,0,0,0,0,0.0,0.0,0.0,0.0,0.0,Matches,bd5eb2e5,0.0,0.0,0.05,0.06666666666666667,171.0,0.09518021286889211
264,Ritsu Doan,MF,jp Japan,28-031,1.de Frankfurt,1998,4,4,0.4020319303338171,3.1,0.0,0.2,1,0,0,0,0,0,0.0,0.32,0.32,0.0,0.32,Matches,d01bbb6f,0.024390243902439025,0.0,0.05,0.06666666666666667,278.0,0.11686985970004839
265,Jeremy Doku,MF,be Belgium,24-051,1.eng Manchester City,2002,5,4,0.44702467343976776,3.4,0.0,0.0,0,0,0,0,0,0,0.0,0.0,0.0,0.0,0.0,Matches,fffea3e5,0.07317073170731708,0.043478260869565216,0.05,0.2,309.0,0.07470246734397679
266,Merchas Doski,DF,iq Iraq,26-222,1.cz Viktoria Plzeň,1999,3,3,0.3904208998548621,3.0,0.0,0.0,0,0,0,0,1,0,0.0,0.0,0.0,0.0,0.0,Matches,fdf4cfe5,0.024390243902439025,0.0,0.45,0.4,270.0,0.42058417997097247
267,David Douděra,MF,cz Czechia,28-047,1.cz Slavia Prague,1998,1,1,0.12917271407837447,1.0,0.0,0.0,0,0,0,0,0,0,0.0,0.0,0.0,0.0,0.0,Matches,e95b4604,0.0975609756097561,0.0,0.0,0.06666666666666667,90.0,0.019583938074504113
268,Désiré Doué,MF,fr France,21-044,1.fr PSG,2005,7,3,0.5137880986937591,3.9,0.125,0.2,2,1,0,0,0,0,0.25,0.25,0.51,0.25,0.51,Matches,9e7483ff,0.3170731707317073,0.34782608695652173,0.30000000000000004,0.13333333333333333,355.0,0.22221214320270927
269,Guéla Doué,DF,ci Côte d'Ivoire,23-273,1.fr Strasbourg,2002,4,3,0.4005805515239477,3.1,0.0,0.0,0,0,0,0,1,0,0.0,0.0,0.0,0.0,0.0,Matches,b4ef3fb5,0.024390243902439025,0.0,0.25,0.2,277.0,0.26261611030478954
270,Deroy Duarte,MF,cv Cabo Verde,27-013,1.bg Ludogorets,1999,4,2,0.38171262699564584,2.9,0.125,0.0,1,1,0,0,0,0,0.34,0.0,0.34,0.34,0.34,Matches,6af8fc5b,0.07317073170731708,0.08695652173913043,0.25,0.4,264.0,0.1656712626995646
271,Laros Duarte,MF,cv Cabo Verde,29-139,1.hu Puskás Akad.,1997,4,2,0.23947750362844702,1.8,0.0,0.0,0,0,0,0,0,0,0.0,0.0,0.0,0.0,0.0,Matches,4af3d3c8,0.07317073170731708,0.13043478260869565,0.05,0.13333333333333333,166.0,0.04728108369617804
272,Denzel Dumfries,DFMF,nl Netherlands,30-090,1.it Inter,1996,4,4,0.5645863570391872,4.3,0.0,0.4,2,0,0,0,0,0,0.0,0.46,0.46,0.0,0.46,Matches,481c9ece,0.12195121951219512,0.08695652173913043,0.30000000000000004,0.06666666666666667,390.0,0.27125060474117085
273,Jean-Kevin Duverne,DF,ht Haiti,29-005,1.be Gent,1997,2,2,0.24383164005805516,1.9,0.0,0.2,1,0,0,0,0,0,0.0,0.53,0.53,0.0,0.53,Matches,0cbc8baa,0.024390243902439025,0.0,0.1,0.26666666666666666,169.0,0.18709966134494438
274,Lyndon Dykes,FWMF,sct Scotland,30-283,2.eng Charlton Athletic,1995,2,0,0.05079825834542816,0.4,0.0,0.0,0,0,0,0,0,0,0.0,0.0,0.0,0.0,0.0,Matches,cd92357a,0.024390243902439025,0.0,0.0,0.0,36.0,0.005079825834542816
275,Edin Džeko,FW,ba Bosnia–Herz,40-122,2.de Schalke 04,1986,3,3,0.25399129172714074,2.0,0.0,0.0,0,0,0,0,1,0,0.0,0.0,0.0,0.0,0.0,Matches,3bb7f478,0.07317073170731708,0.0,0.0,0.06666666666666667,176.0,0.014634146341463417
276,Roshon van Eijma,DF,cw Curaçao,28-038,2.nl RKC Waalwijk,1998,1,0,0.020319303338171262,0.2,0.0,0.0,0,0,0,0,0,0,0.0,0.0,0.0,0.0,0.0,Matches,130368de,0.0,0.0,0.0,0.0,15.0,0.0040638606676342524
277,Anthony Elanga,MFFW,se Sweden,24-081,1.eng Newcastle,2002,4,2,0.3134978229317852,2.4,0.25,0.0,2,2,0,0,0,0,0.83,0.0,0.83,0.83,0.83,Matches,2fba6108,0.07317073170731708,0.13043478260869565,0.0,0.13333333333333333,217.0,0.11968311562651185
278,Meschak Elia,FWMF,cd Congo DR,28-345,1.tr Alanyaspor,1997,2,0,0.06531204644412192,0.5,0.0,0.2,1,0,0,0,0,0,0.0,1.96,1.96,0.0,1.96,Matches,5d51b074,0.04878048780487805,0.043478260869565216,0.0,0.06666666666666667,46.0,0.07319787131107885
279,Callan Elliot,DF,nz New Zealand,27-010,1.au Auckland FC,1999,1,0,0.01741654571843251,0.1,0.0,0.0,0,0,0,0,0,0,0.0,0.0,0.0,0.0,0.0,Matches,9d6968a3,0.0,0.0,0.05,0.0,13.0,0.025983309143686503
280,Eren Elmalı,DF,tr Türkiye,26-010,1.tr Galatasaray,2000,2,1,0.15965166908563136,1.2,0.0,0.0,0,0,0,0,1,0,0.0,0.0,0.0,0.0,0.0,Matches,8eeb8ba4,0.0,0.0,0.05,0.13333333333333333,111.0,0.10109700048379294
281,Nico Elvedi,DF,ch Switzerland,29-290,1.de Gladbach,1996,6,6,0.8693759071117562,6.7,0.0,0.0,0,0,0,0,1,0,0.0,0.0,0.0,0.0,0.0,Matches,48035304,0.07317073170731708,0.0,0.1,0.4,600.0,0.35887518142235125
282,Breel Embolo,FW,ch Switzerland,29-153,1.fr Rennes,1997,6,6,0.725689404934688,5.6,0.25,0.4,4,1,1,1,2,1,0.36,0.36,0.72,0.18,0.54,Matches,0b4f388a,0.24390243902439024,0.21739130434782608,0.0,0.13333333333333333,501.0,0.27388918345705193
283,Julio Enciso,FW,py Paraguay,22-175,1.fr Strasbourg,2004,5,5,0.5587808417997098,4.3,0.125,0.4,3,1,0,0,0,0,0.23,0.47,0.7,0.23,0.7,Matches,9cfbad36,0.1951219512195122,0.043478260869565216,0.25,0.06666666666666667,386.0,0.18179612937433723
284,Endrick,FW,br Brazil,19-361,1.fr Lyon,2006,4,0,0.1640058055152395,1.3,0.0,0.0,0,0,0,0,0,0,0.0,0.0,0.0,0.0,0.0,Matches,a2728fbf,0.07317073170731708,0.0,0.05,0.06666666666666667,114.0,0.014634146341463417
285,Sherzod Esanov,MF,uz Uzbekistan,23-166,1.uz FK Bukhara Nurafshon,2003,1,0,0.0,0.0,0.0,0.0,0,0,0,0,0,0,0.0,0.0,0.0,0.0,0.0,Matches,bd6667ba,0.0,0.0,0.0,0.06666666666666667,1.0,0.006666666666666667
286,Fidel Escobar,DF,pa Panama,31-189,1.cr Saprissa,1995,1,1,0.12917271407837447,1.0,0.0,0.0,0,0,0,0,0,0,0.0,0.0,0.0,0.0,0.0,Matches,4991ec66,0.0,0.0,0.1,0.06666666666666667,90.0,0.09416787614900822
287,Pervis Estupiñán,MF,ec Ecuador,28-177,1.it Milan,1998,2,1,0.1277213352685051,1.0,0.0,0.0,0,0,0,0,0,0,0.0,0.0,0.0,0.0,0.0,Matches,d38fdf53,0.0,0.0,0.05,0.0,89.0,0.022772133526850515
288,Derrick Etienne,FWMF,ht Haiti,29-234,1.us Toronto FC,1996,1,0,0.013062409288824383,0.1,0.0,0.0,0,0,0,0,0,0,0.0,0.0,0.0,0.0,0.0,Matches,59059f1e,0.0,0.0,0.0,0.0,10.0,0.0013062409288824384
289,Stephen Eustáquio,MF,ca Canada,29-208,1.pt Porto,1996,5,4,0.567489114658926,4.4,0.125,0.0,1,1,0,0,0,0,0.23,0.0,0.23,0.23,0.23,Matches,577efaec,0.0975609756097561,0.043478260869565216,0.25,0.2,392.0,0.1642489114658926
290,Martin Expérience,DFMF,ht Haiti,27-130,2.fr Nancy,1999,3,3,0.3904208998548621,3.0,0.0,0.0,0,0,0,0,0,0,0.0,0.0,0.0,0.0,0.0,Matches,9edb83f4,0.024390243902439025,0.0,0.30000000000000004,0.26666666666666666,270.0,0.3064175133043058
291,Saeid Ezatolahi,MF,ir IR Iran,29-289,1.ae Al-Ahli Dubai FC,1996,3,3,0.38171262699564584,2.9,0.0,0.0,0,0,0,0,2,0,0.0,0.0,0.0,0.0,0.0,Matches,314d95ac,0.14634146341463417,0.08695652173913043,0.25,0.4666666666666667,264.0,0.13483792936623126
292,Eberechi Eze,FWMF,eng England,28-018,1.eng Arsenal,1998,4,0,0.19158200290275762,1.5,0.0,0.0,0,0,0,0,0,0,0.0,0.0,0.0,0.0,0.0,Matches,ae4fc6a4,0.12195121951219512,0.0,0.0,0.0,133.0,0.019158200290275762
293,Fabinho,DFMF,br Brazil,32-267,1.sa Al-Ittihad,1993,3,0,0.10159651669085631,0.8,0.0,0.0,0,0,0,0,1,0,0.0,0.0,0.0,0.0,0.0,Matches,7f3b388c,0.024390243902439025,0.0,0.05,0.13333333333333333,71.0,0.08948597000483793
294,José Fajardo,FW,pa Panama,32-333,1.ec Univ Católica,1993,3,1,0.2235123367198839,1.7,0.0,0.0,0,0,0,0,1,0,0.0,0.0,0.0,0.0,0.0,Matches,682e47b3,0.024390243902439025,0.0,0.1,0.0,155.0,0.004878048780487806
295,Odeh Al-Fakhouri,MFFW,jo Jordan,20-237,1.eg Pyramids FC,2005,3,2,0.21335268505079827,1.6,0.0,0.0,0,0,0,0,0,0,0.0,0.0,0.0,0.0,0.0,Matches,30591ae5,0.04878048780487805,0.043478260869565216,0.05,0.13333333333333333,148.0,0.04466860183841317
296,Henrik Falchener,DF,no Norway,23-070,1.no Viking,2003,1,1,0.09288824383164006,0.7,0.0,0.0,0,0,0,0,0,0,0.0,0.0,0.0,0.0,0.0,Matches,57fe6b9b,0.0,0.0,0.0,0.06666666666666667,65.0,0.04191098209966135
297,Marko Farji,MF,iq Iraq,22-123,2.it Venezia,2004,2,0,0.07692307692307693,0.6,0.0,0.0,0,0,0,0,0,0,0.0,0.0,0.0,0.0,0.0,Matches,e046cff6,0.0,0.0,0.05,0.06666666666666667,54.0,0.024358974358974363
298,Christian Fassnacht,FWMF,ch Switzerland,32-248,1.ch Young Boys,1993,1,0,0.007256894049346879,0.1,0.0,0.0,0,0,0,0,0,0,0.0,0.0,0.0,0.0,0.0,Matches,0aeeed3f,0.0,0.0,0.05,0.0,6.0,0.01072568940493469
299,Abdul Fatawu Issahaku,FWMF,gh Ghana,22-131,2.eng Leicester City,2004,4,0,0.19013062409288825,1.5,0.0,0.0,0,0,0,0,1,0,0.0,0.0,0.0,0.0,0.0,Matches,bceda5ff,0.07317073170731708,0.0,0.0,0.0,132.0,0.019013062409288826
300,Ahmed Fathy,MF,qa Qatar,33-173,1.qa Al-Arabi,1993,3,1,0.216255442670537,1.7,0.0,0.0,0,0,0,0,2,0,0.0,0.0,0.0,0.0,0.0,Matches,f2369793,0.0,0.0,0.15000000000000002,0.2,150.0,0.07162554426705371
301,Hamdy Fathy,DFMF,eg Egypt,31-291,1.qa Al-Wakrah,1994,4,3,0.3439767779390421,2.6,0.0,0.0,0,0,0,0,1,0,0.0,0.0,0.0,0.0,0.0,Matches,c8ef4955,0.0,0.0,0.15000000000000002,0.13333333333333333,238.0,0.1829620222544751
302,Ahmed Fatouh,DF,eg Egypt,28-117,1.eg Zamalek SC,1998,3,3,0.386066763425254,3.0,0.0,0.0,0,0,0,0,1,0,0.0,0.0,0.0,0.0,0.0,Matches,de13286d,0.024390243902439025,0.043478260869565216,0.25,0.26666666666666666,267.0,0.2830466860183841
303,Abbosbek Fayzullayev,MF,uz Uzbekistan,22-287,1.tr Başakşehir,2003,3,3,0.3178519593613933,2.4,0.125,0.0,1,1,0,0,0,0,0.41,0.0,0.41,0.41,0.41,Matches,ef1d36a1,0.07317073170731708,0.08695652173913043,0.30000000000000004,0.06666666666666667,220.0,0.135951862602806
304,João Félix,MF,pt Portugal,26-249,1.sa Al-Nassr,1999,3,3,0.29027576197387517,2.2,0.0,0.0,0,0,0,0,0,0,0.0,0.0,0.0,0.0,0.0,Matches,8aafd64f,0.14634146341463417,0.043478260869565216,0.2,0.2,201.0,0.08902757619738753
305,Lewis Ferguson,MF,sct Scotland,26-327,1.it Bologna,1999,3,3,0.3904208998548621,3.0,0.0,0.0,0,0,0,0,0,0,0.0,0.0,0.0,0.0,0.0,Matches,ee64a822,0.04878048780487805,0.043478260869565216,0.35000000000000003,0.26666666666666666,270.0,0.1357087566521529
306,Bruno Fernandes,MF,pt Portugal,31-312,1.eng Manchester Utd,1994,5,5,0.6110304789550073,4.7,0.0,0.2,1,0,0,0,0,0,0.0,0.21,0.21,0.0,0.21,Matches,507c7bdf,0.21951219512195122,0.13043478260869565,0.25,0.0,422.0,0.17110304789550074
307,Enzo Fernández,MF,ar Argentina,25-181,1.eng Chelsea,2001,6,6,0.8258345428156749,6.3,0.25,0.0,2,2,0,0,0,0,0.32,0.0,0.32,0.32,0.32,Matches,5ff4ab71,0.29268292682926833,0.17391304347826086,0.35000000000000003,0.4,570.0,0.2675834542815675
308,Matias Fernandez-Pardo,FWMF,be Belgium,21-164,1.fr Lille,2005,3,0,0.06240928882438316,0.5,0.0,0.0,0,0,0,0,0,0,0.0,0.0,0.0,0.0,0.0,Matches,0cdb6a2a,0.07317073170731708,0.0,0.05,0.0,44.0,0.01624092888243832
309,Álvaro Fidalgo,MF,mx Mexico,29-099,1.es Real Betis,1997,3,1,0.1378809869375907,1.1,0.125,0.0,1,1,0,0,0,0,0.94,0.0,0.94,0.94,0.94,Matches,c705cdc4,0.07317073170731708,0.08695652173913043,0.0,0.06666666666666667,96.0,0.057954765360425736
310,Sherel Floranus,DF,cw Curaçao,27-328,1.nl Zwolle,1998,3,3,0.3904208998548621,3.0,0.0,0.0,0,0,0,0,0,0,0.0,0.0,0.0,0.0,0.0,Matches,5ad49fbb,0.04878048780487805,0.0,0.30000000000000004,0.26666666666666666,270.0,0.3064175133043058
311,Seko Fofana,MF,ci Côte d'Ivoire,31-071,1.pt Porto,1995,2,1,0.1320754716981132,1.0,0.0,0.0,0,0,0,0,1,0,0.0,0.0,0.0,0.0,0.0,Matches,5313ed43,0.12195121951219512,0.043478260869565216,0.0,0.13333333333333333,92.0,0.026540880503144654
312,Yahia Fofana,GK,ci Côte d'Ivoire,25-330,1.tr Rizespor,2000,4,4,0.521044992743106,4.0,0.0,0.0,0,0,0,0,0,0,0.0,0.0,0.0,0.0,0.0,Matches,9d420dad,0.0,0.0,0.0,0.0,360.0,0.0
313,Deveron Fonville,DF,cw Curaçao,23-062,1.nl NEC Nijmegen,2003,3,3,0.3483309143686502,2.7,0.0,0.0,0,0,0,0,0,0,0.0,0.0,0.0,0.0,0.0,Matches,21932982,0.0,0.0,0.15000000000000002,0.3333333333333333,241.0,0.2538328495403967
314,Yassin Fortuné,FWMF,ht Haiti,27-168,2.pt Vizela,1999,1,0,0.007256894049346879,0.1,0.0,0.0,0,0,0,0,0,0,0.0,0.0,0.0,0.0,0.0,Matches,ddcc9e22,0.0,0.0,0.0,0.0,6.0,0.000725689404934688
315,Lyle Foster,FW,za South Africa,25-317,1.eng Burnley,2000,1,1,0.07837445573294631,0.6,0.0,0.0,0,0,0,0,0,0,0.0,0.0,0.0,0.0,0.0,Matches,f84a807c,0.024390243902439025,0.0,0.0,0.0,55.0,0.004878048780487806
316,Alan Franco,DF,ec Ecuador,27-330,1.br Atlético Mineiro,1998,4,4,0.36284470246734396,2.8,0.0,0.0,0,0,0,0,2,0,0.0,0.0,0.0,0.0,0.0,Matches,c76b161b,0.0,0.0,0.30000000000000004,0.26666666666666666,251.0,0.3009022738268021
317,Alex Freeman,DF,us United States,21-342,1.es Villarreal,2004,5,4,0.5413642960812772,4.2,0.125,0.2,2,1,0,0,0,0,0.24,0.24,0.48,0.24,0.48,Matches,754f150b,0.0975609756097561,0.043478260869565216,0.30000000000000004,0.4666666666666667,374.0,0.4066061925495888
318,Matt Freese,GK,us United States,27-318,1.us NYCFC,1998,4,4,0.521044992743106,4.0,0.0,0.0,0,0,0,0,0,0,0.0,0.0,0.0,0.0,0.0,Matches,2f49476c,0.0,0.0,0.0,0.0,360.0,0.0
319,Remo Freuler,MF,ch Switzerland,34-093,1.it Bologna,1992,6,6,0.8577648766328012,6.6,0.0,0.0,0,0,0,0,0,0,0.0,0.0,0.0,0.0,0.0,Matches,98d2c2c4,0.04878048780487805,0.043478260869565216,0.25,0.5333333333333333,592.0,0.18910982099661344
320,Marco Friedl,DF,at Austria,28-123,1.de Werder Bremen,1998,1,0,0.033381712626995644,0.3,0.0,0.0,0,0,0,0,0,0,0.0,0.0,0.0,0.0,0.0,Matches,f86ad3f5,0.0,0.0,0.0,0.0,24.0,0.006676342525399129
321,Juriën Gaari,DF,cw Curaçao,32-206,2.sa Abha,1993,2,2,0.23947750362844702,1.8,0.0,0.0,0,0,0,0,1,0,0.0,0.0,0.0,0.0,0.0,Matches,bf7a9d1a,0.04878048780487805,0.0,0.1,0.13333333333333333,166.0,0.13956216739235608
322,Jassem Gaber,MF,qa Qatar,24-147,1.qa Al Rayyan SC,2002,3,3,0.21480406386066764,1.7,0.0,0.0,0,0,0,0,1,0,0.0,0.0,0.0,0.0,0.0,Matches,af9ef8aa,0.0,0.0,0.1,0.0,149.0,0.04148040638606677
323,Cody Gakpo,FW,nl Netherlands,27-071,1.eng Liverpool,1999,4,4,0.532656023222061,4.1,0.375,0.2,4,3,0,0,0,0,0.73,0.24,0.98,0.73,0.98,Matches,1971591f,0.24390243902439024,0.2608695652173913,0.05,0.13333333333333333,368.0,0.2966609225874868
324,Matías Galarza,MF,py Paraguay,24-156,1.us Atlanta Utd,2002,4,4,0.5616835994194485,4.3,0.125,0.2,2,1,0,0,2,0,0.23,0.23,0.46,0.23,0.46,Matches,8e97a57b,0.04878048780487805,0.043478260869565216,0.55,0.4666666666666667,388.0,0.31033502660861156
325,Hernán Galíndez,GK,ec Ecuador,39-109,1.ar Huracán,1987,4,4,0.521044992743106,4.0,0.0,0.0,0,0,0,0,0,0,0.0,0.0,0.0,0.0,0.0,Matches,89c136f6,0.0,0.0,0.0,0.0,360.0,0.0
326,Jesús Gallardo,DF,mx Mexico,31-336,1.mx Toluca,1994,5,4,0.5399129172714079,4.1,0.0,0.0,0,0,0,0,0,0,0.0,0.0,0.0,0.0,0.0,Matches,d0846b6c,0.0975609756097561,0.0,0.05,0.4666666666666667,373.0,0.2938159167876149
327,Ahmed Al-Ganehi,FW,qa Qatar,25-298,1.qa Al-Gharafa Sports Club,2000,1,0,0.05079825834542816,0.4,0.0,0.0,0,0,0,0,0,0,0.0,0.0,0.0,0.0,0.0,Matches,efcf04d2,0.024390243902439025,0.0,0.05,0.0,36.0,0.004878048780487806
328,Ben Gannon-Doak,MF,sct Scotland,20-248,1.eng Bournemouth,2005,3,2,0.26850507982583455,2.1,0.0,0.0,0,0,0,0,0,0,0.0,0.0,0.0,0.0,0.0,Matches,733f1a7d,0.0975609756097561,0.0,0.05,0.0,186.0,0.03685050798258346
329,Gavi,FW,es Spain,21-346,1.es Barcelona,2004,2,1,0.1088534107402032,0.8,0.0,0.0,0,0,0,0,0,0,0.0,0.0,0.0,0.0,0.0,Matches,19cae58d,0.024390243902439025,0.0,0.1,0.06666666666666667,76.0,0.004878048780487806
330,Jason Geria,DF,au Australia,33-068,2.jp Albirex Niigata,1993,2,0,0.08853410740203194,0.7,0.0,0.0,0,0,0,0,0,0,0.0,0.0,0.0,0.0,0.0,Matches,cd494a8d,0.0,0.0,0.05,0.13333333333333333,62.0,0.08687348814707306
331,Khalid Al Ghannam,MF,sa Saudi Arabia,25-251,1.sa Al-Ettifaq,2000,1,0,0.0,0.0,0.0,0.0,0,0,0,0,0,0,0.0,0.0,0.0,0.0,0.0,Matches,c16843c7,0.0,0.0,0.0,0.0,1.0,0.0
332,Ismaël Gharbi,MF,tn Tunisia,22-098,1.de Augsburg,2004,3,1,0.18287373004354138,1.4,0.0,0.0,0,0,0,0,0,0,0.0,0.0,0.0,0.0,0.0,Matches,5b3cfa12,0.07317073170731708,0.0,0.05,0.06666666666666667,127.0,0.03495403967102081
333,Mehdi Ghayedi,FW,ir IR Iran,27-224,1.ae Al-Nasr Dubai,1998,1,0,0.06386066763425255,0.5,0.0,0.0,0,0,0,0,0,0,0.0,0.0,0.0,0.0,0.0,Matches,b6c90b4b,0.024390243902439025,0.0,0.0,0.0,45.0,0.004878048780487806
334,Farés Ghedjemis,FWMF,dz Algeria,23-314,2.it Frosinone,2002,1,0,0.0,0.0,0.0,0.0,0,0,0,0,0,0,0.0,0.0,0.0,0.0,0.0,Matches,14aac43e,0.0,0.0,0.0,0.0,1.0,0.0
335,Saman Ghoddos,MF,ir IR Iran,32-314,1.ae Al-Ittihad Kalba,1993,3,3,0.3004354136429608,2.3,0.0,0.0,0,0,0,0,0,0,0.0,0.0,0.0,0.0,0.0,Matches,f7b1d4e0,0.0975609756097561,0.0,0.2,0.3333333333333333,208.0,0.1033768746976294
336,Mohammad Ghorbani,MF,ir IR Iran,25-057,1.ae Al-Wahda FC,2001,1,1,0.12917271407837447,1.0,0.0,0.0,0,0,0,0,0,0,0.0,0.0,0.0,0.0,0.0,Matches,4a078e18,0.04878048780487805,0.043478260869565216,0.1,0.13333333333333333,90.0,0.046250604741170785
337,Lee Gi-hyuk,DF,kr Korea Republic,26-010,1.kr Gangwon FC,2000,3,3,0.3904208998548621,3.0,0.0,0.0,0,0,0,0,1,0,0.0,0.0,0.0,0.0,0.0,Matches,18c8c3c7,0.0,0.0,0.2,0.3333333333333333,270.0,0.2847508466376391
338,Armin Gigovic,MF,ba Bosnia–Herz,24-102,1.ch Young Boys,2002,2,1,0.11320754716981132,0.9,0.0,0.0,0,0,0,0,0,0,0.0,0.0,0.0,0.0,0.0,Matches,d0a0858e,0.0,0.0,0.05,0.13333333333333333,79.0,0.034654088050314474
339,Orlando Gill,GK,py Paraguay,26-036,1.py San Lorenzo,2000,5,5,0.6952104499274311,5.3,0.0,0.0,0,0,0,0,0,0,0.0,0.0,0.0,0.0,0.0,Matches,0d425331,0.0,0.0,0.0,0.0,480.0,0.0
340,Santiago Giménez,FW,mx Mexico,25-090,1.it Milan,2001,4,0,0.12336719883889696,1.0,0.0,0.0,0,0,0,0,0,0,0.0,0.0,0.0,0.0,0.0,Matches,37337aea,0.04878048780487805,0.043478260869565216,0.0,0.0,86.0,0.016277836691410395
341,Aníbal Godoy,MF,pa Panama,36-157,1.us San Diego FC,1990,1,0,0.0,0.0,0.0,0.0,0,0,0,0,0,0,0.0,0.0,0.0,0.0,0.0,Matches,2d496ca3,0.0,0.0,0.0,0.0,1.0,0.0
342,Andrés Gómez,MF,co Colombia,23-308,1.br Vasco da Gama,2002,1,0,0.0,0.0,0.0,0.0,0,0,0,0,0,0,0.0,0.0,0.0,0.0,0.0,Matches,76a82373,0.0,0.0,0.0,0.06666666666666667,1.0,0.006666666666666667
343,Diego Gómez,MF,py Paraguay,23-112,1.eng Brighton,2003,4,4,0.4397677793904209,3.4,0.0,0.0,0,0,0,0,2,0,0.0,0.0,0.0,0.0,0.0,Matches,916728da,0.14634146341463417,0.0,0.30000000000000004,0.6,304.0,0.16397677793904208
344,Gustavo Gómez,DF,py Paraguay,33-072,1.br Palmeiras,1993,5,5,0.6952104499274311,5.3,0.0,0.0,0,0,0,0,0,0,0.0,0.0,0.0,0.0,0.0,Matches,d5ce52a5,0.04878048780487805,0.0,0.15000000000000002,0.13333333333333333,480.0,0.2532087566521529
345,Armando González,FW,mx Mexico,23-088,1.mx Guadalajara,2003,1,0,0.020319303338171262,0.2,0.0,0.0,0,0,0,0,0,0,0.0,0.0,0.0,0.0,0.0,Matches,1278bc9a,0.0,0.0,0.0,0.0,15.0,0.0
346,Nicolás González,FWMF,ar Argentina,28-102,1.es Atlético Madrid,1998,6,0,0.30914368650217705,2.4,0.0,0.2,1,0,0,0,0,0,0.0,0.42,0.42,0.0,0.42,Matches,2374aaca,0.17073170731707318,0.043478260869565216,0.15000000000000002,0.06666666666666667,214.0,0.12758103531688436
347,Anthony Gordon,MF,eng England,25-143,1.es Barcelona,2001,6,5,0.5732946298984035,4.4,0.125,0.6000000000000001,4,1,0,0,0,0,0.23,0.68,0.91,0.23,0.91,Matches,2bd83368,0.14634146341463417,0.17391304347826086,0.15000000000000002,0.2,396.0,0.3248294629898404
348,Leon Goretzka,MF,de Germany,31-161,1.de Bayern Munich,1995,3,0,0.14223512336719885,1.1,0.0,0.0,0,0,0,0,0,0,0.0,0.0,0.0,0.0,0.0,Matches,cc86b9a3,0.04878048780487805,0.0,0.05,0.06666666666666667,99.0,0.030890179003386555
349,Kenji Gorré,FWMF,cw Curaçao,31-291,1.il Maccabi Haifa,1994,1,0,0.02177068214804064,0.2,0.0,0.0,0,0,0,0,0,0,0.0,0.0,0.0,0.0,0.0,Matches,52d1a4c6,0.0,0.0,0.0,0.0,16.0,0.0021770682148040637
350,Keisuke Gotō,FW,jp Japan,21-044,1.be Sint-Truiden,2005,1,0,0.008708272859216255,0.1,0.0,0.0,0,0,0,0,0,0,0.0,0.0,0.0,0.0,0.0,Matches,82a2ca86,0.0,0.0,0.05,0.0,7.0,0.0
351,Amine Gouiri,FW,dz Algeria,26-151,1.fr Marseille,2000,4,3,0.36284470246734396,2.8,0.125,0.0,1,1,0,0,0,0,0.36,0.0,0.36,0.36,0.36,Matches,aad56ca3,0.07317073170731708,0.08695652173913043,0.05,0.0,251.0,0.08392762460233298
352,Ryan Gravenberch,MF,nl Netherlands,24-062,1.eng Liverpool,2002,4,4,0.4992743105950653,3.8,0.0,0.4,2,0,0,0,0,0,0.0,0.52,0.52,0.0,0.52,Matches,b8e740fb,0.12195121951219512,0.0,0.05,0.4,345.0,0.21992743105950655
353,Michael Gregoritsch,FW,at Austria,32-090,1.de Augsburg,1994,3,2,0.2714078374455733,2.1,0.0,0.2,1,0,0,0,0,0,0.0,0.48,0.48,0.0,0.48,Matches,8e235926,0.024390243902439025,0.0,0.0,0.0,188.0,0.04487804878048782
354,Florian Grillitsch,DFMF,at Austria,30-344,1.pt Braga,1995,2,0,0.12917271407837447,1.0,0.0,0.0,0,0,0,0,0,0,0.0,0.0,0.0,0.0,0.0,Matches,ffbbc83b,0.0,0.0,0.05,0.0,90.0,0.0483345428156749
355,Pascal Groß,DFMF,de Germany,35-032,1.eng Brighton,1991,1,0,0.02467343976777939,0.2,0.0,0.0,0,0,0,0,0,0,0.0,0.0,0.0,0.0,0.0,Matches,8aec0537,0.024390243902439025,0.0,0.1,0.0,18.0,0.049934687953555885
356,Gabriel Gudmundsson,MFDF,se Sweden,27-079,1.eng Leeds United,1999,4,4,0.47750362844702465,3.7,0.0,0.0,0,0,0,0,1,0,0.0,0.0,0.0,0.0,0.0,Matches,d5d22a58,0.0,0.0,0.15000000000000002,0.3333333333333333,330.0,0.27966739235607163
357,Cho Gue-sung,FW,kr Korea Republic,28-173,1.dk Midtjylland,1998,2,0,0.04354136429608128,0.3,0.0,0.0,0,0,0,0,1,0,0.0,0.0,0.0,0.0,0.0,Matches,ccfa8e5e,0.04878048780487805,0.043478260869565216,0.0,0.0,31.0,0.016277836691410395
358,Marc Guéhi,DF,eng England,26-004,1.eng Manchester City,2000,7,6,0.8316400580551524,6.4,0.0,0.0,0,0,0,0,1,0,0.0,0.0,0.0,0.0,0.0,Matches,d0706b27,0.024390243902439025,0.0,0.05,0.4,574.0,0.3288280116110305
359,Evann Guessand,FWMF,ci Côte d'Ivoire,25-016,1.eng Crystal Palace,2001,2,0,0.023222060957910014,0.2,0.0,0.0,0,0,0,0,0,0,0.0,0.0,0.0,0.0,0.0,Matches,b73f17f8,0.024390243902439025,0.0,0.0,0.0,17.0,0.0023222060957910017
360,Idrissa Gueye,MF,sn Senegal,36-294,1.eng Everton,1989,4,4,0.5224963715529753,4.0,0.0,0.0,0,0,0,0,0,0,0.0,0.0,0.0,0.0,0.0,Matches,72c812f3,0.12195121951219512,0.043478260869565216,0.2,0.13333333333333333,361.0,0.10558297048863088
361,Pape Gueye,MF,sn Senegal,27-174,1.es Villarreal,1999,4,3,0.33817126269956455,2.6,0.25,0.2,3,2,0,0,1,0,0.77,0.38,1.15,0.77,1.15,Matches,7155e3e1,0.1951219512195122,0.13043478260869565,0.05,0.26666666666666666,234.0,0.20548379293662314
362,Bruno Guimarães,MF,br Brazil,28-243,1.eng Newcastle,1997,5,5,0.602322206095791,4.6,0.0,0.8,4,0,0,1,0,0,0.0,0.87,0.87,0.0,0.87,Matches,82518f62,0.1951219512195122,0.08695652173913043,0.30000000000000004,0.13333333333333333,416.0,0.3735655539429124
363,Deniz Gül,FW,tr Türkiye,22-015,1.pt Porto,2004,2,0,0.05224963715529753,0.4,0.0,0.0,0,0,0,0,0,0,0.0,0.0,0.0,0.0,0.0,Matches,f0fb443e,0.04878048780487805,0.043478260869565216,0.0,0.0,37.0,0.016277836691410395
364,Arda Güler,MF,tr Türkiye,21-142,1.es Real Madrid,2005,3,3,0.3904208998548621,3.0,0.125,0.0,1,1,0,0,0,0,0.33,0.0,0.33,0.33,0.33,Matches,3741ca58,0.29268292682926833,0.17391304347826086,0.15000000000000002,0.13333333333333333,270.0,0.11987542331881956
365,Angus Gunn,GK,sct Scotland,30-176,1.eng Nottingham,1996,3,3,0.3904208998548621,3.0,0.0,0.0,0,0,0,0,0,0,0.0,0.0,0.0,0.0,0.0,Matches,e082af5b,0.0,0.0,0.05,0.0,270.0,0.0
366,Malo Gusto,DFMF,fr France,23-059,1.eng Chelsea,2003,4,0,0.04499274310595065,0.4,0.0,0.0,0,0,0,0,0,0,0.0,0.0,0.0,0.0,0.0,Matches,d56b9520,0.0,0.0,0.15000000000000002,0.13333333333333333,32.0,0.12316521528785682
367,Brian Gutiérrez,MF,mx Mexico,23-030,1.mx Guadalajara,2003,4,2,0.28592162554426703,2.2,0.0,0.0,0,0,0,0,1,0,0.0,0.0,0.0,0.0,0.0,Matches,d88f31db,0.14634146341463417,0.0,0.05,0.13333333333333333,198.0,0.05192549588776004
368,Jorge Gutiérrez,DF,pa Panama,27-319,1.ve Dep. La Guaira,1998,1,1,0.12481857764876633,1.0,0.0,0.0,0,0,0,0,0,0,0.0,0.0,0.0,0.0,0.0,Matches,56f6d192,0.0,0.0,0.05,0.06666666666666667,87.0,0.0707970488630866
369,Joško Gvardiol,DF,hr Croatia,24-175,1.eng Manchester City,2002,4,2,0.2002902757619739,1.5,0.0,0.0,0,0,0,0,0,0,0.0,0.0,0.0,0.0,0.0,Matches,5ad50391,0.024390243902439025,0.0,0.1,0.13333333333333333,139.0,0.13172472181906145
370,Viktor Gyökeres,FW,se Sweden,28-043,1.eng Arsenal,1998,4,4,0.521044992743106,4.0,0.125,0.4,3,1,0,0,1,0,0.25,0.5,0.75,0.25,0.75,Matches,4d5a9185,0.29268292682926833,0.2608695652173913,0.05,0.0,360.0,0.23391702014846238
371,Aziz Gʻaniyev,MF,uz Uzbekistan,28-145,0,1998,2,1,0.1756168359941945,1.4,0.0,0.0,0,0,0,0,0,0,0.0,0.0,0.0,0.0,0.0,Matches,0c492054,0.024390243902439025,0.0,0.30000000000000004,0.0,122.0,0.07756168359941946
372,Erling Haaland,FW,no Norway,25-361,1.eng Manchester City,2000,5,5,0.6734397677793904,5.2,0.875,0.0,7,7,0,0,0,0,1.35,0.0,1.35,1.35,1.35,Matches,1f44ac21,0.4878048780487805,0.5652173913043478,0.0,0.06666666666666667,465.0,0.5760935843054082
373,Ihsan Haddad,DF,jo Jordan,32-162,1.jo Al-Hussein SC,1994,3,3,0.3759071117561683,2.9,0.0,0.2,1,0,0,0,0,0,0.0,0.35,0.35,0.0,0.35,Matches,85660a5d,0.024390243902439025,0.0,0.05,0.13333333333333333,260.0,0.14434808901790033
374,Anis Hadj Moussa,MF,dz Algeria,24-156,1.nl Feyenoord,2002,3,1,0.14078374455732948,1.1,0.0,0.0,0,0,0,0,0,0,0.0,0.0,0.0,0.0,0.0,Matches,7bc7eef2,0.04878048780487805,0.0,0.0,0.06666666666666667,98.0,0.020745041122399617
375,Jaouen Hadjam,DF,dz Algeria,23-113,1.ch Young Boys,2003,3,1,0.1567489114658926,1.2,0.0,0.0,0,0,0,0,0,0,0.0,0.0,0.0,0.0,0.0,Matches,576817b7,0.024390243902439025,0.0,0.05,0.06666666666666667,109.0,0.07718311562651187
376,Amir Hadžiahmetović,MF,ba Bosnia–Herz,29-131,2.eng Hull City,1997,1,0,0.007256894049346879,0.1,0.0,0.0,0,0,0,0,0,0,0.0,0.0,0.0,0.0,0.0,Matches,e8213ed3,0.0,0.0,0.0,0.0,6.0,0.000725689404934688
377,Dennis Hadžikadunić,DF,ba Bosnia–Herz,28-008,2.it Sampdoria,1998,1,0,0.03773584905660377,0.3,0.0,0.2,1,0,0,0,0,0,0.0,3.33,3.33,0.0,3.33,Matches,82cfae2a,0.0,0.0,0.1,0.0,27.0,0.05254716981132076
378,Karim Hafez,DF,eg Egypt,30-127,1.eg Pyramids FC,1996,3,2,0.2481857764876633,1.9,0.0,0.2,1,0,0,0,0,0,0.0,0.52,0.52,0.0,0.52,Matches,d2debf23,0.024390243902439025,0.0,0.05,0.2,172.0,0.14213715529753265
379,Ehsan Hajsafi,DF,ir IR Iran,36-142,1.ir Sepahan,1990,2,1,0.13062409288824384,1.0,0.0,0.0,0,0,0,0,1,0,0.0,0.0,0.0,0.0,0.0,Matches,b060e3b8,0.024390243902439025,0.0,0.0,0.06666666666666667,91.0,0.0494581519109821
380,Achraf Hakimi,DF,ma Morocco,27-255,1.fr PSG,1998,6,6,0.8258345428156749,6.3,0.125,0.4,3,1,0,0,1,0,0.16,0.32,0.47,0.16,0.47,Matches,e42d61c7,0.34146341463414637,0.17391304347826086,0.5,0.3333333333333333,570.0,0.5068335752298017
381,Redouane Halhal,DF,ma Morocco,23-134,1.be Mechelen,2003,2,2,0.2597968069666183,2.0,0.0,0.0,0,0,0,0,1,0,0.0,0.0,0.0,0.0,0.0,Matches,e17c2cec,0.0,0.0,0.05,0.06666666666666667,180.0,0.097792694726657
382,Ali Al Hamadi,FW,iq Iraq,24-138,2.eng Ipswich Town,2002,3,2,0.2597968069666183,2.0,0.0,0.0,0,0,0,0,0,0,0.0,0.0,0.0,0.0,0.0,Matches,8450467d,0.14634146341463417,0.0,0.1,0.13333333333333333,180.0,0.029268292682926834
383,Abdullah Al-Hamdan,FW,sa Saudi Arabia,26-307,1.sa Al-Nassr,1999,3,0,0.10159651669085631,0.8,0.0,0.0,0,0,0,0,0,0,0.0,0.0,0.0,0.0,0.0,Matches,cc4b5436,0.04878048780487805,0.08695652173913043,0.0,0.0,71.0,0.022799575821845178
384,Mohamed Amine Ben Hamida,DF,tn Tunisia,30-214,1.tn Espérance Tunis,1995,3,2,0.2917271407837445,2.2,0.0,0.0,0,0,0,0,0,0,0.0,0.0,0.0,0.0,0.0,Matches,2a5e8f82,0.0,0.0,0.45,0.06666666666666667,202.0,0.28417876149008225
385,Odiljon Hamrobekov,MF,uz Uzbekistan,30-154,1.ir Tractor,1996,2,1,0.11030478955007257,0.9,0.0,0.0,0,0,0,0,1,0,0.0,0.0,0.0,0.0,0.0,Matches,03f63e77,0.024390243902439025,0.0,0.0,0.0,77.0,0.011030478955007257
386,Lee Han-beom,DF,kr Korea Republic,24-030,1.dk Midtjylland,2002,3,3,0.3904208998548621,3.0,0.0,0.0,0,0,0,0,0,0,0.0,0.0,0.0,0.0,0.0,Matches,071f2dd3,0.04878048780487805,0.0,0.1,0.2,270.0,0.19308417997097244
387,Grant Hanley,DF,sct Scotland,34-239,1.sct Hibernian,1991,2,2,0.2597968069666183,2.0,0.0,0.0,0,0,0,0,0,0,0.0,0.0,0.0,0.0,0.0,Matches,e9254eec,0.0,0.0,0.1,0.06666666666666667,180.0,0.12029269472665699
388,Sontje Hansen,FW,cw Curaçao,24-060,2.eng Middlesbrough,2002,1,1,0.06386066763425255,0.5,0.0,0.0,0,0,0,0,0,0,0.0,0.0,0.0,0.0,0.0,Matches,70bad10b,0.024390243902439025,0.043478260869565216,0.0,0.0,45.0,0.011399787910922589
389,Mohamed Hany,DF,eg Egypt,30-173,1.eg Al Ahly,1996,5,5,0.6952104499274311,5.3,0.0,0.2,1,0,0,0,0,0,0.0,0.19,0.19,0.0,0.19,Matches,9bcf1513,0.0975609756097561,0.0,0.45,0.4,480.0,0.48154208998548625
390,Moteb Al-Harbi,DF,sa Saudi Arabia,26-147,1.sa Al-Hilal,2000,3,2,0.2714078374455733,2.1,0.0,0.0,0,0,0,0,0,0,0.0,0.0,0.0,0.0,0.0,Matches,1d88554c,0.0,0.0,0.05,0.26666666666666666,188.0,0.17011490082244798
391,Saleh Hardani,DF,ir IR Iran,27-203,1.ir Esteghlal,1998,2,1,0.12917271407837447,1.0,0.0,0.0,0,0,0,0,0,0,0.0,0.0,0.0,0.0,0.0,Matches,3a9b682b,0.0,0.0,0.1,0.13333333333333333,90.0,0.11750120948234156
392,Carlos Harvey,MF,pa Panama,26-164,1.us Minnesota Utd,2000,3,3,0.386066763425254,3.0,0.0,0.0,0,0,0,0,1,0,0.0,0.0,0.0,0.0,0.0,Matches,3f18600c,0.12195121951219512,0.0,0.15000000000000002,0.0,267.0,0.0686066763425254
393,Akam Hashim,DF,iq Iraq,27-335,1.iq Al-Zawra'a SC,1998,3,3,0.3904208998548621,3.0,0.0,0.0,0,0,0,0,0,0,0.0,0.0,0.0,0.0,0.0,Matches,f8416e89,0.024390243902439025,0.0,0.05,0.13333333333333333,270.0,0.1472508466376391
394,Haissem Hassan,MF,eg Egypt,24-159,1.es Oviedo,2002,2,1,0.181422351233672,1.4,0.0,0.2,1,0,0,0,2,0,0.0,0.71,0.71,0.0,0.71,Matches,e0979e74,0.024390243902439025,0.0,0.05,0.0,126.0,0.0881422351233672
395,Jalal Hassan,GK,iq Iraq,35-060,1.iq Al-Zawra'a SC,1991,2,1,0.19448476052249639,1.5,0.0,0.0,0,0,0,0,0,0,0.0,0.0,0.0,0.0,0.0,Matches,87351c2e,0.0,0.0,0.0,0.0,135.0,0.0
396,Abdulaziz Hatem,MF,qa Qatar,36-197,1.qa Al Rayyan SC,1990,1,0,0.06386066763425255,0.5,0.0,0.0,0,0,0,0,0,0,0.0,0.0,0.0,0.0,0.0,Matches,c5065ef8,0.0,0.0,0.0,0.0,45.0,0.0063860667634252554
397,Jorrel Hato,DF,nl Netherlands,20-132,1.eng Chelsea,2006,1,0,0.04934687953555878,0.4,0.0,0.0,0,0,0,0,0,0,0.0,0.0,0.0,0.0,0.0,Matches,bde35051,0.0,0.0,0.0,0.0,35.0,0.009869375907111757
398,Kai Havertz,FW,de Germany,27-036,1.eng Arsenal,1999,4,4,0.5108853410740204,3.9,0.375,0.0,3,2,1,1,1,0,0.76,0.0,0.76,0.51,0.51,Matches,fed7cb61,0.29268292682926833,0.30434782608695654,0.1,0.06666666666666667,353.0,0.27293875927889716
399,Hassan Al-Haydos,MF,qa Qatar,35-218,1.qa Al Sadd,1990,2,1,0.08127721335268506,0.6,0.125,0.0,1,1,0,0,0,0,1.58,0.0,1.58,1.58,1.58,Matches,41bd6c64,0.024390243902439025,0.043478260869565216,0.0,0.0,57.0,0.045627721335268503
400,Jan Paul van Hecke,DF,nl Netherlands,26-039,1.eng Brighton,2000,4,4,0.5645863570391872,4.3,0.125,0.0,1,1,0,0,0,0,0.23,0.0,0.23,0.23,0.23,Matches,4fd08daa,0.07317073170731708,0.08695652173913043,0.15000000000000002,0.26666666666666666,390.0,0.2737506047411708
401,Hwang Hee-chan,FW,kr Korea Republic,30-172,1.eng Wolves,1996,3,1,0.15529753265602322,1.2,0.0,0.0,0,0,0,0,0,0,0.0,0.0,0.0,0.0,0.0,Matches,169fd162,0.024390243902439025,0.0,0.05,0.0,108.0,0.004878048780487806
402,Torbjørn Heggem,DF,no Norway,27-186,1.it Bologna,1999,5,5,0.6415094339622642,4.9,0.0,0.0,0,0,0,0,0,0,0.0,0.0,0.0,0.0,0.0,Matches,834fea76,0.024390243902439025,0.043478260869565216,0.35000000000000003,0.13333333333333333,443.0,0.3324685534591195
403,Alaa Al Hejji,MF,sa Saudi Arabia,30-226,1.sa Neom,1995,2,0,0.04499274310595065,0.4,0.0,0.0,0,0,0,0,0,0,0.0,0.0,0.0,0.0,0.0,Matches,6d258576,0.0,0.0,0.0,0.06666666666666667,32.0,0.011165940977261733
404,Jordan Henderson,MF,eng England,36-030,1.eng Brentford,1990,1,0,0.008708272859216255,0.1,0.0,0.0,0,0,0,0,1,0,0.0,0.0,0.0,0.0,0.0,Matches,935e6b8f,0.0,0.0,0.05,0.0,7.0,0.010870827285921628
405,Jack Hendry,DF,sct Scotland,31-071,1.sa Al-Ettifaq,1995,3,3,0.3904208998548621,3.0,0.0,0.0,0,0,0,0,0,0,0.0,0.0,0.0,0.0,0.0,Matches,ffed43e3,0.0,0.0,0.1,0.0,270.0,0.12308417997097243
406,Luiz Henrique,FWMF,br Brazil,25-196,1.ru Zenit,2001,1,0,0.040638606676342524,0.3,0.0,0.0,0,0,0,0,0,0,0.0,0.0,0.0,0.0,0.0,Matches,8059806f,0.0,0.0,0.0,0.0,29.0,0.0040638606676342524
407,Theo Hernández,DF,fr France,28-284,1.sa Al-Hilal,1997,4,2,0.3062409288824383,2.4,0.0,0.0,0,0,0,0,0,0,0.0,0.0,0.0,0.0,0.0,Matches,d4c9725f,0.07317073170731708,0.0,0.05,0.2,212.0,0.15374818577648766
408,Lucas Herrington,DF,au Australia,18-315,1.us Colorado Rapids,2007,2,2,0.3033381712626995,2.3,0.0,0.0,0,0,0,0,0,0,0.0,0.0,0.0,0.0,0.0,Matches,6f808c85,0.0,0.0,0.05,0.13333333333333333,210.0,0.12983430091920656
409,Son Heung-min,FW,kr Korea Republic,34-009,1.us LAFC,1992,3,2,0.24383164005805516,1.9,0.0,0.0,0,0,0,0,0,0,0.0,0.0,0.0,0.0,0.0,Matches,92e7e919,0.17073170731707318,0.043478260869565216,0.05,0.0,169.0,0.040668080593849416
410,Aaron Hickey,DF,sct Scotland,24-037,1.eng Brentford,2002,1,1,0.10595065312046445,0.8,0.0,0.0,0,0,0,0,1,0,0.0,0.0,0.0,0.0,0.0,Matches,1780bb4a,0.0,0.0,0.0,0.06666666666666667,74.0,0.04452346395742622
411,Isak Hien,DF,se Sweden,27-185,1.it Atalanta,1999,3,3,0.3120464441219158,2.4,0.0,0.0,0,0,0,0,1,0,0.0,0.0,0.0,0.0,0.0,Matches,12806697,0.0,0.0,0.15000000000000002,0.06666666666666667,216.0,0.1532426221577165
412,Piero Hincapié,DF,ec Ecuador,24-189,1.eng Arsenal,2002,4,4,0.49056603773584906,3.8,0.0,0.0,0,0,0,0,1,1,0.0,0.0,0.0,0.0,0.0,Matches,0c7a48f8,0.07317073170731708,0.0,0.25,0.26666666666666666,339.0,0.3039465408805031
413,Adam Hložek,FW,cz Czechia,23-357,1.de Hoffenheim,2002,3,2,0.22496371552975328,1.7,0.0,0.0,0,0,0,0,0,0,0.0,0.0,0.0,0.0,0.0,Matches,5521f419,0.07317073170731708,0.043478260869565216,0.05,0.06666666666666667,156.0,0.0211558854718982
414,Tomáš Holeš,DF,cz Czechia,33-108,1.cz Slavia Prague,1993,2,2,0.22060957910014514,1.7,0.0,0.0,0,0,0,0,0,0,0.0,0.0,0.0,0.0,0.0,Matches,e03c2d97,0.0,0.0,0.15000000000000002,0.26666666666666666,153.0,0.20495524915336236
415,Amirhossein Hosseinzadeh,FW,ir IR Iran,25-260,1.ir Tractor,2000,2,0,0.023222060957910014,0.2,0.0,0.0,0,0,0,0,0,0,0.0,0.0,0.0,0.0,0.0,Matches,47270f0c,0.024390243902439025,0.0,0.1,0.0,17.0,0.004878048780487806
416,Robin Hranáč,DF,cz Czechia,26-169,1.de Hoffenheim,2000,3,3,0.3904208998548621,3.0,0.0,0.0,0,0,0,0,0,0,0.0,0.0,0.0,0.0,0.0,Matches,95d5aea2,0.0,0.0,0.0,0.06666666666666667,270.0,0.10141751330430576
417,Ajdin Hrustic,MF,au Australia,30-012,1.nl Heracles Almelo,1996,2,0,0.1146589259796807,0.9,0.0,0.0,0,0,0,0,0,0,0.0,0.0,0.0,0.0,0.0,Matches,1f2d714c,0.07317073170731708,0.0,0.0,0.0,80.0,0.011465892597968071
418,César Huerta,FWMF,mx Mexico,25-226,1.be Anderlecht,2000,1,0,0.008708272859216255,0.1,0.0,0.0,0,0,0,0,0,0,0.0,0.0,0.0,0.0,0.0,Matches,de2f44ce,0.0,0.0,0.0,0.0,7.0,0.0008708272859216256
419,Al-Hashmi Al-Hussain,MF,qa Qatar,22-336,1.qa Al-Arabi,2003,1,0,0.04499274310595065,0.4,0.0,0.0,0,0,0,0,0,0,0.0,0.0,0.0,0.0,0.0,Matches,c164fda2,0.0,0.0,0.1,0.06666666666666667,32.0,0.031165940977261736
420,Ayman Hussein,FW,iq Iraq,30-117,1.iq Al-Karma,1996,2,2,0.16545718432510886,1.3,0.125,0.0,1,1,0,0,0,0,0.78,0.0,0.78,0.78,0.78,Matches,8b574de7,0.07317073170731708,0.043478260869565216,0.0,0.0,115.0,0.07740588547189821
421,Oh Hyeon-gyu,FW,kr Korea Republic,25-096,1.tr Beşiktaş,2001,3,1,0.18577648766328012,1.4,0.125,0.0,1,1,0,0,0,0,0.7,0.0,0.7,0.7,0.7,Matches,d25422fb,0.0975609756097561,0.08695652173913043,0.0,0.0,129.0,0.08880567338282079
422,Yang Hyun-jun,FWMF,kr Korea Republic,24-053,1.sct Celtic,2002,1,0,0.027576197387518143,0.2,0.0,0.0,0,0,0,0,0,0,0.0,0.0,0.0,0.0,0.0,Matches,f4cda99f,0.024390243902439025,0.043478260869565216,0.05,0.06666666666666667,20.0,0.019424286405418482
423,Roger Ibanez,DF,br Brazil,27-236,1.sa Al-Ahli,1998,1,1,0.06386066763425255,0.5,0.0,0.0,0,0,0,0,1,0,0.0,0.0,0.0,0.0,0.0,Matches,82efe6fa,0.0,0.0,0.1,0.06666666666666667,45.0,0.08110546686018384
424,Yasser Ibrahim,DF,eg Egypt,33-157,1.eg Al Ahly,1993,5,4,0.6763425253991292,5.2,0.125,0.0,1,1,0,0,2,0,0.19,0.0,0.19,0.19,0.19,Matches,0b89ad1b,0.024390243902439025,0.043478260869565216,0.30000000000000004,0.2,467.0,0.34026850507982587
425,Borja Iglesias,FW,es Spain,33-181,1.es Celta Vigo,1993,1,0,0.0,0.0,0.0,0.0,0,0,0,0,0,0,0.0,0.0,0.0,0.0,0.0,Matches,75645f0e,0.0,0.0,0.0,0.0,1.0,0.0
426,Hwang In-beom,MF,kr Korea Republic,29-300,1.nl Feyenoord,1996,3,3,0.38026124818577645,2.9,0.125,0.2,2,1,0,0,0,0,0.34,0.34,0.68,0.34,0.68,Matches,92fa5d28,0.0975609756097561,0.08695652173913043,0.1,0.26666666666666666,263.0,0.1821927914852443
427,Christ Inao Oulaï,MF,ci Côte d'Ivoire,20-102,1.tr Trabzonspor,2006,4,2,0.3004354136429608,2.3,0.0,0.0,0,0,0,0,0,0,0.0,0.0,0.0,0.0,0.0,Matches,62709ee4,0.04878048780487805,0.0,0.2,0.4,208.0,0.11004354136429609
428,Zidane Iqbal,MF,iq Iraq,23-081,1.nl Utrecht,2003,3,2,0.2714078374455733,2.1,0.0,0.0,0,0,0,0,0,0,0.0,0.0,0.0,0.0,0.0,Matches,6fa3c28e,0.0,0.0,0.1,0.06666666666666667,188.0,0.053807450411224006
429,Nestory Irankunda,FWMF,au Australia,20-158,2.eng Watford,2006,4,3,0.3773584905660377,2.9,0.125,0.0,1,1,0,0,0,0,0.34,0.0,0.34,0.34,0.34,Matches,4ac730b2,0.14634146341463417,0.08695652173913043,0.0,0.06666666666666667,261.0,0.08190251572327044
430,Jackson Irvine,MF,au Australia,33-132,1.de St Pauli,1993,4,2,0.32220609579100146,2.5,0.0,0.0,0,0,0,0,1,0,0.0,0.0,0.0,0.0,0.0,Matches,4637747c,0.07317073170731708,0.043478260869565216,0.05,0.06666666666666667,223.0,0.04888727624576682
431,Alexander Isak,FW,se Sweden,26-299,1.eng Liverpool,1999,4,4,0.5166908563134979,4.0,0.125,0.6000000000000001,4,1,0,0,0,0,0.25,0.76,1.01,0.25,1.01,Matches,8e92be30,0.1951219512195122,0.2608695652173913,0.1,0.0,357.0,0.2544048250265112
432,Wilson Isidor,FW,ht Haiti,25-324,1.eng Sunderland,2000,3,2,0.26850507982583455,2.1,0.125,0.0,1,1,0,0,0,0,0.48,0.0,0.48,0.48,0.48,Matches,a671316d,0.12195121951219512,0.08695652173913043,0.05,0.06666666666666667,186.0,0.09368372216330859
433,Jamshid Iskanderov,FWMF,uz Uzbekistan,32-274,1.uz Neftchi FK,1993,1,0,0.011611030478955007,0.1,0.0,0.0,0,0,0,0,0,0,0.0,0.0,0.0,0.0,0.0,Matches,3b8abe7c,0.0,0.0,0.0,0.0,9.0,0.0011611030478955009
434,Zaid Ismail,MF,iq Iraq,24-195,1.iq Al-Talaba,2002,2,2,0.1683599419448476,1.3,0.0,0.0,0,0,0,0,0,0,0.0,0.0,0.0,0.0,0.0,Matches,c65effaa,0.0,0.0,0.2,0.06666666666666667,117.0,0.06350266086115144
435,Ko Itakura,DF,jp Japan,29-171,1.nl Ajax,1997,2,2,0.18432510885341075,1.4,0.0,0.2,1,0,0,0,0,0,0.0,0.7,0.7,0.0,0.7,Matches,97d545ae,0.0,0.0,0.0,0.06666666666666667,128.0,0.06019835510401548
436,Jacob Italiano,DF,au Australia,24-352,1.at Grazer AK,2001,2,2,0.2351233671988389,1.8,0.0,0.0,0,0,0,0,1,0,0.0,0.0,0.0,0.0,0.0,Matches,2eb0ee9a,0.024390243902439025,0.0,0.1,0.06666666666666667,163.0,0.11535800677310111
437,Hiroki Ito,DF,jp Japan,27-066,1.de Bayern Munich,1999,4,4,0.521044992743106,4.0,0.0,0.0,0,0,0,0,0,0,0.0,0.0,0.0,0.0,0.0,Matches,204dded0,0.024390243902439025,0.0,0.1,0.0,360.0,0.1492089985486212
438,Junya Itō,MF,jp Japan,33-130,1.be Genk,1993,4,2,0.3120464441219158,2.4,0.125,0.0,1,1,0,0,0,0,0.42,0.0,0.42,0.42,0.42,Matches,dbd3a428,0.07317073170731708,0.043478260869565216,0.1,0.06666666666666667,216.0,0.09537131107885824
439,Cedric Itten,FWMF,ch Switzerland,29-202,2.de Düsseldorf,1996,3,0,0.059506531204644414,0.5,0.0,0.0,0,0,0,0,0,0,0.0,0.0,0.0,0.0,0.0,Matches,ef233486,0.0,0.0,0.0,0.0,42.0,0.0059506531204644416
440,Nicolas Jackson,FW,sn Senegal,25-027,1.de Bayern Munich,2001,4,2,0.33817126269956455,2.6,0.0,0.2,1,0,0,0,0,0,0.0,0.38,0.38,0.0,0.38,Matches,9c36ed83,0.17073170731707318,0.13043478260869565,0.1,0.06666666666666667,234.0,0.09371155885471899
441,Lee Jae-sung,FW,kr Korea Republic,33-341,1.de Mainz 05,1992,2,2,0.1683599419448476,1.3,0.0,0.0,0,0,0,0,0,0,0.0,0.0,0.0,0.0,0.0,Matches,34b0387f,0.04878048780487805,0.043478260869565216,0.15000000000000002,0.13333333333333333,117.0,0.016277836691410395
442,Alireza Jahanbakhsh,FWMF,ir IR Iran,32-340,1.be Dender,1993,2,0,0.06531204644412192,0.5,0.0,0.0,0,0,0,0,0,0,0.0,0.0,0.0,0.0,0.0,Matches,08452314,0.024390243902439025,0.0,0.05,0.0,46.0,0.016531204644412194
443,Ismail Jakobs,DF,sn Senegal,26-334,1.tr Galatasaray,1999,3,2,0.3164005805515239,2.4,0.0,0.0,0,0,0,0,0,0,0.0,0.0,0.0,0.0,0.0,Matches,a0415710,0.024390243902439025,0.0,0.1,0.13333333333333333,219.0,0.15494678277697146
444,Reece James,DF,eng England,26-221,1.eng Chelsea,1999,4,3,0.4499274310595065,3.5,0.0,0.0,0,0,0,0,0,0,0.0,0.0,0.0,0.0,0.0,Matches,1265a93a,0.024390243902439025,0.0,0.15000000000000002,0.2,311.0,0.22748548621190132
445,Amer Jamous,MF,jo Jordan,24-014,1.iq Al-Zawra'a SC,2002,1,0,0.020319303338171262,0.2,0.0,0.0,0,0,0,0,0,0,0.0,0.0,0.0,0.0,0.0,Matches,32d4f1e1,0.0,0.0,0.0,0.0,15.0,0.0020319303338171262
446,Luca Jaquez,DF,ch Switzerland,23-045,1.de Stuttgart,2003,2,1,0.11175616835994195,0.9,0.0,0.0,0,0,0,0,0,0,0.0,0.0,0.0,0.0,0.0,Matches,a400da8e,0.0,0.0,0.0,0.06666666666666667,78.0,0.045684567005321725
447,Ardon Jashari,MF,ch Switzerland,23-352,1.it Milan,2002,3,1,0.1030478955007257,0.8,0.0,0.0,0,0,0,0,0,0,0.0,0.0,0.0,0.0,0.0,Matches,889588db,0.04878048780487805,0.0,0.0,0.0,72.0,0.01030478955007257
448,Ali Jasim,MF,iq Iraq,22-178,1.sa Al-Najma,2004,2,2,0.18577648766328012,1.4,0.0,0.0,0,0,0,0,0,0,0.0,0.0,0.0,0.0,0.0,Matches,1a927a6f,0.0975609756097561,0.043478260869565216,0.05,0.0,129.0,0.028577648766328016
449,Danley Jean-Jacques,MF,ht Haiti,26-058,1.us Philadelphia,2000,3,3,0.37445573294629897,2.9,0.0,0.0,0,0,0,0,1,0,0.0,0.0,0.0,0.0,0.0,Matches,59fcbd6d,0.0,0.0,0.30000000000000004,0.2,259.0,0.11744557329462992
450,Eom Ji-sung,MF,kr Korea Republic,24-069,2.eng Swansea City,2002,2,0,0.059506531204644414,0.5,0.0,0.0,0,0,0,0,0,0,0.0,0.0,0.0,0.0,0.0,Matches,3a049da1,0.0,0.0,0.1,0.0,42.0,0.025950653120464445
451,Raúl Jiménez,FW,mx Mexico,35-073,1.eng Fulham,1991,4,4,0.45863570391872277,3.5,0.375,0.0,3,2,1,1,0,0,0.85,0.0,0.85,0.57,0.57,Matches,b561db50,0.43902439024390244,0.30434782608695654,0.05,0.0,317.0,0.302207051961824
452,Kim Jin-gyu,MF,kr Korea Republic,29-143,1.kr Jeonbuk,1997,2,0,0.07402031930333818,0.6,0.0,0.0,0,0,0,0,0,0,0.0,0.0,0.0,0.0,0.0,Matches,7c0479b1,0.024390243902439025,0.0,0.05,0.0,52.0,0.01740203193033382
453,Park Jinseob,DFMF,kr Korea Republic,30-267,1.cn Zhejiang,1995,2,0,0.04499274310595065,0.4,0.0,0.0,0,0,0,0,0,0,0.0,0.0,0.0,0.0,0.0,Matches,3316967a,0.024390243902439025,0.043478260869565216,0.0,0.0,32.0,0.008998548621190131
454,Ruslanbek Jiyanov,FW,uz Uzbekistan,25-042,1.uz Navbahor,2001,1,0,0.0,0.0,0.0,0.0,0,0,0,0,0,0,0.0,0.0,0.0,0.0,0.0,Matches,3c181746,0.0,0.0,0.05,0.0,1.0,0.0
455,Alistair Johnston,DF,ca Canada,27-282,1.sct Celtic,1998,5,5,0.6516690856313498,5.0,0.0,0.0,0,0,0,0,1,0,0.0,0.0,0.0,0.0,0.0,Matches,4fb17e20,0.12195121951219512,0.08695652173913043,0.1,0.4,450.0,0.31533381712626996
456,Frenkie de Jong,MF,nl Netherlands,29-066,1.es Barcelona,1997,4,4,0.4746008708272859,3.6,0.0,0.0,0,0,0,0,0,0,0.0,0.0,0.0,0.0,0.0,Matches,1bacc518,0.024390243902439025,0.0,0.35000000000000003,0.5333333333333333,328.0,0.17079342041606194
457,Lenny Joseph,FW,ht Haiti,25-278,1.hu Ferencváros,2000,3,1,0.1683599419448476,1.3,0.0,0.0,0,0,0,0,0,0,0.0,0.0,0.0,0.0,0.0,Matches,d1828392,0.04878048780487805,0.0,0.0,0.0,117.0,0.009756097560975611
458,Edmilson Junior,MFFW,qa Qatar,31-332,1.qa Al Duhail SC,1994,3,3,0.3033381712626995,2.3,0.0,0.2,1,0,0,0,0,0,0.0,0.43,0.43,0.0,0.43,Matches,620764f4,0.07317073170731708,0.08695652173913043,0.05,0.0,210.0,0.10033381712626996
459,Vinicius Júnior,FW,br Brazil,26-005,1.es Real Madrid,2000,5,5,0.6371552975326561,4.9,0.5,0.2,5,4,0,0,0,0,0.82,0.2,1.02,0.82,1.02,Matches,7111d552,0.41463414634146345,0.4782608695652174,0.05,0.06666666666666667,440.0,0.4196659597030753
460,Elijah Just,MF,nz New Zealand,26-077,1.sct Motherwell,2000,3,3,0.38171262699564584,2.9,0.375,0.0,3,3,0,0,1,0,1.02,0.0,1.02,1.02,1.02,Matches,0c295d6e,0.17073170731707318,0.21739130434782608,0.15000000000000002,0.13333333333333333,264.0,0.1940045960328979
461,Musab Al Juwayr,MFFW,sa Saudi Arabia,23-027,1.sa Al-Qadsiah,2003,3,2,0.21915820029027577,1.7,0.0,0.0,0,0,0,0,0,0,0.0,0.0,0.0,0.0,0.0,Matches,62592fc1,0.0,0.0,0.15000000000000002,0.06666666666666667,152.0,0.058582486695694255
462,Ayoub El Kaabi,FW,ma Morocco,33-021,1.gr Olympiacos,1993,1,1,0.09869375907111756,0.8,0.0,0.0,0,0,0,0,0,0,0.0,0.0,0.0,0.0,0.0,Matches,b1bfd1d4,0.07317073170731708,0.08695652173913043,0.1,0.0,69.0,0.02767762460233298
463,Ozan Kabak,DF,tr Türkiye,26-114,1.de Hoffenheim,2000,1,1,0.12917271407837447,1.0,0.0,0.0,0,0,0,0,0,0,0.0,0.0,0.0,0.0,0.0,Matches,2d61d13a,0.0,0.0,0.1,0.0,90.0,0.0708345428156749
464,Ferdi Kadioglu,DF,tr Türkiye,26-283,1.eng Brighton,1999,2,2,0.2293178519593614,1.8,0.0,0.0,0,0,0,0,0,0,0.0,0.0,0.0,0.0,0.0,Matches,66c52a77,0.024390243902439025,0.0,0.1,0.06666666666666667,159.0,0.1141969037252056
465,Kaku,MF,py Paraguay,31-187,1.ae Al Ain,1995,1,0,0.014513788098693758,0.1,0.0,0.0,0,0,0,0,0,0,0.0,0.0,0.0,0.0,0.0,Matches,cb01ad74,0.0,0.0,0.0,0.0,11.0,0.001451378809869376
466,Saša Kalajdžić,FW,at Austria,29-010,1.at LASK,1997,3,1,0.11030478955007257,0.9,0.125,0.0,1,1,0,0,0,0,1.17,0.0,1.17,1.17,1.17,Matches,15f24fe7,0.0975609756097561,0.043478260869565216,0.0,0.0,77.0,0.08228393425238602
467,Gédéon Kalulu,DF,cd Congo DR,28-322,1.cy Aris Limassol,1997,1,0,0.007256894049346879,0.1,0.0,0.0,0,0,0,0,0,0,0.0,0.0,0.0,0.0,0.0,Matches,dd211559,0.0,0.0,0.0,0.0,6.0,0.001451378809869376
468,Daichi Kamada,MF,jp Japan,29-346,1.eng Crystal Palace,1996,4,4,0.47605224963715526,3.7,0.25,0.0,2,2,0,0,1,0,0.55,0.0,0.55,0.55,0.55,Matches,15b287da,0.07317073170731708,0.08695652173913043,0.15000000000000002,0.06666666666666667,329.0,0.1592718916303822
469,Hossein Kanaanizadegan,DF,ir IR Iran,32-116,1.ir Persepolis,1994,2,2,0.19448476052249639,1.5,0.0,0.0,0,0,0,0,1,0,0.0,0.0,0.0,0.0,0.0,Matches,24353c25,0.024390243902439025,0.043478260869565216,0.0,0.13333333333333333,135.0,0.08556361877116594
470,Harry Kane,FW,eng England,32-354,1.de Bayern Munich,1993,7,7,0.9448476052249637,7.2,0.75,0.2,7,4,2,2,0,0,0.83,0.14,0.97,0.55,0.69,Matches,21a66f6a,0.5609756097560976,0.5217391304347826,0.15000000000000002,0.06666666666666667,652.0,0.5679559915164369
471,Lee Kang-in,FW,kr Korea Republic,25-148,1.fr PSG,2001,3,3,0.3904208998548621,3.0,0.0,0.2,1,0,0,0,1,0,0.0,0.33,0.33,0.0,0.33,Matches,8455ad90,0.0975609756097561,0.043478260869565216,0.0,0.0,270.0,0.06603393425238602
472,Mohamed Kanno,MF,sa Saudi Arabia,31-298,1.sa Al-Hilal,1994,3,2,0.3251088534107402,2.5,0.0,0.0,0,0,0,0,1,0,0.0,0.0,0.0,0.0,0.0,Matches,74ccf212,0.07317073170731708,0.08695652173913043,0.2,0.13333333333333333,225.0,0.08584421867440736
473,Steve Kapuadi,DF,cd Congo DR,28-078,1.pl Widzew Łódź,1998,2,2,0.2597968069666183,2.0,0.0,0.0,0,0,0,0,0,0,0.0,0.0,0.0,0.0,0.0,Matches,3f3c941a,0.024390243902439025,0.0,0.05,0.06666666666666667,180.0,0.097792694726657
474,Bekhruz Karimov,DF,uz Uzbekistan,18-344,1.uz FC Surkhon,2007,2,2,0.2583454281567489,2.0,0.0,0.0,0,0,0,0,0,0,0.0,0.0,0.0,0.0,0.0,Matches,74cdaeba,0.04878048780487805,0.0,0.25,0.2,179.0,0.23416908563134978
475,Jesper Karlström,MF,se Sweden,31-026,1.it Udinese,1995,2,2,0.1988388969521045,1.5,0.0,0.0,0,0,0,0,0,0,0.0,0.0,0.0,0.0,0.0,Matches,e0a1f4eb,0.024390243902439025,0.0,0.15000000000000002,0.06666666666666667,138.0,0.05655055636187713
476,Gervane Kastaneer,FWMF,cw Curaçao,30-038,1.my Terengganu City,1996,3,0,0.0420899854862119,0.3,0.0,0.0,0,0,0,0,2,0,0.0,0.0,0.0,0.0,0.0,Matches,0c142e14,0.024390243902439025,0.0,0.0,0.0,30.0,0.00420899854862119
477,Nikola Katić,DF,ba Bosnia–Herz,29-280,2.de Schalke 04,1996,4,4,0.45863570391872277,3.5,0.0,0.0,0,0,0,0,1,0,0.0,0.0,0.0,0.0,0.0,Matches,35bd124a,0.04878048780487805,0.0,0.30000000000000004,0.3333333333333333,317.0,0.34339380745041126
478,Edo Kayembe,MF,cd Congo DR,28-044,2.eng Watford,1998,3,2,0.23076923076923078,1.8,0.0,0.0,0,0,0,0,0,0,0.0,0.0,0.0,0.0,0.0,Matches,f99b71de,0.04878048780487805,0.043478260869565216,0.05,0.0,160.0,0.03307692307692308
479,Joris Kayembe,DFFW,cd Congo DR,31-343,1.be Genk,1994,4,0,0.06386066763425255,0.5,0.0,0.0,0,0,0,0,0,0,0.0,0.0,0.0,0.0,0.0,Matches,4657faba,0.024390243902439025,0.0,0.2,0.26666666666666666,45.0,0.19610546686018385
480,Franck Kessié,MF,ci Côte d'Ivoire,29-210,1.sa Al-Ahli,1996,4,4,0.5007256894049347,3.8,0.125,0.0,1,1,0,0,1,0,0.26,0.0,0.26,0.26,0.26,Matches,05e19d6a,0.0975609756097561,0.08695652173913043,0.2,0.0,346.0,0.12757256894049349
481,Abdullah Al-Khaibari,MF,sa Saudi Arabia,29-335,1.sa Al-Nassr,1996,3,3,0.2597968069666183,2.0,0.0,0.0,0,0,0,0,0,0,0.0,0.0,0.0,0.0,0.0,Matches,ab47ae1c,0.024390243902439025,0.0,0.05,0.06666666666666667,180.0,0.0426463473633285
482,Shoja' Khalilzadeh,DF,ir IR Iran,37-064,1.ir Tractor,1989,3,3,0.3904208998548621,3.0,0.0,0.0,0,0,0,0,1,0,0.0,0.0,0.0,0.0,0.0,Matches,0aed29f1,0.04878048780487805,0.0,0.15000000000000002,0.2,270.0,0.21558417997097246
483,Dostonbek Khamdamov,MF,uz Uzbekistan,29-358,1.uz Pakhtakor Tashkent FK,1996,2,1,0.14804063860667635,1.1,0.0,0.0,0,0,0,0,0,0,0.0,0.0,0.0,0.0,0.0,Matches,d2dd2ffb,0.04878048780487805,0.0,0.2,0.13333333333333333,103.0,0.06813739719400098
484,Bilal El Khannouss,MFFW,ma Morocco,22-068,1.de Stuttgart,2004,6,6,0.6676342525399129,5.1,0.0,0.0,0,0,0,0,1,0,0.0,0.0,0.0,0.0,0.0,Matches,f7042636,0.14634146341463417,0.17391304347826086,0.35000000000000003,0.06666666666666667,461.0,0.14343009192065798
485,Rani Khedira,MF,tn Tunisia,32-171,1.de Union Berlin,1994,3,2,0.21480406386066764,1.7,0.0,0.0,0,0,0,0,1,0,0.0,0.0,0.0,0.0,0.0,Matches,59e4b92e,0.024390243902439025,0.0,0.05,0.13333333333333333,149.0,0.0448137397194001
486,Boualem Khoukhi,DF,qa Qatar,36-008,1.qa Al Sadd,1990,3,3,0.3904208998548621,3.0,0.125,0.0,1,1,0,0,0,0,0.33,0.0,0.33,0.33,0.33,Matches,7be5ad52,0.07317073170731708,0.043478260869565216,0.15000000000000002,0.2,270.0,0.21558417997097246
487,Abdukodir Khusanov,DF,uz Uzbekistan,22-138,1.eng Manchester City,2004,3,3,0.3904208998548621,3.0,0.0,0.0,0,0,0,0,2,0,0.0,0.0,0.0,0.0,0.0,Matches,d17ce930,0.0,0.0,0.15000000000000002,0.3333333333333333,270.0,0.2622508466376391
488,Joshua Kimmich,DF,de Germany,31-159,1.de Bayern Munich,1995,4,4,0.5079825834542816,3.9,0.0,0.4,2,0,0,0,0,0,0.0,0.51,0.51,0.0,0.51,Matches,49296448,0.12195121951219512,0.043478260869565216,0.2,0.26666666666666666,351.0,0.2849298500241897
489,Justin Kluivert,FWMF,nl Netherlands,27-073,1.eng Bournemouth,1999,2,0,0.03773584905660377,0.3,0.0,0.0,0,0,0,0,0,0,0.0,0.0,0.0,0.0,0.0,Matches,4c3a6744,0.0,0.0,0.0,0.0,27.0,0.0037735849056603774
490,Gregor Kobel,GK,ch Switzerland,28-223,1.de Dortmund,1997,6,6,0.8693759071117562,6.7,0.0,0.0,0,0,0,0,0,0,0.0,0.0,0.0,0.0,0.0,Matches,cd59b9df,0.0,0.0,0.0,0.0,600.0,0.0
491,Orkun Kökçü,MF,tr Türkiye,25-200,1.tr Beşiktaş,2000,3,2,0.22060957910014514,1.7,0.0,0.2,1,0,0,0,0,0,0.0,0.59,0.59,0.0,0.59,Matches,9bf914b4,0.07317073170731708,0.0,0.05,0.0,153.0,0.09206095791001452
492,Sead Kolašinac,DF,ba Bosnia–Herz,33-027,1.it Atalanta,1993,4,4,0.48766328011611026,3.7,0.0,0.2,1,0,0,0,0,0,0.0,0.27,0.27,0.0,0.27,Matches,3935e52e,0.0,0.0,0.30000000000000004,0.13333333333333333,337.0,0.2791993226898888
493,Ghislain Konan,DF,ci Côte d'Ivoire,30-202,1.pt Gil Vicente FC,1995,3,3,0.3889695210449927,3.0,0.0,0.0,0,0,0,0,0,0,0.0,0.0,0.0,0.0,0.0,Matches,6b2c894b,0.0975609756097561,0.0,0.15000000000000002,0.0,269.0,0.14529390420899857
494,Ibrahima Konaté,DF,fr France,27-053,1.eng Liverpool,1999,1,0,0.020319303338171262,0.2,0.0,0.0,0,0,0,0,0,0,0.0,0.0,0.0,0.0,0.0,Matches,5ed9b537,0.0,0.0,0.0,0.2,15.0,0.07406386066763425
495,Ismaël Koné,MF,ca Canada,24-031,1.it Sassuolo,2002,2,2,0.2104499274310595,1.6,0.0,0.0,0,0,0,0,0,0,0.0,0.0,0.0,0.0,0.0,Matches,e0220b70,0.04878048780487805,0.0,0.1,0.2,146.0,0.06104499274310596
496,Manu Koné,MF,fr France,25-061,1.it Roma,2001,5,4,0.5573294629898404,4.3,0.0,0.0,0,0,0,0,1,0,0.0,0.0,0.0,0.0,0.0,Matches,86574238,0.14634146341463417,0.08695652173913043,0.25,0.2,385.0,0.12573294629898404
497,Ezri Konsa,DF,eng England,28-267,1.eng Aston Villa,1997,7,6,0.806966618287373,6.2,0.0,0.0,0,0,0,0,0,0,0.0,0.0,0.0,0.0,0.0,Matches,0313a347,0.07317073170731708,0.08695652173913043,0.25,0.5333333333333333,557.0,0.46055999032414124
498,Teun Koopmeiners,DFMF,nl Netherlands,28-139,1.it Juventus,1998,4,0,0.1756168359941945,1.4,0.0,0.0,0,0,0,0,0,0,0.0,0.0,0.0,0.0,0.0,Matches,a26fb8aa,0.04878048780487805,0.0,0.05,0.06666666666666667,122.0,0.08095670053217224
499,Odilon Kossounou,DF,ci Côte d'Ivoire,25-194,1.it Atalanta,2001,4,3,0.39332365747460085,3.0,0.0,0.0,0,0,0,0,0,0,0.0,0.0,0.0,0.0,0.0,Matches,1f3afdcb,0.0,0.0,0.15000000000000002,0.2,272.0,0.2161647314949202
500,Kalidou Koulibaly,DF,sn Senegal,35-027,1.sa Al-Hilal,1991,2,2,0.23222060957910015,1.8,0.0,0.0,0,0,0,0,0,0,0.0,0.0,0.0,0.0,0.0,Matches,da974c7b,0.0,0.0,0.05,0.13333333333333333,161.0,0.1156107885824867
501,Jules Koundé,DF,fr France,27-247,1.es Barcelona,1998,7,7,0.8664731494920175,6.6,0.0,0.0,0,0,0,0,0,0,0.0,0.0,0.0,0.0,0.0,Matches,4d1666ff,0.04878048780487805,0.0,0.4,0.2,598.0,0.4232946298984035
502,Mateo Kovačić,MF,hr Croatia,32-072,1.eng Manchester City,1994,4,3,0.3904208998548621,3.0,0.0,0.2,1,0,0,0,0,0,0.0,0.33,0.33,0.0,0.33,Matches,79c0821a,0.12195121951219512,0.17391304347826086,0.15000000000000002,0.13333333333333333,270.0,0.14237542331881956
503,Matej Kovar,GK,cz Czechia,26-061,1.nl PSV,2000,3,3,0.3904208998548621,3.0,0.0,0.0,0,0,0,0,0,0,0.0,0.0,0.0,0.0,0.0,Matches,bc67a0e1,0.0,0.0,0.0,0.0,270.0,0.0
504,Andrej Kramarić,FWMF,hr Croatia,35-028,1.de Hoffenheim,1991,3,0,0.08417997097242381,0.7,0.0,0.0,0,0,0,0,0,0,0.0,0.0,0.0,0.0,0.0,Matches,603cb947,0.024390243902439025,0.0,0.05,0.0,59.0,0.018417997097242386
505,Ladislav Krejčí,DF,cz Czechia,27-088,1.eng Wolves,1999,3,3,0.3904208998548621,3.0,0.125,0.0,1,1,0,0,1,0,0.33,0.0,0.33,0.33,0.33,Matches,5b5c2228,0.12195121951219512,0.043478260869565216,0.15000000000000002,0.06666666666666667,270.0,0.16891751330430577
506,Takefusa Kubo,MF,jp Japan,25-043,1.es Real Sociedad,2001,1,1,0.10595065312046445,0.8,0.0,0.2,1,0,0,0,0,0,0.0,1.22,1.22,0.0,1.22,Matches,16aa3654,0.024390243902439025,0.0,0.0,0.06666666666666667,74.0,0.07726173197871311
507,Brandley Kuwas,FWMF,cw Curaçao,33-301,1.nl Volendam,1992,1,0,0.0,0.0,0.0,0.0,0,0,0,0,0,0,0.0,0.0,0.0,0.0,0.0,Matches,42c94967,0.0,0.0,0.0,0.0,1.0,0.0
508,Prince Kwabena Adu,FW,gh Ghana,22-297,1.cz Viktoria Plzeň,2003,3,0,0.055152394775036286,0.4,0.0,0.0,0,0,0,0,0,0,0.0,0.0,0.0,0.0,0.0,Matches,36bdd145,0.024390243902439025,0.043478260869565216,0.0,0.0,39.0,0.011399787910922589
509,Maxence Lacroix,DF,fr France,26-102,1.eng Crystal Palace,2000,2,1,0.2177068214804064,1.7,0.0,0.0,0,0,0,0,0,0,0.0,0.0,0.0,0.0,0.0,Matches,277c49ed,0.0,0.0,0.1,0.2,151.0,0.1585413642960813
510,Gustaf Lagerbielke,DF,se Sweden,26-098,1.pt Braga,2000,4,4,0.521044992743106,4.0,0.0,0.0,0,0,0,0,0,0,0.0,0.0,0.0,0.0,0.0,Matches,9e39fa2d,0.07317073170731708,0.043478260869565216,0.25,0.3333333333333333,360.0,0.33337566521528783
511,Konrad Laimer,MFDF,at Austria,29-051,1.de Bayern Munich,1997,4,4,0.521044992743106,4.0,0.0,0.2,1,0,0,0,1,0,0.0,0.25,0.25,0.0,0.25,Matches,c1b7847c,0.024390243902439025,0.0,0.30000000000000004,0.13333333333333333,360.0,0.2858756652152879
512,Ali Lajami,DF,sa Saudi Arabia,30-084,1.sa Al-Hilal,1996,3,1,0.21480406386066764,1.7,0.0,0.0,0,0,0,0,0,0,0.0,0.0,0.0,0.0,0.0,Matches,46f7ab4f,0.0,0.0,0.1,0.2,149.0,0.15796081277213353
513,Senne Lammens,GK,be Belgium,24-010,1.eng Manchester Utd,2002,1,0,0.027576197387518143,0.2,0.0,0.0,0,0,0,0,0,0,0.0,0.0,0.0,0.0,0.0,Matches,8e6d2fcd,0.0,0.0,0.0,0.0,20.0,0.0
514,Noa Lang,FWMF,nl Netherlands,27-030,1.tr Galatasaray,1999,2,0,0.010159651669085631,0.1,0.0,0.0,0,0,0,0,0,0,0.0,0.0,0.0,0.0,0.0,Matches,8e034340,0.0,0.0,0.0,0.0,8.0,0.0010159651669085631
515,Sondre Langås,DF,no Norway,25-165,2.eng Derby County,2001,1,0,0.03483309143686502,0.3,0.0,0.0,0,0,0,0,0,0,0.0,0.0,0.0,0.0,0.0,Matches,107e4890,0.0,0.0,0.0,0.0,25.0,0.006966618287373005
516,Aymeric Laporte,DF,es Spain,32-051,1.es Athletic Club,1994,7,7,0.9114658925979681,7.0,0.0,0.2,1,0,0,0,1,0,0.0,0.14,0.14,0.0,0.14,Matches,119b9a8e,0.12195121951219512,0.08695652173913043,0.15000000000000002,0.9333333333333333,629.0,0.5764598451862603
517,Cyle Larin,FW,ca Canada,31-091,1.es Mallorca,1995,4,2,0.274310595065312,2.1,0.25,0.0,2,2,0,0,2,0,0.95,0.0,0.95,0.95,0.95,Matches,e7af9060,0.21951219512195122,0.17391304347826086,0.0,0.0,190.0,0.18248939554612936
518,Richie Laryea,DF,ca Canada,31-191,1.us Toronto FC,1995,5,5,0.6211901306240929,4.8,0.0,0.0,0,0,0,0,1,0,0.0,0.0,0.0,0.0,0.0,Matches,276fdbe4,0.04878048780487805,0.043478260869565216,0.45,0.13333333333333333,429.0,0.37340469279148525
519,Mohanad Lasheen,MF,eg Egypt,30-049,0,1996,4,4,0.5195936139332366,4.0,0.0,0.0,0,0,0,0,2,0,0.0,0.0,0.0,0.0,0.0,Matches,8c041c7d,0.04878048780487805,0.0,0.55,0.5333333333333333,359.0,0.21529269472665702
520,Issa Laye,MFDF,qa Qatar,28-207,1.qa Al-Arabi,1997,3,3,0.3904208998548621,3.0,0.0,0.0,0,0,0,0,0,0,0.0,0.0,0.0,0.0,0.0,Matches,c078667a,0.024390243902439025,0.0,0.05,0.06666666666666667,270.0,0.12391751330430577
521,Rafael Leão,MF,pt Portugal,27-037,1.it Milan,1999,5,1,0.22786647314949202,1.8,0.125,0.2,2,1,0,0,0,0,0.57,0.57,1.14,0.57,1.14,Matches,20730eae,0.0975609756097561,0.043478260869565216,0.0,0.13333333333333333,158.0,0.13361998064828254
522,Mathew Leckie,MF,au Australia,35-163,1.au Melb City,1991,1,1,0.08563134978229318,0.7,0.0,0.0,0,0,0,0,0,0,0.0,0.0,0.0,0.0,0.0,Matches,b93b7882,0.024390243902439025,0.0,0.0,0.0,60.0,0.008563134978229319
523,Jefferson Lerma,MF,co Colombia,31-265,1.eng Crystal Palace,1994,5,5,0.5936139332365747,4.6,0.0,0.0,0,0,0,0,1,0,0.0,0.0,0.0,0.0,0.0,Matches,9b5ce51a,0.12195121951219512,0.043478260869565216,0.05,0.3333333333333333,410.0,0.10269472665699081
524,Jamie Leweling,FWMF,de Germany,25-141,1.de Stuttgart,2001,1,0,0.04354136429608128,0.3,0.0,0.0,0,0,0,0,0,0,0.0,0.0,0.0,0.0,0.0,Matches,13fe7b69,0.024390243902439025,0.0,0.0,0.0,31.0,0.0043541364296081275
525,Philipp Lienhart,DF,at Austria,30-006,1.de Freiburg,1996,2,2,0.2597968069666183,2.0,0.0,0.0,0,0,0,0,0,0,0.0,0.0,0.0,0.0,0.0,Matches,302527b2,0.024390243902439025,0.0,0.05,0.06666666666666667,180.0,0.097792694726657
526,Victor Lindelöf,DFMF,se Sweden,32-000,1.eng Aston Villa,1994,4,4,0.5152394775036285,4.0,0.0,0.0,0,0,0,0,0,0,0.0,0.0,0.0,0.0,0.0,Matches,f5deef4c,0.04878048780487805,0.0,0.05,0.26666666666666666,356.0,0.21888122883405903
527,Erik Lira,MF,mx Mexico,26-070,1.mx Cruz Azul,2000,4,4,0.4992743105950653,3.8,0.0,0.2,1,0,0,0,0,0,0.0,0.26,0.26,0.0,0.26,Matches,7b2c24ed,0.0,0.0,0.15000000000000002,0.13333333333333333,345.0,0.15326076439283987
528,Dominik Livaković,GK,hr Croatia,31-189,1.hr Dinamo Zagreb,1995,4,4,0.521044992743106,4.0,0.0,0.0,0,0,0,0,0,0,0.0,0.0,0.0,0.0,0.0,Matches,58f077c0,0.0,0.0,0.0,0.0,360.0,0.0
529,Dailon Livramento,FW,cv Cabo Verde,25-074,1.pt Casa Pia,2001,3,2,0.251088534107402,1.9,0.0,0.0,0,0,0,0,0,0,0.0,0.0,0.0,0.0,0.0,Matches,c115db1e,0.024390243902439025,0.0,0.0,0.0,174.0,0.004878048780487806
530,Marcos Llorente,DF,es Spain,31-168,1.es Atlético Madrid,1995,3,2,0.2699564586357039,2.1,0.0,0.2,1,0,0,0,0,0,0.0,0.48,0.48,0.0,0.48,Matches,02c15616,0.0,0.0,0.30000000000000004,0.06666666666666667,187.0,0.21232462506047417
531,Giovani Lo Celso,MF,ar Argentina,30-099,1.es Real Betis,1996,1,1,0.08417997097242381,0.7,0.125,0.0,1,1,0,0,0,0,1.53,0.0,1.53,1.53,1.53,Matches,d7553721,0.024390243902439025,0.043478260869565216,0.0,0.06666666666666667,59.0,0.05258466376390905
532,Jürgen Locadia,FW,cw Curaçao,32-252,2.us Miami FC,1993,3,3,0.33962264150943394,2.6,0.0,0.0,0,0,0,0,0,0,0.0,0.0,0.0,0.0,0.0,Matches,6cc47ae1,0.024390243902439025,0.0,0.0,0.06666666666666667,235.0,0.004878048780487806
533,Azarías Londoño,MF,pa Panama,25-026,1.ec Univ Católica,2001,3,0,0.07982583454281568,0.6,0.0,0.0,0,0,0,0,0,0,0.0,0.0,0.0,0.0,0.0,Matches,31d68775,0.024390243902439025,0.0,0.0,0.06666666666666667,56.0,0.014649250120948237
534,Sidny Lopes Cabral,DF,cv Cabo Verde,23-302,1.pt Benfica,2002,3,3,0.41219158200290273,3.2,0.125,0.0,1,1,0,0,2,0,0.32,0.0,0.32,0.32,0.32,Matches,20700569,0.0975609756097561,0.08695652173913043,0.1,0.26666666666666666,285.0,0.2207716497339139
535,Flaco López,FW,ar Argentina,25-223,1.br Palmeiras,2000,2,0,0.027576197387518143,0.2,0.0,0.2,1,0,0,0,1,0,0.0,4.5,4.5,0.0,4.5,Matches,e1426a52,0.024390243902439025,0.0,0.05,0.0,20.0,0.04487804878048782
536,Derrick Luckassen,DF,gh Ghana,31-014,1.cy Pafos FC,1995,2,2,0.2597968069666183,2.0,0.125,0.0,1,1,0,0,0,0,0.5,0.0,0.5,0.5,0.5,Matches,30a09cb5,0.024390243902439025,0.043478260869565216,0.05,0.0,180.0,0.07445936139332367
537,Jhon Lucumí,DF,co Colombia,28-021,1.it Bologna,1998,5,5,0.6923076923076923,5.3,0.0,0.0,0,0,0,0,1,0,0.0,0.0,0.0,0.0,0.0,Matches,80490d7f,0.04878048780487805,0.0,0.1,0.3333333333333333,478.0,0.30012820512820515
538,José Luis Rodríguez,MFFW,pa Panama,28-028,1.mx FC Juárez,1998,3,3,0.3367198838896952,2.6,0.0,0.0,0,0,0,0,0,0,0.0,0.0,0.0,0.0,0.0,Matches,b333b014,0.07317073170731708,0.043478260869565216,0.15000000000000002,0.0,233.0,0.06367198838896954
539,Romelu Lukaku,FW,be Belgium,33-065,1.it Napoli,1993,6,1,0.3367198838896952,2.6,0.375,0.2,4,3,0,0,1,0,1.16,0.39,1.55,1.16,1.55,Matches,5eae500a,0.14634146341463417,0.13043478260869565,0.0,0.0,233.0,0.2575835100742312
540,Dodi Lukebakio,MF,be Belgium,28-296,1.pt Benfica,1997,3,1,0.2365747460087083,1.8,0.0,0.0,0,0,0,0,0,0,0.0,0.0,0.0,0.0,0.0,Matches,0c61c77c,0.17073170731707318,0.043478260869565216,0.05,0.0,164.0,0.03365747460087083
541,Jovo Lukić,FW,ba Bosnia–Herz,27-231,1.ro Univ. Cluj,1998,2,1,0.09579100145137881,0.7,0.125,0.0,1,1,0,0,1,0,1.34,0.0,1.34,1.34,1.34,Matches,a2056e82,0.07317073170731708,0.08695652173913043,0.05,0.0,67.0,0.08392762460233298
542,Awer Mabil,FWMF,au Australia,30-305,2.es Castellón,1995,1,0,0.0420899854862119,0.3,0.0,0.0,0,0,0,0,0,0,0.0,0.0,0.0,0.0,0.0,Matches,922da988,0.024390243902439025,0.0,0.0,0.0,30.0,0.00420899854862119
543,Alexis Mac Allister,MF,ar Argentina,27-205,1.eng Liverpool,1998,7,6,0.9129172714078375,7.0,0.125,0.2,2,1,0,0,0,0,0.14,0.14,0.29,0.14,0.29,Matches,83d074ff,0.3170731707317073,0.17391304347826086,0.6000000000000001,0.6,630.0,0.3687917271407838
544,Deiver Machado,DF,co Colombia,32-318,1.fr Nantes,1993,1,1,0.12917271407837447,1.0,0.0,0.0,0,0,0,0,0,0,0.0,0.0,0.0,0.0,0.0,Matches,b3f8bdef,0.0,0.0,0.0,0.13333333333333333,90.0,0.07250120948234155
545,Shuto Machino,FW,jp Japan,26-290,1.de Gladbach,1999,1,0,0.01741654571843251,0.1,0.0,0.0,0,0,0,0,0,0,0.0,0.0,0.0,0.0,0.0,Matches,964dde35,0.0,0.0,0.0,0.0,13.0,0.0
546,Assim Madibo,MF,qa Qatar,29-268,1.qa Al-Wakrah,1996,2,2,0.18867924528301888,1.5,0.0,0.0,0,0,0,0,0,1,0.0,0.0,0.0,0.0,0.0,Matches,2b1d2ada,0.0,0.0,0.05,0.26666666666666666,131.0,0.055534591194968556
547,Noni Madueke,MF,eng England,24-129,1.eng Arsenal,2002,5,4,0.41364296081277213,3.2,0.0,0.0,0,0,0,0,0,0,0.0,0.0,0.0,0.0,0.0,Matches,bf34eebd,0.14634146341463417,0.043478260869565216,0.2,0.13333333333333333,286.0,0.09469762941461056
548,Daizen Maeda,MF,jp Japan,28-270,1.sct Celtic,1997,3,3,0.35268505079825835,2.7,0.125,0.0,1,1,0,0,0,0,0.37,0.0,0.37,0.37,0.37,Matches,395451fc,0.04878048780487805,0.043478260869565216,0.15000000000000002,0.13333333333333333,244.0,0.11610183841315919
549,Gabriel Magalhães,DF,br Brazil,28-210,1.eng Arsenal,1997,5,5,0.6516690856313498,5.0,0.0,0.2,1,0,0,0,0,0,0.0,0.2,0.2,0.0,0.2,Matches,67ac5bb8,0.024390243902439025,0.0,0.1,0.26666666666666666,450.0,0.2686671504596033
550,Ermin Mahmić,MF,ba Bosnia–Herz,21-125,1.cz Slovan Liberec,2005,3,0,0.09724238026124819,0.8,0.25,0.0,2,2,0,0,1,0,2.65,0.0,2.65,2.65,2.65,Matches,86e34165,0.0975609756097561,0.08695652173913043,0.05,0.0,68.0,0.09472423802612481
551,Hadj Mahmoud,MF,tn Tunisia,26-084,1.ch Lugano,2000,2,0,0.06095791001451379,0.5,0.0,0.0,0,0,0,0,0,0,0.0,0.0,0.0,0.0,0.0,Matches,081048c2,0.0,0.0,0.1,0.0,43.0,0.026095791001451384
552,Riyad Mahrez,MF,dz Algeria,35-146,1.sa Al-Ahli,1991,4,3,0.3788098693759071,2.9,0.25,0.2,3,2,0,0,0,0,0.69,0.34,1.03,0.69,1.03,Matches,892d5bb1,0.14634146341463417,0.13043478260869565,0.1,0.06666666666666667,262.0,0.19954765360425739
553,Alexandro Maidana,DF,py Paraguay,20-356,1.ar Talleres–C,2005,2,1,0.07837445573294631,0.6,0.0,0.0,0,0,0,0,0,0,0.0,0.0,0.0,0.0,0.0,Matches,4d0d5020,0.0,0.0,0.0,0.06666666666666667,55.0,0.039008224479922596
554,Mike Maignan,GK,fr France,31-014,1.it Milan,1995,7,7,0.9129172714078375,7.0,0.0,0.0,0,0,0,0,0,0,0.0,0.0,0.0,0.0,0.0,Matches,fcb38f57,0.0,0.0,0.0,0.0,630.0,0.0
555,Evidence Makgopa,FW,za South Africa,26-042,1.za Orlando Pirates,2000,4,2,0.31059506531204645,2.4,0.0,0.0,0,0,0,0,0,0,0.0,0.0,0.0,0.0,0.0,Matches,4d76d03b,0.0975609756097561,0.13043478260869565,0.05,0.06666666666666667,215.0,0.03907741251325557
556,Ahmed Maknzi,DF,iq Iraq,24-296,1.iq Al-Karma,2001,1,0,0.04644412191582003,0.4,0.0,0.0,0,0,0,0,0,0,0.0,0.0,0.0,0.0,0.0,Matches,f95ac2b6,0.0,0.0,0.1,0.0,33.0,0.054288824383164014
557,Donyell Malen,FW,nl Netherlands,27-189,1.it Roma,1999,3,3,0.26705370101596515,2.1,0.0,0.0,0,0,0,0,0,0,0.0,0.0,0.0,0.0,0.0,Matches,116c35df,0.0975609756097561,0.08695652173913043,0.0,0.0,185.0,0.03255567338282079
558,Arjan Malic,DF,ba Bosnia–Herz,20-323,1.at Sturm Graz,2005,1,1,0.06386066763425255,0.5,0.0,0.0,0,0,0,0,0,0,0.0,0.0,0.0,0.0,0.0,Matches,de57cd45,0.0,0.0,0.0,0.0,45.0,0.012772133526850511
559,Mohamed Manai,DF,qa Qatar,23-265,1.qa Al-Shamal Sports Club,2002,3,0,0.09869375907111756,0.8,0.0,0.0,0,0,0,0,0,0,0.0,0.0,0.0,0.0,0.0,Matches,1e20b706,0.0,0.0,0.0,0.13333333333333333,69.0,0.06640541848089018
560,Aïssa Mandi,DF,dz Algeria,34-268,1.fr Lille,1991,4,4,0.521044992743106,4.0,0.0,0.0,0,0,0,0,0,0,0.0,0.0,0.0,0.0,0.0,Matches,fbd6378b,0.0,0.0,0.15000000000000002,0.26666666666666666,360.0,0.26504233188195453
561,Sadio Mané,MFFW,sn Senegal,34-098,1.sa Al-Nassr,1992,4,4,0.5239477503628447,4.0,0.0,0.2,1,0,0,0,0,0,0.0,0.25,0.25,0.0,0.25,Matches,c691bfe2,0.14634146341463417,0.13043478260869565,0.1,0.2,362.0,0.15239477503628449
562,Juan Manuel Sanabria,DF,uy Uruguay,26-110,1.mx Atlético San Luis,2000,3,2,0.2946298984034833,2.3,0.0,0.0,0,0,0,0,1,0,0.0,0.0,0.0,0.0,0.0,Matches,f1d74479,0.07317073170731708,0.0,0.2,0.06666666666666667,204.0,0.17225931301403
563,Johan Manzambi,MFFW,ch Switzerland,20-276,1.de Freiburg,2005,4,2,0.28737300435413643,2.2,0.375,0.4,5,3,0,0,0,0,1.36,0.9,2.26,1.36,2.26,Matches,8fcf0e12,0.14634146341463417,0.13043478260869565,0.0,0.0,199.0,0.2612373004354136
564,Mahmoud Al-Mardi,MF,jo Jordan,32-284,1.jo Al-Hussein SC,1993,3,1,0.18722786647314948,1.4,0.0,0.0,0,0,0,0,0,0,0.0,0.0,0.0,0.0,0.0,Matches,1eedc1ea,0.024390243902439025,0.043478260869565216,0.05,0.0,130.0,0.028722786647314952
565,Jearl Margaritha,FWMF,cw Curaçao,26-098,2.be Beveren,2000,2,0,0.05805515239477504,0.5,0.0,0.0,0,0,0,0,0,0,0.0,0.0,0.0,0.0,0.0,Matches,be915a68,0.024390243902439025,0.0,0.0,0.0,41.0,0.0058055152394775045
566,Omar Marmoush,FWMF,eg Egypt,27-160,1.eng Manchester City,1999,5,3,0.4716981132075471,3.6,0.0,0.0,0,0,0,0,0,0,0.0,0.0,0.0,0.0,0.0,Matches,0e0102eb,0.2682926829268293,0.043478260869565216,0.15000000000000002,0.13333333333333333,326.0,0.09050314465408806
567,Marquinhos,DF,br Brazil,32-064,1.fr PSG,1994,5,5,0.6516690856313498,5.0,0.0,0.0,0,0,0,0,0,0,0.0,0.0,0.0,0.0,0.0,Matches,d5f2f82b,0.04878048780487805,0.0,0.1,0.2,450.0,0.24533381712626998
568,Gabriel Martinelli,MF,br Brazil,25-029,1.eng Arsenal,2001,4,1,0.2060957910014514,1.6,0.125,0.0,1,1,0,0,0,0,0.63,0.0,0.63,0.63,0.63,Matches,48a5a5d6,0.04878048780487805,0.043478260869565216,0.0,0.13333333333333333,143.0,0.07144291243347847
569,Guillermo Martínez Ayala,FW,mx Mexico,31-124,1.mx UNAM,1995,2,1,0.1030478955007257,0.8,0.0,0.0,0,0,0,0,0,0,0.0,0.0,0.0,0.0,0.0,Matches,59146354,0.0,0.0,0.0,0.0,72.0,0.0
570,Cristian Martínez,MFFW,pa Panama,29-161,1.il Kiryat Shmona,1997,3,3,0.34978229317851955,2.7,0.0,0.0,0,0,0,0,0,0,0.0,0.0,0.0,0.0,0.0,Matches,fdb15495,0.024390243902439025,0.0,0.2,0.06666666666666667,242.0,0.08164489598451863
571,Emiliano Martínez,GK,ar Argentina,33-318,1.eng Aston Villa,1992,7,7,1.0,7.7,0.0,0.0,0,0,0,0,0,0,0.0,0.0,0.0,0.0,0.0,Matches,7956236f,0.0,0.0,0.0,0.0,690.0,0.0
571,Emiliano Martínez,GK,ar Argentina,33-318,1.eng Aston Villa,1992,7,7,1.0,7.7,0.0,0.0,0,0,0,0,0,0,0.0,0.0,0.0,0.0,0.0,Matches,7956236f,0.0,0.0,0.0,0.0,0.0,0.0
572,Lautaro Martínez,FW,ar Argentina,28-329,1.it Inter,1997,7,4,0.44847605224963716,3.4,0.375,0.2,4,2,1,1,1,0,0.87,0.29,1.16,0.58,0.87,Matches,f7036e1c,0.24390243902439024,0.17391304347826086,0.05,0.06666666666666667,310.0,0.28361744432661723
573,Lisandro Martínez,DF,ar Argentina,28-180,1.eng Manchester Utd,1998,6,6,0.841799709724238,6.5,0.125,0.2,2,1,0,0,1,0,0.15,0.15,0.31,0.15,0.31,Matches,bac46a10,0.0975609756097561,0.08695652173913043,0.35000000000000003,0.4,581.0,0.4658599419448476
574,Thapelo Maseko,MFFW,za South Africa,22-248,1.cy AEL Limassol,2003,3,3,0.34978229317851955,2.7,0.125,0.0,1,1,0,0,0,0,0.37,0.0,0.37,0.37,0.37,Matches,498d45f7,0.1951219512195122,0.043478260869565216,0.05,0.13333333333333333,242.0,0.09581156265118529
575,Hazem Mastouri,FW,tn Tunisia,29-029,1.ru D. Makhachkala,1997,1,1,0.1277213352685051,1.0,0.125,0.0,1,1,0,0,0,0,1.01,0.0,1.01,1.01,1.01,Matches,c88f913e,0.07317073170731708,0.08695652173913043,0.0,0.06666666666666667,89.0,0.08392762460233298
576,Arthur Masuaku,DF,cd Congo DR,32-252,1.fr Lens,1993,4,4,0.45573294629898403,3.5,0.0,0.2,1,0,0,0,0,0,0.0,0.29,0.29,0.0,0.29,Matches,57df7a11,0.0,0.0,0.25,0.0,315.0,0.2036465892597968
577,Igor Matanović,FW,hr Croatia,23-108,1.de Freiburg,2003,3,0,0.13642960812772134,1.1,0.0,0.0,0,0,0,0,0,0,0.0,0.0,0.0,0.0,0.0,Matches,948e1292,0.0975609756097561,0.08695652173913043,0.0,0.0,95.0,0.03255567338282079
578,Pape Matar Sarr,MF,sn Senegal,23-306,1.eng Tottenham,2002,2,0,0.09579100145137881,0.7,0.0,0.0,0,0,0,0,0,0,0.0,0.0,0.0,0.0,0.0,Matches,feb5d972,0.0975609756097561,0.0,0.0,0.06666666666666667,67.0,0.01624576681180455
579,Jean-Philippe Mateta,FW,fr France,29-019,1.eng Crystal Palace,1997,3,0,0.033381712626995644,0.3,0.0,0.0,0,0,0,0,0,0,0.0,0.0,0.0,0.0,0.0,Matches,50e6dc35,0.07317073170731708,0.043478260869565216,0.0,0.0,24.0,0.0211558854718982
580,Mauricio,MF,py Paraguay,25-056,1.br Palmeiras,2001,4,0,0.24963715529753264,1.9,0.125,0.0,1,1,0,0,0,0,0.52,0.0,0.52,0.52,0.52,Matches,bf4cbc22,0.0975609756097561,0.13043478260869565,0.30000000000000004,0.06666666666666667,173.0,0.12913038219641992
581,Fiston Mayele,FW,cd Congo DR,32-023,1.eg Pyramids FC,1994,2,0,0.059506531204644414,0.5,0.125,0.0,1,1,0,0,0,0,2.14,0.0,2.14,2.14,2.14,Matches,0d113a00,0.12195121951219512,0.043478260869565216,0.0,0.0,42.0,0.08716198303287381
582,Ibrahim Maza,MFFW,dz Algeria,20-235,1.de Leverkusen,2005,4,4,0.5079825834542816,3.9,0.0,0.0,0,0,0,0,0,0,0.0,0.0,0.0,0.0,0.0,Matches,89b3bc5e,0.2682926829268293,0.13043478260869565,0.1,0.0,351.0,0.07079825834542816
583,Noussair Mazraoui,DF,ma Morocco,28-245,1.eng Manchester Utd,1997,6,5,0.690856313497823,5.3,0.0,0.0,0,0,0,0,0,0,0.0,0.0,0.0,0.0,0.0,Matches,b74277a0,0.0,0.0,0.4,0.13333333333333333,477.0,0.3648379293662313
584,Kylian Mbappé,FW,fr France,27-209,1.es Real Madrid,1998,7,7,0.8766328011611031,6.7,1.0,0.6000000000000001,11,7,1,2,1,0,1.19,0.45,1.64,1.04,1.49,Matches,42fd9c7f,1.0,1.0,0.05,0.0,605.0,0.92
585,Thalente Mbatha,MF,za South Africa,26-123,1.za Orlando Pirates,2000,4,2,0.3759071117561683,2.9,0.0,0.0,0,0,0,0,1,0,0.0,0.0,0.0,0.0,0.0,Matches,f6272be9,0.0975609756097561,0.043478260869565216,0.1,0.3333333333333333,260.0,0.09092404450895017
586,Ibrahim Mbaye,MF,sn Senegal,18-174,1.fr PSG,2008,4,1,0.22641509433962265,1.7,0.125,0.0,1,1,0,0,0,0,0.57,0.0,0.57,0.57,0.57,Matches,201b4ee4,0.0975609756097561,0.043478260869565216,0.0,0.06666666666666667,157.0,0.06680817610062893
587,Chancel Mbemba,DF,cd Congo DR,31-343,1.fr Lille,1994,4,4,0.521044992743106,4.0,0.0,0.2,1,0,0,0,1,0,0.0,0.25,0.25,0.0,0.25,Matches,e76cb9cc,0.024390243902439025,0.0,0.15000000000000002,0.06666666666666667,360.0,0.19504233188195455
588,Mbekezeli Mbokazi,DF,za South Africa,20-301,1.us Chicago Fire,2005,4,4,0.521044992743106,4.0,0.0,0.0,0,0,0,0,0,0,0.0,0.0,0.0,0.0,0.0,Matches,13398d42,0.0975609756097561,0.043478260869565216,0.25,0.26666666666666666,360.0,0.3100423318819545
589,Nathanaël Mbuku,MFFW,cd Congo DR,24-123,2.fr Montpellier,2002,3,2,0.2060957910014514,1.6,0.0,0.0,0,0,0,0,1,0,0.0,0.0,0.0,0.0,0.0,Matches,46750e9c,0.07317073170731708,0.08695652173913043,0.15000000000000002,0.0,143.0,0.050609579100145144
590,Callum McCowatt,MF,nz New Zealand,27-078,1.dk Silkeborg,1999,3,2,0.2293178519593614,1.8,0.0,0.0,0,0,0,0,1,0,0.0,0.0,0.0,0.0,0.0,Matches,3fc42049,0.0975609756097561,0.13043478260869565,0.05,0.06666666666666667,159.0,0.039598451862602815
591,John McGinn,MF,sct Scotland,31-272,1.eng Aston Villa,1994,3,3,0.37445573294629897,2.9,0.125,0.0,1,1,0,0,0,0,0.35,0.0,0.35,0.35,0.35,Matches,90f91999,0.07317073170731708,0.043478260869565216,0.0,0.0,259.0,0.07494557329462989
592,Scott McKenna,DF,sct Scotland,29-247,1.hr Dinamo Zagreb,1996,1,1,0.12917271407837447,1.0,0.0,0.0,0,0,0,0,0,0,0.0,0.0,0.0,0.0,0.0,Matches,4e5a4cbc,0.0,0.0,0.0,0.0,90.0,0.025834542815674894
593,Weston McKennie,MF,us United States,27-323,1.it Juventus,1998,5,5,0.6415094339622642,4.9,0.0,0.0,0,0,0,0,1,0,0.0,0.0,0.0,0.0,0.0,Matches,01c3aff5,0.12195121951219512,0.043478260869565216,0.35000000000000003,0.4666666666666667,443.0,0.1808176100628931
594,Mark McKenzie,DF,us United States,27-142,1.fr Toulouse,1999,1,1,0.12917271407837447,1.0,0.0,0.0,0,0,0,0,0,0,0.0,0.0,0.0,0.0,0.0,Matches,a5f5d094,0.0,0.0,0.05,0.06666666666666667,90.0,0.07166787614900823
595,Kenny McLean,MF,sct Scotland,34-190,2.eng Norwich City,1992,3,1,0.169811320754717,1.3,0.0,0.0,0,0,0,0,1,0,0.0,0.0,0.0,0.0,0.0,Matches,471f16b3,0.024390243902439025,0.0,0.05,0.13333333333333333,118.0,0.04031446540880504
596,Scott McTominay,MF,sct Scotland,29-221,1.it Napoli,1996,3,3,0.3904208998548621,3.0,0.0,0.0,0,0,0,0,0,0,0.0,0.0,0.0,0.0,0.0,Matches,d93c2511,0.1951219512195122,0.13043478260869565,0.1,0.0,270.0,0.05904208998548622
597,Brandon Mechele,DF,be Belgium,33-170,1.be Club Brugge,1993,6,6,0.8258345428156749,6.3,0.0,0.0,0,0,0,0,1,0,0.0,0.0,0.0,0.0,0.0,Matches,0a6dbbf7,0.12195121951219512,0.043478260869565216,0.2,0.26666666666666666,570.0,0.34850024189646833
598,Facundo Medina,DF,ar Argentina,27-050,1.fr Marseille,1999,4,3,0.37155297532656023,2.9,0.0,0.2,1,0,0,0,1,0,0.0,0.35,0.35,0.0,0.35,Matches,6f5ec8bb,0.0,0.0,0.35000000000000003,0.13333333333333333,257.0,0.27847726173197873
599,Yaimar Medina,DFMF,ec Ecuador,21-254,1.be Genk,2004,1,0,0.06386066763425255,0.5,0.0,0.0,0,0,0,0,0,0,0.0,0.0,0.0,0.0,0.0,Matches,1fe8ecf7,0.024390243902439025,0.0,0.0,0.06666666666666667,45.0,0.036105466860183844
600,Hannibal Mejbri,MF,tn Tunisia,23-177,1.eng Burnley,2003,3,3,0.3904208998548621,3.0,0.0,0.4,2,0,0,0,0,0,0.0,0.67,0.67,0.0,0.67,Matches,ca22ccb0,0.07317073170731708,0.043478260869565216,0.2,0.06666666666666667,270.0,0.20570875665215288
601,Amar Memić,MF,ba Bosnia–Herz,25-178,1.cz Viktoria Plzeň,2001,4,2,0.3236574746008708,2.5,0.0,0.0,0,0,0,0,0,0,0.0,0.0,0.0,0.0,0.0,Matches,918c187c,0.07317073170731708,0.043478260869565216,0.1,0.13333333333333333,224.0,0.06569908079342042
602,Memphis,FWMF,nl Netherlands,32-154,1.br Corinthians,1994,3,0,0.07692307692307693,0.6,0.0,0.2,1,0,0,0,1,0,0.0,1.67,1.67,0.0,1.67,Matches,8f696594,0.0,0.0,0.0,0.0,54.0,0.06769230769230769
603,Sultan Mendash,MF,sa Saudi Arabia,31-273,1.sa Al-Hilal,1994,1,1,0.09288824383164006,0.7,0.0,0.0,0,0,0,0,0,0,0.0,0.0,0.0,0.0,0.0,Matches,8738a7a1,0.0,0.0,0.15000000000000002,0.0,65.0,0.039288824383164014
604,Lucas Mendes,DF,qa Qatar,36-014,1.qa Al-Wakrah,1990,1,0,0.0043541364296081275,0.0,0.0,0.0,0,0,0,0,0,0,0.0,0.0,0.0,0.0,0.0,Matches,5169f27f,0.0,0.0,0.0,0.0,4.0,0.0008708272859216256
605,Nuno Mendes,DF,pt Portugal,24-028,1.fr PSG,2002,5,5,0.5718432510885342,4.4,0.125,0.0,1,1,0,0,0,0,0.23,0.0,0.23,0.23,0.23,Matches,f20e4cc9,0.07317073170731708,0.043478260869565216,0.30000000000000004,0.0,395.0,0.24936865021770688
606,Ryan Mendes,FWMF,cv Cabo Verde,36-190,2.tr 76 Iğdır Belediyespor,1990,4,4,0.47750362844702465,3.7,0.0,0.2,1,0,0,0,0,0,0.0,0.27,0.27,0.0,0.27,Matches,ba6e01ab,0.14634146341463417,0.0,0.1,0.3333333333333333,330.0,0.1610836961780358
607,Édouard Mendy,GK,sn Senegal,34-138,1.sa Al-Ahli,1992,2,2,0.21915820029027577,1.7,0.0,0.0,0,0,0,0,0,0,0.0,0.0,0.0,0.0,0.0,Matches,33887998,0.0,0.0,0.0,0.0,152.0,0.0
608,Gideon Mensah,DF,gh Ghana,27-364,1.fr Auxerre,1998,4,4,0.521044992743106,4.0,0.0,0.0,0,0,0,0,0,0,0.0,0.0,0.0,0.0,0.0,Matches,9bdd8118,0.0,0.0,0.25,0.5333333333333333,360.0,0.40337566521528784
609,Mikel Merino,MF,es Spain,30-025,1.eng Arsenal,1996,7,1,0.22060957910014514,1.7,0.25,0.0,2,2,0,0,0,0,1.18,0.0,1.18,1.18,1.18,Matches,d080ed5e,0.12195121951219512,0.13043478260869565,0.1,0.2,153.0,0.13706095791001452
610,Lionel Messi,FW,ar Argentina,39-023,1.us Inter Miami,1987,7,6,0.8984034833091438,6.9,1.0,0.8,12,8,0,2,0,0,1.16,0.58,1.74,1.16,1.74,Matches,d70ce98e,0.8536585365853658,0.7826086956521738,0.5,0.0,620.0,0.8981230116648994
611,Connor Metcalfe,MF,au Australia,26-254,1.de St Pauli,1999,4,3,0.45573294629898403,3.5,0.125,0.0,1,1,0,0,0,0,0.29,0.0,0.29,0.29,0.29,Matches,73ce4d7d,0.12195121951219512,0.08695652173913043,0.25,0.13333333333333333,315.0,0.14640662796323173
612,Thomas Meunier,DF,be Belgium,34-308,1.fr Lille,1991,3,2,0.274310595065312,2.1,0.0,0.2,1,0,0,0,0,0,0.0,0.47,0.47,0.0,0.47,Matches,e162b013,0.04878048780487805,0.043478260869565216,0.1,0.13333333333333333,190.0,0.14652878567972907
613,Liam Millar,MF,ca Canada,26-293,2.eng Hull City,1999,3,2,0.23367198838896952,1.8,0.0,0.0,0,0,0,0,1,0,0.0,0.0,0.0,0.0,0.0,Matches,983515f8,0.024390243902439025,0.0,0.2,0.0,162.0,0.06336719883889697
614,Kim Min-jae,DF,kr Korea Republic,29-244,1.de Bayern Munich,1996,3,3,0.3541364296081277,2.7,0.0,0.0,0,0,0,0,0,0,0.0,0.0,0.0,0.0,0.0,Matches,e0f8151c,0.024390243902439025,0.043478260869565216,0.1,0.13333333333333333,245.0,0.16249395258829222
615,Yerry Mina,DF,co Colombia,31-297,1.it Cagliari,1994,1,0,0.001451378809869376,0.0,0.0,0.0,0,0,0,0,0,0,0.0,0.0,0.0,0.0,0.0,Matches,6d5701f2,0.0,0.0,0.0,0.0,2.0,0.0002902757619738752
616,Alan Minda,MF,ec Ecuador,23-064,1.br Atlético Mineiro,2003,1,1,0.07837445573294631,0.6,0.0,0.0,0,0,0,0,0,0,0.0,0.0,0.0,0.0,0.0,Matches,9cfd5b00,0.04878048780487805,0.0,0.0,0.06666666666666667,55.0,0.014504112239961297
617,Aubrey Modiba,DF,za South Africa,30-360,1.za Sundowns,1995,4,4,0.5007256894049347,3.8,0.0,0.0,0,0,0,0,1,0,0.0,0.0,0.0,0.0,0.0,Matches,bb1f97f2,0.12195121951219512,0.043478260869565216,0.25,0.26666666666666666,346.0,0.30597847121432026
618,Luka Modrić,MF,hr Croatia,40-311,1.it Milan,1985,4,4,0.45863570391872277,3.5,0.0,0.2,1,0,0,0,1,0,0.0,0.28,0.28,0.0,0.28,Matches,6025fab1,0.024390243902439025,0.0,0.15000000000000002,0.0,317.0,0.13586357039187227
619,Relebohile Mofokeng,MF,za South Africa,21-267,1.za Orlando Pirates,2004,3,2,0.24383164005805516,1.9,0.0,0.0,0,0,0,0,0,0,0.0,0.0,0.0,0.0,0.0,Matches,25c3fb97,0.07317073170731708,0.043478260869565216,0.1,0.0,169.0,0.044383164005805525
620,Shahriar Moghanlou,FW,ir IR Iran,31-208,1.ae Al-Ittihad Kalba,1994,3,1,0.1262699564586357,1.0,0.0,0.0,0,0,0,0,0,0,0.0,0.0,0.0,0.0,0.0,Matches,92f69be8,0.07317073170731708,0.0,0.1,0.0,88.0,0.014634146341463417
621,Milad Mohammadi,DF,ir IR Iran,32-291,1.ir Persepolis,1993,3,2,0.29608127721335264,2.3,0.0,0.0,0,0,0,0,0,0,0.0,0.0,0.0,0.0,0.0,Matches,740a0e28,0.024390243902439025,0.043478260869565216,0.2,0.13333333333333333,205.0,0.1958829221093372
622,Mohammad Mohebi,MF,ir IR Iran,27-209,1.ru Rostov,1998,3,3,0.35268505079825835,2.7,0.125,0.0,1,1,0,0,0,0,0.37,0.0,0.37,0.37,0.37,Matches,7b6b53c3,0.04878048780487805,0.043478260869565216,0.05,0.06666666666666667,244.0,0.08943517174649251
623,Johan Mojica,DF,co Colombia,33-330,1.es Mallorca,1992,4,4,0.5645863570391872,4.3,0.0,0.0,0,0,0,0,1,0,0.0,0.0,0.0,0.0,0.0,Matches,608f2092,0.07317073170731708,0.08695652173913043,0.15000000000000002,0.2,390.0,0.2504172714078375
624,Teboho Mokoena,MF,za South Africa,29-174,1.za Sundowns,1997,3,3,0.3904208998548621,3.0,0.125,0.0,1,0,1,1,2,0,0.33,0.0,0.33,0.0,0.0,Matches,00029b1e,0.0975609756097561,0.08695652173913043,0.15000000000000002,0.3333333333333333,270.0,0.13987542331881955
625,Nahuel Molina,DF,ar Argentina,28-102,1.es Atlético Madrid,1998,6,5,0.6734397677793904,5.2,0.0,0.0,0,0,0,0,0,0,0.0,0.0,0.0,0.0,0.0,Matches,23610943,0.024390243902439025,0.0,0.15000000000000002,0.5333333333333333,465.0,0.38885462022254474
626,Jamiro Monteiro,MF,cv Cabo Verde,32-236,1.nl Zwolle,1993,4,3,0.40638606676342526,3.1,0.0,0.0,0,0,0,0,0,0,0.0,0.0,0.0,0.0,0.0,Matches,d384bddd,0.12195121951219512,0.043478260869565216,0.2,0.26666666666666666,281.0,0.10730527334300921
627,César Montes,DF,mx Mexico,29-143,1.ru Loko Moscow,1997,4,4,0.45428156748911463,3.5,0.0,0.0,0,0,0,0,0,1,0.0,0.0,0.0,0.0,0.0,Matches,28e957d7,0.024390243902439025,0.043478260869565216,0.05,0.13333333333333333,314.0,0.1600229801644896
628,Gonzalo Montiel,DF,ar Argentina,29-197,1.ar River Plate,1997,5,1,0.19448476052249639,1.5,0.0,0.2,1,0,0,0,1,0,0.0,0.67,0.67,0.0,0.67,Matches,374d5158,0.024390243902439025,0.0,0.15000000000000002,0.2,135.0,0.1763969521044993
629,Kim Moon-hwan,MF,kr Korea Republic,30-350,1.kr Daejeon Hana,1995,1,1,0.10014513788098695,0.8,0.0,0.0,0,0,0,0,0,0,0.0,0.0,0.0,0.0,0.0,Matches,6bce7dd8,0.0,0.0,0.05,0.06666666666666667,70.0,0.026681180454765363
630,Gilberto Mora,MF,mx Mexico,17-276,1.mx Tijuana,2008,4,3,0.30769230769230765,2.4,0.0,0.0,0,0,0,0,0,0,0.0,0.0,0.0,0.0,0.0,Matches,69c9ffe8,0.12195121951219512,0.0,0.1,0.13333333333333333,213.0,0.06410256410256411
631,Diego Moreira,MF,be Belgium,21-345,1.fr Strasbourg,2004,1,0,0.08272859216255443,0.6,0.0,0.0,0,0,0,0,0,0,0.0,0.0,0.0,0.0,0.0,Matches,12de1b0d,0.0,0.0,0.05,0.06666666666666667,58.0,0.024939525882922114
632,Steven Moreira,DF,cv Cabo Verde,31-338,1.us Columbus Crew,1994,4,3,0.43541364296081275,3.3,0.0,0.0,0,0,0,0,0,0,0.0,0.0,0.0,0.0,0.0,Matches,f10983ae,0.04878048780487805,0.0,0.15000000000000002,0.13333333333333333,301.0,0.20124939525882923
633,Tshepang Moremi,MF,za South Africa,25-288,1.za Orlando Pirates,2000,2,0,0.047895500725689405,0.4,0.0,0.2,1,0,0,0,0,0,0.0,2.65,2.65,0.0,2.65,Matches,546d38f9,0.0,0.0,0.05,0.0,34.0,0.07478955007256895
634,Orlando Mosquera,GK,pa Panama,31-204,1.sa Al-Fayha,1994,3,3,0.3904208998548621,3.0,0.0,0.0,0,0,0,0,0,0,0.0,0.0,0.0,0.0,0.0,Matches,ea34d827,0.0,0.0,0.0,0.0,270.0,0.0
635,Samir El Mourabet,MF,ma Morocco,20-284,1.fr Strasbourg,2005,5,0,0.11611030478955008,0.9,0.0,0.0,0,0,0,0,0,0,0.0,0.0,0.0,0.0,0.0,Matches,1a03d055,0.0,0.0,0.05,0.06666666666666667,81.0,0.02827769714562168
636,Samuel Moutoussamy,MF,cd Congo DR,29-339,1.gr Atromitos,1996,4,4,0.47750362844702465,3.7,0.0,0.0,0,0,0,0,1,0,0.0,0.0,0.0,0.0,0.0,Matches,af0c835b,0.07317073170731708,0.0,0.4,0.06666666666666667,330.0,0.13441702951136913
637,Akmal Mozgovoy,MF,uz Uzbekistan,27-106,1.uz Pakhtakor Tashkent FK,1999,3,2,0.3120464441219158,2.4,0.0,0.2,1,0,0,0,0,0,0.0,0.42,0.42,0.0,0.42,Matches,114cb95b,0.024390243902439025,0.0,0.0,0.13333333333333333,216.0,0.10453797774552491
638,Lionel Mpasi,GK,cd Congo DR,31-350,1.fr Le Havre,1994,4,4,0.521044992743106,4.0,0.0,0.0,0,0,0,0,0,0,0.0,0.0,0.0,0.0,0.0,Matches,5c6b0637,0.0,0.0,0.0,0.0,360.0,0.0
639,Khuliso Mudau,DF,za South Africa,31-082,1.za Sundowns,1995,4,4,0.521044992743106,4.0,0.0,0.0,0,0,0,0,0,0,0.0,0.0,0.0,0.0,0.0,Matches,75388f92,0.0,0.0,0.4,0.7333333333333333,360.0,0.5408756652152878
640,Tarik Muharemovic,DF,ba Bosnia–Herz,23-139,1.it Sassuolo,2003,3,3,0.37445573294629897,2.9,0.0,0.0,0,0,0,0,0,1,0.0,0.0,0.0,0.0,0.0,Matches,426dda23,0.024390243902439025,0.0,0.05,0.5333333333333333,259.0,0.28405781325592644
641,Miro Muheim,DFMF,ch Switzerland,28-115,1.de Hamburger SV,1998,3,0,0.12481857764876633,1.0,0.0,0.0,0,0,0,0,1,0,0.0,0.0,0.0,0.0,0.0,Matches,844c6a91,0.0,0.0,0.05,0.13333333333333333,87.0,0.09413038219641993
642,Ngal'Ayel Mukau,MF,cd Congo DR,21-256,1.fr Lille,2004,4,3,0.2815674891146589,2.2,0.0,0.0,0,0,0,0,0,0,0.0,0.0,0.0,0.0,0.0,Matches,bb461b8a,0.024390243902439025,0.0,0.1,0.2,195.0,0.06815674891146589
643,Mert Müldür,DF,tr Türkiye,27-105,1.tr Fenerbahçe,1999,3,1,0.14513788098693758,1.1,0.0,0.0,0,0,0,0,0,0,0.0,0.0,0.0,0.0,0.0,Matches,1295552e,0.07317073170731708,0.0,0.1,0.06666666666666667,101.0,0.09736090953072085
644,Daniel Muñoz,DF,co Colombia,30-052,1.eng Crystal Palace,1996,5,4,0.5703918722786647,4.4,0.25,0.0,2,2,0,0,0,0,0.46,0.0,0.46,0.46,0.46,Matches,778ef829,0.07317073170731708,0.08695652173913043,0.15000000000000002,0.4666666666666667,394.0,0.34491170778906627
645,Petar Musa,FW,hr Croatia,28-135,1.us FC Dallas,1998,2,2,0.158200290275762,1.2,0.125,0.0,1,1,0,0,0,0,0.82,0.0,0.82,0.82,0.82,Matches,4567a0b4,0.024390243902439025,0.043478260869565216,0.0,0.0,110.0,0.06764978791092259
646,Jamal Musiala,MF,de Germany,23-141,1.de Bayern Munich,2003,4,3,0.3904208998548621,3.0,0.125,0.0,1,1,0,0,1,0,0.33,0.0,0.33,0.33,0.33,Matches,2c0558b8,0.14634146341463417,0.043478260869565216,0.25,0.06666666666666667,270.0,0.13320875665215287
647,Fernando Muslera,GK,uy Uruguay,40-031,1.tr Galatasaray,1986,3,3,0.3251088534107402,2.5,0.0,0.0,0,0,0,0,0,0,0.0,0.0,0.0,0.0,0.0,Matches,a2abe631,0.0,0.0,0.0,0.0,225.0,0.0
648,Phillipp Mwene,DF,at Austria,32-169,1.de Mainz 05,1994,2,2,0.2119013062409289,1.6,0.0,0.0,0,0,0,0,0,0,0.0,0.0,0.0,0.0,0.0,Matches,2ff76adc,0.024390243902439025,0.0,0.0,0.2,147.0,0.11238026124818577
649,David Møller Wolfe,DF,no Norway,24-085,1.eng Wolves,2002,5,5,0.6226415094339623,4.8,0.0,0.2,1,0,0,0,0,0,0.0,0.21,0.21,0.0,0.21,Matches,9affc5f2,0.0,0.0,0.15000000000000002,0.2,430.0,0.2620283018867925
650,Yūto Nagatomo,DFMF,jp Japan,39-308,1.jp FC Tokyo,1986,1,0,0.02177068214804064,0.2,0.0,0.0,0,0,0,0,0,0,0.0,0.0,0.0,0.0,0.0,Matches,4b6960d2,0.0,0.0,0.0,0.06666666666666667,16.0,0.02768746976294146
651,Keito Nakamura,MF,jp Japan,25-354,2.fr Reims,2000,4,4,0.444121915820029,3.4,0.125,0.2,2,1,0,0,0,0,0.29,0.29,0.59,0.29,0.59,Matches,d97af612,0.12195121951219512,0.08695652173913043,0.15000000000000002,0.06666666666666667,307.0,0.17857885824866956
652,Abdallah Nasib,DF,jo Jordan,32-142,1.iq Al-Zawra'a SC,1994,3,3,0.3759071117561683,2.9,0.0,0.0,0,0,0,0,0,0,0.0,0.0,0.0,0.0,0.0,Matches,aaab3072,0.0,0.0,0.15000000000000002,0.4666666666666667,260.0,0.306014755684567
653,Sherzod Nasrullaev,DFMF,uz Uzbekistan,27-359,1.uz FC Nasaf,1998,3,3,0.2597968069666183,2.0,0.0,0.0,0,0,0,0,1,0,0.0,0.0,0.0,0.0,0.0,Matches,aeb0c7f7,0.024390243902439025,0.043478260869565216,0.1,0.13333333333333333,180.0,0.14362602805999033
654,Duckens Nazon,FWMF,ht Haiti,32-101,1.ir Esteghlal,1994,1,0,0.033381712626995644,0.3,0.0,0.0,0,0,0,0,1,0,0.0,0.0,0.0,0.0,0.0,Matches,20e87a42,0.024390243902439025,0.043478260869565216,0.0,0.0,24.0,0.0033381712626995644
655,Iliman Ndiaye,FW,sn Senegal,26-133,1.eng Everton,2000,3,1,0.1640058055152395,1.3,0.125,0.4,3,1,0,0,0,0,0.79,1.58,2.37,0.79,2.37,Matches,5ed97752,0.07317073170731708,0.08695652173913043,0.0,0.13333333333333333,114.0,0.163927624602333
656,Dan Ndoye,MFFW,ch Switzerland,25-265,1.eng Nottingham,2000,6,5,0.5878084179970973,4.5,0.25,0.0,2,2,0,0,0,0,0.44,0.0,0.44,0.44,0.44,Matches,8e697a8f,0.3902439024390244,0.34782608695652173,0.25,0.26666666666666666,406.0,0.2104475084663764
657,Jayden Nelson,FWMF,ca Canada,23-294,1.us Austin FC,2002,1,0,0.0043541364296081275,0.0,0.0,0.0,0,0,0,0,0,0,0.0,0.0,0.0,0.0,0.0,Matches,92305a81,0.024390243902439025,0.0,0.0,0.0,4.0,0.0004354136429608128
658,Ali Nemati,DF,ir IR Iran,30-159,1.ir Foolad,1996,3,3,0.3904208998548621,3.0,0.0,0.0,0,0,0,0,1,0,0.0,0.0,0.0,0.0,0.0,Matches,19a221f7,0.024390243902439025,0.0,0.1,0.0,270.0,0.12308417997097243
659,Abduvohid Nematov,GK,uz Uzbekistan,25-119,1.uz FC Nasaf,2001,2,2,0.2597968069666183,2.0,0.0,0.0,0,0,0,0,0,0,0.0,0.0,0.0,0.0,0.0,Matches,25e45f2a,0.0,0.0,0.0,0.0,180.0,0.0
660,Pedro Neto,MF,pt Portugal,26-130,1.eng Chelsea,2000,5,5,0.5065312046444123,3.9,0.0,0.2,1,0,0,0,0,0,0.0,0.26,0.26,0.0,0.26,Matches,7ba2eaa9,0.024390243902439025,0.0,0.1,0.0,350.0,0.13065312046444122
661,Manuel Neuer,GK,de Germany,40-112,1.de Bayern Munich,1986,4,4,0.5645863570391872,4.3,0.0,0.0,0,0,0,0,0,0,0.0,0.0,0.0,0.0,0.0,Matches,8778c910,0.0,0.0,0.0,0.0,390.0,0.0
662,João Neves,MF,pt Portugal,21-293,1.fr PSG,2004,5,4,0.5645863570391872,4.3,0.125,0.0,1,1,0,0,0,0,0.23,0.0,0.23,0.23,0.23,Matches,c2a15a27,0.07317073170731708,0.043478260869565216,0.35000000000000003,0.26666666666666666,390.0,0.19062530237058542
663,Rúben Neves,MF,pt Portugal,29-126,1.sa Al-Hilal,1997,2,1,0.07837445573294631,0.6,0.0,0.0,0,0,0,0,0,0,0.0,0.0,0.0,0.0,0.0,Matches,44bfb6c5,0.04878048780487805,0.0,0.0,0.0,55.0,0.00783744557329463
664,Neymar,FWMF,br Brazil,34-162,1.br Santos,1992,2,0,0.055152394775036286,0.4,0.125,0.0,1,0,1,1,1,0,2.31,0.0,2.31,0.0,0.0,Matches,69384e5d,0.07317073170731708,0.08695652173913043,0.0,0.0,39.0,0.04301523947750363
665,Nathan Ngoy,DF,be Belgium,23-037,1.fr Lille,2003,4,4,0.4847605224963715,3.7,0.0,0.0,0,0,0,0,0,1,0.0,0.0,0.0,0.0,0.0,Matches,eb7abf2e,0.024390243902439025,0.0,0.2,0.4666666666666667,335.0,0.3502854378326077
666,Moussa Niakhaté,DF,sn Senegal,30-131,1.fr Lyon,1996,4,4,0.5645863570391872,4.3,0.0,0.2,1,0,0,0,0,0,0.0,0.23,0.23,0.0,0.23,Matches,00242715,0.024390243902439025,0.0,0.05,0.26666666666666666,390.0,0.2287506047411708
667,Gustaf Nilsson,FW,se Sweden,29-055,1.be Club Brugge,1997,1,0,0.001451378809869376,0.0,0.0,0.0,0,0,0,0,0,0,0.0,0.0,0.0,0.0,0.0,Matches,a7d48b00,0.024390243902439025,0.0,0.0,0.0,2.0,0.004878048780487806
668,Felix Nmecha,MF,de Germany,25-280,1.de Dortmund,2000,4,4,0.3904208998548621,3.0,0.125,0.2,2,1,0,0,0,0,0.33,0.33,0.67,0.33,0.67,Matches,091c86e2,0.1951219512195122,0.13043478260869565,0.45,0.13333333333333333,270.0,0.23987542331881956
669,Kristoffer Nordfeldt,GK,se Sweden,37-024,1.se AIK Stockholm,1989,2,2,0.2597968069666183,2.0,0.0,0.0,0,0,0,0,0,0,0.0,0.0,0.0,0.0,0.0,Matches,78549904,0.0,0.0,0.0,0.0,180.0,0.0
670,Tyrese Noslin,MF,cw Curaçao,23-309,1.nl Telstar,2002,1,0,0.018867924528301886,0.2,0.0,0.0,0,0,0,0,0,0,0.0,0.0,0.0,0.0,0.0,Matches,c3709bd2,0.0,0.0,0.0,0.0,14.0,0.0018867924528301887
671,Ernest Nuamah,MF,gh Ghana,22-258,1.fr Lyon,2003,3,1,0.1277213352685051,1.0,0.0,0.2,1,0,0,0,0,0,0.0,1.01,1.01,0.0,1.01,Matches,234a703c,0.0,0.0,0.05,0.0,89.0,0.08277213352685052
672,Matheus Nunes,DFMF,pt Portugal,27-324,1.eng Manchester City,1998,1,0,0.0,0.0,0.0,0.0,0,0,0,0,0,0,0.0,0.0,0.0,0.0,0.0,Matches,e6af02e0,0.0,0.0,0.0,0.0,1.0,0.0
673,Darwin Núñez,FW,uy Uruguay,27-023,1.sa Al-Hilal,1999,3,2,0.22496371552975328,1.7,0.0,0.0,0,0,0,0,0,0,0.0,0.0,0.0,0.0,0.0,Matches,4d77b365,0.04878048780487805,0.0,0.05,0.13333333333333333,156.0,0.009756097560975611
674,Antonio Nusa,FW,no Norway,21-091,1.de RB Leipzig,2005,6,4,0.46008708272859217,3.5,0.125,0.0,1,1,0,0,1,0,0.28,0.0,0.28,0.28,0.28,Matches,4ab12002,0.14634146341463417,0.08695652173913043,0.1,0.13333333333333333,318.0,0.0985617709437964
675,Benjamin Nygren,MF,se Sweden,25-009,1.sct Celtic,2001,4,2,0.18722786647314948,1.4,0.0,0.0,0,0,0,0,0,0,0.0,0.0,0.0,0.0,0.0,Matches,d6ebf67f,0.024390243902439025,0.0,0.0,0.0,130.0,0.01872278664731495
676,Ørjan Nyland,GK,no Norway,35-310,1.es Sevilla,1990,5,5,0.6952104499274311,5.3,0.0,0.0,0,0,0,0,0,0,0.0,0.0,0.0,0.0,0.0,Matches,bdedffac,0.0,0.0,0.0,0.06666666666666667,480.0,0.0
677,Aiden O'Neill,MF,au Australia,28-013,1.us NYCFC,1998,4,4,0.521044992743106,4.0,0.0,0.0,0,0,0,0,0,0,0.0,0.0,0.0,0.0,0.0,Matches,c7aee75b,0.04878048780487805,0.0,0.1,0.13333333333333333,360.0,0.08543783260764394
678,Nico O'Reilly,DF,eng England,21-118,1.eng Manchester City,2005,7,5,0.6676342525399129,5.1,0.0,0.0,0,0,0,0,1,0,0.0,0.0,0.0,0.0,0.0,Matches,91ca4a16,0.17073170731707318,0.043478260869565216,0.15000000000000002,0.3333333333333333,461.0,0.3176935171746493
679,Salim Obaid,DF,jo Jordan,34-181,1.jo Al-Hussein SC,1992,3,0,0.02902757619738752,0.2,0.0,0.0,0,0,0,0,0,0,0.0,0.0,0.0,0.0,0.0,Matches,f494bf5f,0.0,0.0,0.1,0.0,21.0,0.05080551523947751
680,Armando Obispo,DF,cw Curaçao,27-134,1.nl PSV,1999,3,3,0.3904208998548621,3.0,0.0,0.0,0,0,0,0,0,0,0.0,0.0,0.0,0.0,0.0,Matches,2ffa6348,0.0,0.0,0.05,0.4666666666666667,270.0,0.26391751330430574
681,Guillermo Ochoa,GK,mx Mexico,41-004,1.cy AEL Limassol,1985,1,0,0.01741654571843251,0.1,0.0,0.0,0,0,0,0,0,0,0.0,0.0,0.0,0.0,0.0,Matches,1e9bde92,0.0,0.0,0.0,0.0,13.0,0.0
682,Kōki Ogawa,FW,jp Japan,28-343,1.nl NEC Nijmegen,1997,3,0,0.059506531204644414,0.5,0.0,0.2,1,0,0,0,0,0,0.0,2.14,2.14,0.0,2.14,Matches,3d2e8955,0.07317073170731708,0.0,0.0,0.0,42.0,0.05463414634146342
683,Braian Ojeda,MF,py Paraguay,26-020,1.us Orlando City,2000,1,0,0.03047895500725689,0.2,0.0,0.0,0,0,0,0,0,0,0.0,0.0,0.0,0.0,0.0,Matches,60953af0,0.0,0.0,0.0,0.0,22.0,0.0030478955007256893
684,Noah Okafor,FWMF,ch Switzerland,26-054,1.eng Leeds United,2000,1,0,0.027576197387518143,0.2,0.0,0.0,0,0,0,0,0,0,0.0,0.0,0.0,0.0,0.0,Matches,ca607d59,0.024390243902439025,0.0,0.05,0.0,20.0,0.012757619738751816
685,Ime Okon,DF,za South Africa,22-147,2.de Hannover 96,2004,4,4,0.521044992743106,4.0,0.0,0.0,0,0,0,0,0,0,0.0,0.0,0.0,0.0,0.0,Matches,3cb58055,0.024390243902439025,0.0,0.1,0.3333333333333333,360.0,0.2658756652152878
686,Paul Okon-Engstler,MF,au Australia,21-174,1.au Sydney FC,2005,4,2,0.28447024673439764,2.2,0.0,0.2,1,0,0,0,0,0,0.0,0.46,0.46,0.0,0.46,Matches,ecd6464a,0.0,0.0,0.1,0.3333333333333333,197.0,0.1417803580067731
687,Ben Old,MF,nz New Zealand,23-338,2.fr Saint-Étienne,2002,3,0,0.1335268505079826,1.0,0.0,0.0,0,0,0,0,0,0,0.0,0.0,0.0,0.0,0.0,Matches,e14e818c,0.0,0.0,0.0,0.06666666666666667,93.0,0.02001935171746493
688,Michael Olise,MF,fr France,24-217,1.de Bayern Munich,2001,7,7,0.8055152394775037,6.2,0.0,1.0,5,0,0,0,1,0,0.0,0.81,0.81,0.0,0.81,Matches,c4486bac,0.4878048780487805,0.21739130434782608,0.4,0.2,556.0,0.4805515239477504
689,Mathías Olivera,DF,uy Uruguay,28-259,1.it Napoli,1997,3,3,0.3904208998548621,3.0,0.0,0.0,0,0,0,0,1,0,0.0,0.0,0.0,0.0,0.0,Matches,41c12f75,0.024390243902439025,0.0,0.2,0.13333333333333333,270.0,0.2147508466376391
690,Dani Olmo,MF,es Spain,28-071,1.es Barcelona,1998,7,5,0.6037735849056604,4.6,0.0,0.4,2,0,0,0,0,0,0.0,0.43,0.43,0.0,0.43,Matches,ae44e8e2,0.3170731707317073,0.08695652173913043,0.25,0.06666666666666667,417.0,0.23704402515723266
691,Tani Oluwaseyi,FW,ca Canada,26-063,1.es Villarreal,2000,5,3,0.37445573294629897,2.9,0.0,0.0,0,0,0,0,0,0,0.0,0.0,0.0,0.0,0.0,Matches,950ef017,0.1951219512195122,0.17391304347826086,0.15000000000000002,0.0,259.0,0.06511134676564158
692,Ali Olwan,MF,jo Jordan,26-113,1.qa Al-Sailiya SC,2000,3,3,0.3875181422351233,3.0,0.125,0.0,1,1,0,0,0,0,0.34,0.0,0.34,0.34,0.34,Matches,33c1d68d,0.14634146341463417,0.13043478260869565,0.0,0.06666666666666667,268.0,0.082918480890179
693,Amadou Onana,MF,be Belgium,24-335,1.eng Aston Villa,2001,4,2,0.15239477503628449,1.2,0.0,0.0,0,0,0,0,0,0,0.0,0.0,0.0,0.0,0.0,Matches,828657ff,0.04878048780487805,0.0,0.1,0.13333333333333333,106.0,0.048572810836961786
694,Christopher Opéri,DF,ci Côte d'Ivoire,29-079,1.tr Başakşehir,1997,1,1,0.12917271407837447,1.0,0.0,0.0,0,0,0,0,0,0,0.0,0.0,0.0,0.0,0.0,Matches,914bb955,0.0,0.0,0.1,0.06666666666666667,90.0,0.09416787614900822
695,Jerome Opoku,DF,gh Ghana,27-276,1.tr Başakşehir,1998,3,3,0.3904208998548621,3.0,0.0,0.0,0,0,0,0,0,0,0.0,0.0,0.0,0.0,0.0,Matches,091d6ee5,0.0,0.0,0.1,0.06666666666666667,270.0,0.14641751330430575
696,Joel Ordóñez,DF,ec Ecuador,22-087,1.be Club Brugge,2004,3,3,0.3251088534107402,2.5,0.0,0.0,0,0,0,0,0,0,0.0,0.0,0.0,0.0,0.0,Matches,2990a15c,0.04878048780487805,0.0,0.25,0.06666666666666667,225.0,0.20085510401548137
697,Jonathan Osorio,MF,ca Canada,34-035,1.us Toronto FC,1992,2,0,0.005805515239477504,0.1,0.0,0.0,0,0,0,0,0,0,0.0,0.0,0.0,0.0,0.0,Matches,70106ff6,0.024390243902439025,0.0,0.0,0.06666666666666667,5.0,0.007247218190614417
698,Nicolás Otamendi,DF,ar Argentina,38-155,1.pt Benfica,1988,6,1,0.24528301886792453,1.9,0.0,0.0,0,0,0,0,0,0,0.0,0.0,0.0,0.0,0.0,Matches,0d267745,0.024390243902439025,0.0,0.1,0.4,170.0,0.2340566037735849
699,Zakaria El Ouahdi,DFMF,ma Morocco,24-198,1.be Genk,2001,1,0,0.023222060957910014,0.2,0.0,0.0,0,0,0,0,0,0,0.0,0.0,0.0,0.0,0.0,Matches,a3d79d3c,0.0,0.0,0.0,0.0,17.0,0.004644412191582003
700,Ayoub Al-Oui,DF,qa Qatar,21-128,1.qa Al-Gharafa Sports Club,2005,2,2,0.21480406386066764,1.7,0.0,0.0,0,0,0,0,0,0,0.0,0.0,0.0,0.0,0.0,Matches,010e5bae,0.0,0.0,0.0,0.13333333333333333,149.0,0.0896274794388002
701,Azzedine Ounahi,MF,ma Morocco,26-089,1.es Girona,2000,6,5,0.6298984034833092,4.8,0.25,0.0,2,2,0,0,1,0,0.41,0.0,0.41,0.41,0.41,Matches,83299cc0,0.12195121951219512,0.13043478260869565,0.05,0.06666666666666667,435.0,0.15465650701499759
702,Mohammed Al-Owais,GK,sa Saudi Arabia,34-280,1.sa Al-Ula,1991,3,3,0.3904208998548621,3.0,0.0,0.0,0,0,0,0,0,0,0.0,0.0,0.0,0.0,0.0,Matches,f2c060c6,0.0,0.0,0.0,0.0,270.0,0.0
703,Elisha Owusu,MF,gh Ghana,28-252,1.fr Auxerre,1997,3,2,0.2177068214804064,1.7,0.0,0.0,0,0,0,0,0,0,0.0,0.0,0.0,0.0,0.0,Matches,e2781082,0.0,0.0,0.15000000000000002,0.0,151.0,0.05177068214804065
704,Mikel Oyarzabal,FW,es Spain,29-087,1.es Real Sociedad,1997,7,7,0.7822931785195937,6.0,0.625,0.2,6,4,1,1,0,0,0.83,0.17,1.0,0.67,0.83,Matches,8c3c640c,0.5609756097560976,0.5217391304347826,0.25,0.06666666666666667,540.0,0.5117059915164369
705,Salih Özcan,MF,tr Türkiye,28-187,1.de Dortmund,1998,2,1,0.14368650217706821,1.1,0.0,0.0,0,0,0,0,0,0,0.0,0.0,0.0,0.0,0.0,Matches,15413fa5,0.0,0.0,0.05,0.26666666666666666,100.0,0.05103531688437349
706,Willian Pacho,DF,ec Ecuador,24-274,1.fr PSG,2001,4,4,0.521044992743106,4.0,0.0,0.0,0,0,0,0,0,0,0.0,0.0,0.0,0.0,0.0,Matches,ecbe2839,0.024390243902439025,0.043478260869565216,0.1,0.5333333333333333,360.0,0.3358756652152879
707,Kendry Páez,MF,ec Ecuador,19-074,1.ar River Plate,2007,1,0,0.015965166908563134,0.1,0.0,0.0,0,0,0,0,1,0,0.0,0.0,0.0,0.0,0.0,Matches,f3bb9f59,0.0,0.0,0.0,0.0,12.0,0.0015965166908563134
708,Exequiel Palacios,DF,ar Argentina,27-285,1.de Leverkusen,1998,1,1,0.12917271407837447,1.0,0.0,0.0,0,0,0,0,0,0,0.0,0.0,0.0,0.0,0.0,Matches,e82adcab,0.0,0.0,0.0,0.3333333333333333,90.0,0.14250120948234155
709,Lucas Paquetá,MF,br Brazil,28-324,1.br Flamengo,1997,4,4,0.3367198838896952,2.6,0.0,0.2,1,0,0,0,0,0,0.0,0.39,0.39,0.0,0.39,Matches,9b6f7fd5,0.12195121951219512,0.043478260869565216,0.2,0.3333333333333333,233.0,0.16700532172230287
710,Leandro Paredes,MF,ar Argentina,32-018,1.ar Boca Juniors,1994,6,4,0.5761973875181423,4.4,0.0,0.0,0,0,0,0,1,0,0.0,0.0,0.0,0.0,0.0,Matches,dff153a4,0.0975609756097561,0.043478260869565216,0.30000000000000004,0.3333333333333333,398.0,0.15095307208514758
711,Thomas Partey,MF,gh Ghana,33-034,1.es Villarreal,1993,3,3,0.3904208998548621,3.0,0.0,0.0,0,0,0,0,0,0,0.0,0.0,0.0,0.0,0.0,Matches,529f49ab,0.04878048780487805,0.0,0.2,0.4,270.0,0.11904208998548624
712,Marco Pašalić,MF,hr Croatia,25-306,1.us Orlando City,2000,3,1,0.14223512336719885,1.1,0.0,0.0,0,0,0,0,0,0,0.0,0.0,0.0,0.0,0.0,Matches,1866b0f1,0.07317073170731708,0.08695652173913043,0.1,0.06666666666666667,99.0,0.040890179003386554
713,Mario Pašalić,MF,hr Croatia,31-158,1.it Atalanta,1995,4,1,0.17706821480406387,1.4,0.0,0.0,0,0,0,0,0,0,0.0,0.0,0.0,0.0,0.0,Matches,e599253a,0.0975609756097561,0.043478260869565216,0.05,0.06666666666666667,123.0,0.034373488147073056
714,Nathan Patterson,DF,sct Scotland,24-274,1.eng Everton,2001,3,2,0.26705370101596515,2.1,0.0,0.0,0,0,0,0,0,0,0.0,0.0,0.0,0.0,0.0,Matches,230f0471,0.0,0.0,0.1,0.2,185.0,0.16841074020319302
715,João Paulo Fernandes,DF,cv Cabo Verde,28-052,1.ro FCSB,1998,2,1,0.1509433962264151,1.2,0.0,0.0,0,0,0,0,0,0,0.0,0.0,0.0,0.0,0.0,Matches,afcac9da,0.04878048780487805,0.0,0.05,0.4,105.0,0.192688679245283
716,Aleksandar Pavlovic,MF,de Germany,22-075,1.de Bayern Munich,2004,4,4,0.39332365747460085,3.0,0.0,0.0,0,0,0,0,1,0,0.0,0.0,0.0,0.0,0.0,Matches,2658c82f,0.0975609756097561,0.043478260869565216,0.15000000000000002,0.13333333333333333,272.0,0.08266569908079344
717,Tim Payne,DF,nz New Zealand,32-188,1.au Wellington,1994,3,3,0.3236574746008708,2.5,0.0,0.2,1,0,0,0,0,0,0.0,0.4,0.4,0.0,0.4,Matches,4e86877c,0.024390243902439025,0.0,0.15000000000000002,0.06666666666666667,224.0,0.1555648282535075
718,Nicolás Paz,MF,ar Argentina,21-312,1.it Como,2004,2,1,0.10159651669085631,0.8,0.0,0.0,0,0,0,0,0,0,0.0,0.0,0.0,0.0,0.0,Matches,01bb93d5,0.024390243902439025,0.0,0.1,0.0,71.0,0.030159651669085637
719,Marcus Pedersen,DF,no Norway,26-001,1.it Torino,2000,4,1,0.34107402031930334,2.6,0.125,0.0,1,1,0,0,0,0,0.38,0.0,0.38,0.38,0.38,Matches,596cc50e,0.024390243902439025,0.043478260869565216,0.1,0.0,236.0,0.11321480406386067
720,Pedri,MF,es Spain,23-234,1.es Barcelona,2002,7,5,0.6371552975326561,4.9,0.0,0.0,0,0,0,0,1,0,0.0,0.0,0.0,0.0,0.0,Matches,0d9b2d31,0.12195121951219512,0.08695652173913043,0.4,0.6666666666666666,440.0,0.21038219641993228
721,Nicolas Pépé,FW,ci Côte d'Ivoire,31-049,1.es Villarreal,1995,4,3,0.33817126269956455,2.6,0.25,0.2,3,2,0,0,1,0,0.77,0.38,1.15,0.77,1.15,Matches,57e3f0c7,0.14634146341463417,0.13043478260869565,0.0,0.2,234.0,0.2013335100742312
722,Ricardo Pepi,FW,us United States,23-189,1.nl PSV,2003,5,2,0.2946298984034833,2.3,0.0,0.0,0,0,0,0,0,0,0.0,0.0,0.0,0.0,0.0,Matches,a2b1ed42,0.12195121951219512,0.0,0.05,0.06666666666666667,204.0,0.024390243902439025
723,Kojo Peprah Oppong,DF,gh Ghana,22-043,1.fr Nice,2004,2,0,0.06966618287373005,0.5,0.0,0.0,0,0,0,0,1,0,0.0,0.0,0.0,0.0,0.0,Matches,37a6fdb3,0.0,0.0,0.0,0.0,49.0,0.013933236574746011
724,Ivan Perišić,MFDF,hr Croatia,37-165,1.nl PSV,1989,4,4,0.521044992743106,4.0,0.125,0.2,2,1,0,0,2,0,0.25,0.25,0.5,0.25,0.5,Matches,6fe90922,0.04878048780487805,0.08695652173913043,0.2,0.26666666666666666,360.0,0.28754233188195455
725,Jens Petter Hauge,DFFW,no Norway,26-278,1.no Bodø/Glimt,1999,1,0,0.010159651669085631,0.1,0.0,0.0,0,0,0,0,0,0,0.0,0.0,0.0,0.0,0.0,Matches,12c35abe,0.0,0.0,0.0,0.0,8.0,0.0020319303338171262
726,Charles Pickel,DFMF,cd Congo DR,29-063,1.es Espanyol,1997,2,0,0.04934687953555878,0.4,0.0,0.0,0,0,0,0,1,0,0.0,0.0,0.0,0.0,0.0,Matches,f71ad8cb,0.024390243902439025,0.0,0.0,0.0,35.0,0.009869375907111757
727,Jordan Pickford,GK,eng England,32-132,1.eng Everton,1994,7,7,0.9564586357039188,7.3,0.0,0.0,0,0,0,0,0,0,0.0,0.0,0.0,0.0,0.0,Matches,4806ec67,0.0,0.0,0.0,0.0,660.0,0.0
728,Pico,DF,cv Cabo Verde,34-030,1.ie Shamrock,1992,4,4,0.5645863570391872,4.3,0.0,0.0,0,0,0,0,0,0,0.0,0.0,0.0,0.0,0.0,Matches,faef0f92,0.04878048780487805,0.0,0.25,0.4666666666666667,390.0,0.3887506047411708
729,Frantzdy Pierrot,FW,ht Haiti,31-110,1.tr Rizespor,1995,3,2,0.2060957910014514,1.6,0.0,0.0,0,0,0,0,1,0,0.0,0.0,0.0,0.0,0.0,Matches,307877be,0.07317073170731708,0.043478260869565216,0.0,0.0,143.0,0.0211558854718982
730,Kevin Pina,MF,cv Cabo Verde,29-171,1.ru Krasnodar,1997,4,4,0.5050798258345428,3.9,0.125,0.0,1,1,0,0,1,0,0.26,0.0,0.26,0.26,0.26,Matches,296026ae,0.12195121951219512,0.043478260869565216,0.35000000000000003,0.2,349.0,0.1780079825834543
731,Wagner Pina,DF,cv Cabo Verde,23-256,1.tr Trabzonspor,2002,1,1,0.1277213352685051,1.0,0.0,0.0,0,0,0,0,1,0,0.0,0.0,0.0,0.0,0.0,Matches,9bf22b95,0.024390243902439025,0.0,0.0,0.06666666666666667,89.0,0.048877600387034356
732,Orbelín Pineda,FWMF,mx Mexico,30-115,1.gr AEK Athens,1996,2,0,0.04354136429608128,0.3,0.0,0.0,0,0,0,0,0,0,0.0,0.0,0.0,0.0,0.0,Matches,411fabd7,0.024390243902439025,0.0,0.0,0.0,31.0,0.0043541364296081275
733,Yéremy Pino,FWMF,es Spain,23-270,1.eng Crystal Palace,2002,2,0,0.10014513788098695,0.8,0.0,0.0,0,0,0,0,0,0,0.0,0.0,0.0,0.0,0.0,Matches,540ec57b,0.0,0.0,0.0,0.0,70.0,0.010014513788098695
734,Isidro Pitta,FW,py Paraguay,26-337,1.br RB Bragantino,1999,1,1,0.06386066763425255,0.5,0.0,0.0,0,0,0,0,0,0,0.0,0.0,0.0,0.0,0.0,Matches,e9fc7295,0.0,0.0,0.0,0.0,45.0,0.0
735,Johny Placide,GK,ht Haiti,38-169,2.fr Bastia,1988,3,3,0.3904208998548621,3.0,0.0,0.0,0,0,0,0,1,0,0.0,0.0,0.0,0.0,0.0,Matches,f1666a9d,0.0,0.0,0.0,0.0,270.0,0.0
736,Gonzalo Plata,FW,ec Ecuador,25-258,1.br Flamengo,2000,4,4,0.521044992743106,4.0,0.125,0.0,1,1,0,0,1,0,0.25,0.0,0.25,0.25,0.25,Matches,54bcdeb0,0.1951219512195122,0.21739130434782608,0.25,0.13333333333333333,360.0,0.12788308589607636
737,Marin Pongračić,DF,hr Croatia,28-309,1.it Fiorentina,1997,3,3,0.3904208998548621,3.0,0.0,0.0,0,0,0,0,0,0,0.0,0.0,0.0,0.0,0.0,Matches,2a6cd437,0.024390243902439025,0.0,0.15000000000000002,0.0,270.0,0.14558417997097245
738,Jackson Porozo,DF,ec Ecuador,25-347,1.mx Tijuana,2000,1,0,0.040638606676342524,0.3,0.0,0.0,0,0,0,0,1,0,0.0,0.0,0.0,0.0,0.0,Matches,7d704e92,0.0,0.0,0.0,0.0,29.0,0.008127721335268505
739,Pedro Porro,DF,es Spain,26-307,1.eng Tottenham,1999,5,5,0.6415094339622642,4.9,0.25,0.0,2,2,0,0,0,0,0.41,0.0,0.41,0.41,0.41,Matches,27d0a506,0.17073170731707318,0.13043478260869565,0.55,0.5333333333333333,443.0,0.5624685534591196
740,Stefan Posch,DF,at Austria,29-064,1.de Mainz 05,1997,4,4,0.47895500725689405,3.7,0.0,0.0,0,0,0,0,2,0,0.0,0.0,0.0,0.0,0.0,Matches,7f609bfc,0.07317073170731708,0.0,0.2,0.6666666666666666,331.0,0.4191243347847121
741,Alexander Prass,DFMF,at Austria,25-052,1.de Hoffenheim,2001,2,0,0.040638606676342524,0.3,0.0,0.0,0,0,0,0,0,0,0.0,0.0,0.0,0.0,0.0,Matches,6637e6a7,0.0,0.0,0.0,0.0,29.0,0.008127721335268505
742,Ángelo Preciado,DFMF,ec Ecuador,28-149,1.br Atlético Mineiro,1998,4,0,0.1567489114658926,1.2,0.0,0.0,0,0,0,0,0,0,0.0,0.0,0.0,0.0,0.0,Matches,eadc8e4f,0.0,0.0,0.05,0.2,109.0,0.12384978229317853
743,Ruben Providence,MF,ht Haiti,25-010,2.nl Almere City,2001,3,3,0.3178519593613933,2.4,0.0,0.0,0,0,0,0,0,0,0.0,0.0,0.0,0.0,0.0,Matches,26bab383,0.0975609756097561,0.043478260869565216,0.1,0.0,220.0,0.05178519593613934
744,Lukáš Provod,FW,cz Czechia,29-267,1.cz Slavia Prague,1996,3,1,0.1756168359941945,1.4,0.0,0.0,0,0,0,0,0,0,0.0,0.0,0.0,0.0,0.0,Matches,8f21b7bd,0.024390243902439025,0.0,0.15000000000000002,0.06666666666666667,122.0,0.004878048780487806
745,Marc Pubill,DF,es Spain,23-027,1.es Atlético Madrid,2003,1,0,0.0,0.0,0.0,0.0,0,0,0,0,0,0,0.0,0.0,0.0,0.0,0.0,Matches,365113c0,0.0,0.0,0.0,0.0,1.0,0.0
746,Gustavo Puerta,MF,co Colombia,22-359,2.es Racing Sant,2003,5,5,0.679245283018868,5.2,0.0,0.2,1,0,0,0,1,0,0.0,0.19,0.19,0.0,0.19,Matches,2c08cab0,0.34146341463414637,0.21739130434782608,0.15000000000000002,0.2,469.0,0.17792452830188682
747,Christian Pulisic,MF,us United States,27-302,1.it Milan,1998,4,3,0.32220609579100146,2.5,0.0,0.2,1,0,0,0,0,0,0.0,0.4,0.4,0.0,0.4,Matches,1bf33a9a,0.0975609756097561,0.08695652173913043,0.05,0.0,223.0,0.10222060957910015
748,Ahmed Qasem,MFFW,iq Iraq,23-005,1.us Nashville SC,2003,3,2,0.17706821480406387,1.4,0.0,0.0,0,0,0,0,0,0,0.0,0.0,0.0,0.0,0.0,Matches,27219ecb,0.0,0.0,0.0,0.0,123.0,0.01770682148040639
749,Jarell Quansah,DF,eng England,23-169,1.de Leverkusen,2003,2,2,0.16545718432510886,1.3,0.0,0.0,0,0,0,0,1,1,0.0,0.0,0.0,0.0,0.0,Matches,4125cb98,0.0,0.0,0.0,0.0,115.0,0.03309143686502177
750,Julián Quiñones,FWMF,mx Mexico,29-115,1.sa Al-Qadsiah,1997,5,5,0.5936139332365747,4.6,0.5,0.2,5,4,0,0,0,0,0.88,0.22,1.1,0.88,1.1,Matches,5535c728,0.34146341463414637,0.2608695652173913,0.0,0.0,410.0,0.2693613933236575
751,Alberto Quintero,FWMF,pa Panama,38-211,1.pa Plaza Amador,1987,1,0,0.0029027576197387514,0.0,0.0,0.0,0,0,0,0,0,0,0.0,0.0,0.0,0.0,0.0,Matches,5854ae43,0.0,0.0,0.0,0.0,3.0,0.00029027576197387516
752,Juan Quintero,FWMF,co Colombia,33-180,1.ar River Plate,1993,4,0,0.1741654571843251,1.3,0.0,0.2,1,0,0,0,0,0,0.0,0.74,0.74,0.0,0.74,Matches,540d0b37,0.0975609756097561,0.0,0.0,0.0,121.0,0.07741654571843251
753,Ramy Rabia,DF,eg Egypt,33-058,1.ae Al Ain,1993,5,3,0.5384615384615385,4.1,0.0,0.0,0,0,0,0,0,0,0.0,0.0,0.0,0.0,0.0,Matches,e32afa36,0.024390243902439025,0.043478260869565216,0.25,0.2,372.0,0.2901923076923077
754,Adrien Rabiot,MF,fr France,31-105,1.it Milan,1995,6,6,0.7169811320754718,5.5,0.0,0.2,1,0,0,0,1,0,0.0,0.18,0.18,0.0,0.18,Matches,8794e251,0.21951219512195122,0.043478260869565216,0.35000000000000003,0.7333333333333333,495.0,0.2750314465408805
755,Stjepan Radeljić,DF,ba Bosnia–Herz,28-315,1.hr Rijeka,1997,2,2,0.2597968069666183,2.0,0.0,0.0,0,0,0,0,1,0,0.0,0.0,0.0,0.0,0.0,Matches,30e03a25,0.024390243902439025,0.0,0.05,0.0,180.0,0.07445936139332367
756,Soufiane Rahimi,FW,ma Morocco,30-045,1.ae Al Ain,1996,6,0,0.2351233671988389,1.8,0.25,0.2,3,2,0,0,0,0,1.1,0.55,1.66,1.1,1.66,Matches,f126a259,0.14634146341463417,0.17391304347826086,0.1,0.0,163.0,0.20785524920466597
757,Abdul Rahman Baba,DFMF,gh Ghana,32-015,1.gr PAOK,1994,1,0,0.0,0.0,0.0,0.0,0,0,0,0,0,0,0.0,0.0,0.0,0.0,0.0,Matches,e4086af3,0.0,0.0,0.0,0.0,1.0,0.0
758,Anthony Ralston,DF,sct Scotland,27-243,1.sct Celtic,1998,2,0,0.014513788098693758,0.1,0.0,0.0,0,0,0,0,0,0,0.0,0.0,0.0,0.0,0.0,Matches,56208b05,0.024390243902439025,0.043478260869565216,0.0,0.0,11.0,0.002902757619738752
759,Gonçalo Ramos,FW,pt Portugal,25-027,1.fr PSG,2001,2,0,0.05079825834542816,0.4,0.125,0.0,1,1,0,0,0,0,2.5,0.0,2.5,2.5,2.5,Matches,f63cda26,0.04878048780487805,0.043478260869565216,0.0,0.0,36.0,0.0725278366914104
760,Jiovany Ramos,DF,pa Panama,29-172,1.ve Puerto Cabello,1997,2,2,0.23947750362844702,1.8,0.0,0.0,0,0,0,0,0,0,0.0,0.0,0.0,0.0,0.0,Matches,30cda59f,0.04878048780487805,0.0,0.05,0.2,166.0,0.1403955007256894
761,Jesse Randall,MF,nz New Zealand,23-332,1.au Auckland FC,2002,3,0,0.08708272859216257,0.7,0.0,0.0,0,0,0,0,0,0,0.0,0.0,0.0,0.0,0.0,Matches,513ec88e,0.024390243902439025,0.0,0.0,0.0,61.0,0.008708272859216257
762,Raúl Rangel,GK,mx Mexico,26-142,1.mx Guadalajara,2000,5,5,0.632801161103048,4.9,0.0,0.0,0,0,0,0,0,0,0.0,0.0,0.0,0.0,0.0,Matches,15f733fb,0.0,0.0,0.0,0.0,437.0,0.0
763,Raphinha,MFFW,br Brazil,29-215,1.es Barcelona,1996,2,2,0.18577648766328012,1.4,0.0,0.0,0,0,0,0,0,0,0.0,0.0,0.0,0.0,0.0,Matches,3423f250,0.07317073170731708,0.08695652173913043,0.0,0.0,129.0,0.018577648766328014
764,Nizar Al Rashdan,MF,jo Jordan,27-116,1.qa Qatar SC,1999,3,3,0.36865021770682144,2.8,0.125,0.0,1,1,0,0,0,0,0.35,0.0,0.35,0.35,0.35,Matches,feaa0ffd,0.04878048780487805,0.043478260869565216,0.25,0.13333333333333333,255.0,0.13769835510401549
765,Marcus Rashford,MF,eng England,28-259,1.es Barcelona,1997,5,2,0.25689404934687954,2.0,0.125,0.0,1,1,0,0,0,0,0.51,0.0,0.51,0.51,0.51,Matches,a1d5bd30,0.29268292682926833,0.21739130434782608,0.1,0.0,178.0,0.08318940493468796
766,Nicolas Raskin,MF,be Belgium,25-144,1.sct Rangers,2001,6,3,0.4934687953555878,3.8,0.0,0.4,2,0,0,0,0,0,0.0,0.53,0.53,0.0,0.53,Matches,dba1f190,0.04878048780487805,0.043478260869565216,0.25,0.13333333333333333,341.0,0.2326802128688921
767,David Raum,DF,de Germany,28-086,1.de RB Leipzig,1998,2,1,0.15529753265602322,1.2,0.0,0.0,0,0,0,0,0,0,0.0,0.0,0.0,0.0,0.0,Matches,7d450ed3,0.024390243902439025,0.043478260869565216,0.05,0.06666666666666667,108.0,0.07689283986453799
768,Noor Al Rawabdeh,MF,jo Jordan,29-143,1.my Selangor FA,1997,3,3,0.3904208998548621,3.0,0.0,0.2,1,0,0,0,0,0,0.0,0.33,0.33,0.0,0.33,Matches,3bb06c86,0.024390243902439025,0.0,0.35000000000000003,0.13333333333333333,270.0,0.18237542331881956
769,Rayan,FWMF,br Brazil,19-348,1.eng Bournemouth,2006,4,3,0.41654571843251087,3.2,0.0,0.2,1,0,0,0,0,0,0.0,0.31,0.31,0.0,0.31,Matches,288647fc,0.12195121951219512,0.08695652173913043,0.2,0.2,288.0,0.1616545718432511
770,Iqraam Rayners,FW,za South Africa,30-210,1.za Sundowns,1995,4,2,0.23222060957910015,1.8,0.0,0.0,0,0,0,0,0,0,0.0,0.0,0.0,0.0,0.0,Matches,190b0d5e,0.024390243902439025,0.0,0.0,0.0,161.0,0.004878048780487806
771,Tim Ream,DF,us United States,38-285,1.us Charlotte,1987,4,4,0.521044992743106,4.0,0.0,0.0,0,0,0,0,0,0,0.0,0.0,0.0,0.0,0.0,Matches,28b40c9c,0.0,0.0,0.05,0.4,360.0,0.2667089985486212
772,Tijjani Reijnders,MF,nl Netherlands,27-353,1.eng Manchester City,1998,3,3,0.28737300435413643,2.2,0.0,0.2,1,0,0,0,0,0,0.0,0.45,0.45,0.0,0.45,Matches,afb61630,0.0975609756097561,0.08695652173913043,0.0,0.13333333333333333,199.0,0.10207063376874698
773,Omar Rekik,DF,tn Tunisia,24-209,1.si NK Maribor,2001,2,2,0.2597968069666183,2.0,0.125,0.0,1,1,0,0,0,0,0.5,0.0,0.5,0.5,0.5,Matches,e69e0f7b,0.024390243902439025,0.043478260869565216,0.1,0.2,180.0,0.16695936139332365
774,Israel Reyes,DF,mx Mexico,26-055,1.mx América,2000,4,2,0.2917271407837445,2.2,0.0,0.0,0,0,0,0,0,0,0.0,0.0,0.0,0.0,0.0,Matches,0db8bbc4,0.04878048780487805,0.0,0.05,0.2,202.0,0.1508454281567489
775,Gio Reyna,MF,us United States,23-246,1.de Gladbach,2002,5,1,0.18867924528301888,1.5,0.125,0.0,1,1,0,0,0,0,0.69,0.0,0.69,0.69,0.69,Matches,7fa4e703,0.04878048780487805,0.043478260869565216,0.0,0.0,131.0,0.05636792452830189
776,Ramin Rezaeian,DFMF,ir IR Iran,36-118,1.ir Foolad,1990,3,3,0.3904208998548621,3.0,0.25,0.2,3,2,0,0,0,0,0.67,0.33,1.0,0.67,1.0,Matches,c0ae3446,0.0975609756097561,0.08695652173913043,0.25,0.13333333333333333,270.0,0.23725084663763912
777,Chadi Riad,DF,ma Morocco,23-030,1.eng Crystal Palace,2003,4,4,0.49782293178519593,3.8,0.0,0.2,1,0,0,0,0,0,0.0,0.26,0.26,0.0,0.26,Matches,b3b9b8b8,0.024390243902439025,0.0,0.05,0.26666666666666666,344.0,0.21539791969037253
778,Declan Rice,MF,eng England,27-184,1.eng Arsenal,1999,6,6,0.6763425253991292,5.2,0.0,0.2,1,0,0,0,2,0,0.0,0.19,0.19,0.0,0.19,Matches,1c7012b8,0.14634146341463417,0.13043478260869565,0.15000000000000002,0.3333333333333333,467.0,0.19096758587324625
779,Chris Richards,DF,us United States,26-111,1.eng Crystal Palace,2000,4,4,0.521044992743106,4.0,0.0,0.0,0,0,0,0,1,0,0.0,0.0,0.0,0.0,0.0,Matches,0a3d6d2b,0.024390243902439025,0.0,0.15000000000000002,0.26666666666666666,360.0,0.26504233188195453
780,Fabian Rieder,MFFW,ch Switzerland,24-151,1.de Augsburg,2002,5,3,0.43686502177068215,3.4,0.0,0.0,0,0,0,0,0,0,0.0,0.0,0.0,0.0,0.0,Matches,c2bd8585,0.17073170731707318,0.08695652173913043,0.15000000000000002,0.06666666666666667,302.0,0.08035316884373489
781,Richard Ríos,MF,co Colombia,26-045,1.pt Benfica,2000,5,0,0.20174165457184326,1.6,0.0,0.0,0,0,0,0,1,0,0.0,0.0,0.0,0.0,0.0,Matches,72da065d,0.12195121951219512,0.043478260869565216,0.1,0.06666666666666667,140.0,0.046840832123851
782,Ró-Ró,DF,qa Qatar,35-345,1.qa Al Sadd,1990,3,3,0.3904208998548621,3.0,0.0,0.0,0,0,0,0,0,0,0.0,0.0,0.0,0.0,0.0,Matches,8735fe66,0.07317073170731708,0.043478260869565216,0.2,0.2,270.0,0.23808417997097242
783,Andy Robertson,DF,sct Scotland,32-128,1.eng Liverpool,1994,3,3,0.3251088534107402,2.5,0.0,0.0,0,0,0,0,1,0,0.0,0.0,0.0,0.0,0.0,Matches,2e4f5f03,0.0,0.0,0.05,0.13333333333333333,225.0,0.1341884373488147
784,Antonee Robinson,DFMF,us United States,28-343,1.eng Fulham,1997,4,4,0.5036284470246735,3.9,0.0,0.0,0,0,0,0,1,0,0.0,0.0,0.0,0.0,0.0,Matches,289601e6,0.0,0.0,0.2,0.4,348.0,0.3307256894049347
785,Miles Robinson,DF,us United States,29-125,1.us FC Cincinnati,1997,1,1,0.12917271407837447,1.0,0.0,0.0,0,0,0,0,0,0,0.0,0.0,0.0,0.0,0.0,Matches,782a95d9,0.024390243902439025,0.0,0.05,0.06666666666666667,90.0,0.07166787614900823
786,Sergio Rochet,GK,uy Uruguay,33-116,1.br Internacional,1993,1,0,0.06386066763425255,0.5,0.0,0.0,0,0,0,0,0,0,0.0,0.0,0.0,0.0,0.0,Matches,81b99b9e,0.0,0.0,0.0,0.0,45.0,0.0
787,Rodri,MF,es Spain,30-025,1.eng Manchester City,1996,7,7,0.9071117561683599,7.0,0.0,0.0,0,0,0,0,0,0,0.0,0.0,0.0,0.0,0.0,Matches,6434f10d,0.17073170731707318,0.0,1.0,0.2,626.0,0.31071117561683603
788,Garry Rodrigues,MF,cv Cabo Verde,35-232,1.cy Apollon Limassol,1990,2,1,0.1088534107402032,0.8,0.0,0.0,0,0,0,0,0,0,0.0,0.0,0.0,0.0,0.0,Matches,149895bf,0.024390243902439025,0.0,0.1,0.06666666666666667,76.0,0.037552007740686996
789,Brian Rodríguez,FWMF,uy Uruguay,26-058,1.mx América,2000,3,0,0.05805515239477504,0.5,0.0,0.0,0,0,0,0,0,0,0.0,0.0,0.0,0.0,0.0,Matches,c86041d7,0.07317073170731708,0.043478260869565216,0.0,0.0,41.0,0.0058055152394775045
790,James Rodríguez,FWMF,co Colombia,35-005,1.us Minnesota Utd,1991,5,5,0.45283018867924524,3.5,0.0,0.0,0,0,0,0,0,0,0.0,0.0,0.0,0.0,0.0,Matches,715bf047,0.14634146341463417,0.13043478260869565,0.05,0.06666666666666667,313.0,0.061949685534591195
791,Kevin Rodríguez,FW,ec Ecuador,26-135,1.be Union SG,2000,4,0,0.169811320754717,1.3,0.0,0.2,1,0,0,0,0,0,0.0,0.76,0.76,0.0,0.76,Matches,189fb038,0.14634146341463417,0.043478260869565216,0.05,0.0,118.0,0.07579003181336162
792,Ricardo Rodríguez,DF,ch Switzerland,33-326,1.es Real Betis,1992,6,6,0.748911465892598,5.7,0.0,0.2,1,0,0,0,0,0,0.0,0.17,0.17,0.0,0.17,Matches,7f78ad23,0.024390243902439025,0.0,0.35000000000000003,0.26666666666666666,517.0,0.400615626511853
793,Tomás Rodríguez,FW,pa Panama,27-130,1.cr Saprissa,1999,2,1,0.06531204644412192,0.5,0.0,0.0,0,0,0,0,0,0,0.0,0.0,0.0,0.0,0.0,Matches,59f97bc8,0.024390243902439025,0.043478260869565216,0.0,0.0,46.0,0.011399787910922589
794,Godfried Roemeratoe,MF,cw Curaçao,26-332,2.nl RKC Waalwijk,1999,1,0,0.008708272859216255,0.1,0.0,0.0,0,0,0,0,0,0,0.0,0.0,0.0,0.0,0.0,Matches,a646b710,0.0,0.0,0.0,0.0,7.0,0.0008708272859216256
795,Morgan Rogers,MF,eng England,23-356,1.eng Aston Villa,2002,6,2,0.3599419448476052,2.8,0.0,0.2,1,0,0,0,0,0,0.0,0.36,0.36,0.0,0.36,Matches,2e5915f1,0.07317073170731708,0.043478260869565216,0.15000000000000002,0.0,249.0,0.1259941944847605
796,Cristian Romero,DF,ar Argentina,28-081,1.eng Tottenham,1998,6,6,0.7808417997097242,6.0,0.125,0.0,1,1,0,0,1,0,0.17,0.0,0.17,0.17,0.17,Matches,a3d94a58,0.07317073170731708,0.043478260869565216,0.5,0.7333333333333333,539.0,0.6378350266086116
797,Luis Romo,MF,mx Mexico,31-042,1.mx Guadalajara,1995,4,4,0.38171262699564584,2.9,0.125,0.2,2,1,0,0,0,0,0.34,0.34,0.68,0.34,0.68,Matches,e590bb10,0.07317073170731708,0.043478260869565216,0.2,0.26666666666666666,264.0,0.20233792936623127
798,Cristiano Ronaldo,FW,pt Portugal,41-162,1.sa Al-Nassr,1985,5,5,0.6371552975326561,4.9,0.375,0.0,3,2,1,1,0,0,0.61,0.0,0.61,0.41,0.41,Matches,dea698d9,0.43902439024390244,0.3913043478260869,0.05,0.06666666666666667,440.0,0.31525053022269356
799,Eloy Room,GK,cw Curaçao,37-161,2.us Miami FC,1989,3,3,0.3904208998548621,3.0,0.0,0.0,0,0,0,0,0,0,0.0,0.0,0.0,0.0,0.0,Matches,6b33d86b,0.0,0.0,0.0,0.0,270.0,0.0
800,Marten de Roon,DFMF,nl Netherlands,35-110,1.it Atalanta,1991,1,0,0.014513788098693758,0.1,0.0,0.0,0,0,0,0,0,0,0.0,0.0,0.0,0.0,0.0,Matches,2a1beb34,0.0,0.0,0.0,0.0,11.0,0.002902757619738752
801,Saed Al-Rosan,DF,jo Jordan,29-166,1.jo Al-Hussein SC,1997,1,0,0.013062409288824383,0.1,0.0,0.0,0,0,0,0,0,0,0.0,0.0,0.0,0.0,0.0,Matches,f3115445,0.0,0.0,0.0,0.0,10.0,0.0026124818577648768
802,Antonio Rüdiger,DF,de Germany,33-136,1.es Real Madrid,1993,4,2,0.3788098693759071,2.9,0.0,0.0,0,0,0,0,0,0,0.0,0.0,0.0,0.0,0.0,Matches,18b896d6,0.024390243902439025,0.0,0.0,0.0,262.0,0.07576197387518142
803,Fabián Ruiz Peña,MF,es Spain,30-105,1.fr PSG,1996,7,3,0.3759071117561683,2.9,0.125,0.0,1,1,0,0,0,0,0.35,0.0,0.35,0.35,0.35,Matches,c0c7ff58,0.1951219512195122,0.08695652173913043,0.15000000000000002,0.26666666666666666,260.0,0.1317573778422835
804,Mathew Ryan,GK,au Australia,34-100,1.es Levante,1992,1,0,0.001451378809869376,0.0,0.0,0.0,0,0,0,0,0,0,0.0,0.0,0.0,0.0,0.0,Matches,4535e4bb,0.0,0.0,0.0,0.0,2.0,0.0
805,Julian Ryerson,DF,no Norway,28-242,1.de Dortmund,1997,4,4,0.32220609579100146,2.5,0.0,0.0,0,0,0,0,0,0,0.0,0.0,0.0,0.0,0.0,Matches,009a4f60,0.0,0.0,0.4,0.0,223.0,0.24444121915820033
806,Elias Saad,MFFW,tn Tunisia,26-202,2.de Hannover 96,1999,2,2,0.16690856313497823,1.3,0.0,0.0,0,0,0,0,0,0,0.0,0.0,0.0,0.0,0.0,Matches,78a2284f,0.024390243902439025,0.0,0.05,0.0,116.0,0.026690856313497827
807,Marwane Saâdane,DFMF,ma Morocco,34-181,1.sa Al-Fateh,1992,1,0,0.0043541364296081275,0.0,0.0,0.0,0,0,0,0,0,0,0.0,0.0,0.0,0.0,0.0,Matches,14f47102,0.0,0.0,0.0,0.0,4.0,0.0008708272859216256
808,Mustafa Saadoon,DF,iq Iraq,25-053,1.iq Al-Shorta,2001,1,0,0.02467343976777939,0.2,0.0,0.0,0,0,0,0,0,0,0.0,0.0,0.0,0.0,0.0,Matches,928dc5c9,0.0,0.0,0.05,0.0,18.0,0.02743468795355588
809,Mahmoud Saber,MF,eg Egypt,24-352,1.eg ZED,2001,2,1,0.06531204644412192,0.5,0.125,0.0,1,1,0,0,1,0,1.96,0.0,1.96,1.96,1.96,Matches,632c42f5,0.07317073170731708,0.043478260869565216,0.0,0.0,46.0,0.044031204644412195
810,Marcel Sabitzer,MF,at Austria,32-122,1.de Dortmund,1994,4,4,0.521044992743106,4.0,0.125,0.0,1,1,0,0,1,0,0.25,0.0,0.25,0.25,0.25,Matches,e280527c,0.12195121951219512,0.08695652173913043,0.1,0.4,360.0,0.1496044992743106
811,Noah Sadiki,MF,cd Congo DR,21-212,1.eng Sunderland,2004,4,2,0.37445573294629897,2.9,0.0,0.0,0,0,0,0,2,0,0.0,0.0,0.0,0.0,0.0,Matches,645481cc,0.0,0.0,0.2,0.13333333333333333,259.0,0.09077890662796324
812,Michal Sadílek,MF,cz Czechia,27-047,1.cz Slavia Prague,1999,3,2,0.2641509433962264,2.0,0.125,0.0,1,1,0,0,0,0,0.49,0.0,0.49,0.49,0.49,Matches,7c9fa389,0.17073170731707318,0.13043478260869565,0.1,0.13333333333333333,183.0,0.09724842767295597
813,Alexis Saelemaekers,MF,be Belgium,27-020,1.it Milan,1999,4,1,0.11901306240928883,0.9,0.125,0.0,1,1,0,0,0,0,1.08,0.0,1.08,1.08,1.08,Matches,ee251371,0.0975609756097561,0.043478260869565216,0.1,0.0,83.0,0.06940130624092888
814,Ismael Saibari,FW,ma Morocco,25-170,1.nl PSV,2001,5,5,0.5515239477503628,4.2,0.375,0.0,3,3,0,0,0,0,0.71,0.0,0.71,0.71,0.71,Matches,3ec9f005,0.24390243902439024,0.13043478260869565,0.1,0.0,381.0,0.2370957051961824
815,Bukayo Saka,MF,eng England,24-315,1.eng Arsenal,2001,6,2,0.3875181422351233,3.0,0.0,0.6000000000000001,3,0,0,0,0,0,0.0,1.01,1.01,0.0,1.01,Matches,bc7dc64d,0.3170731707317073,0.30434782608695654,0.35000000000000003,0.06666666666666667,268.0,0.29541848089017897
816,Mohamed Salah,FWMF,eg Egypt,34-032,1.eng Liverpool,1992,5,5,0.6153846153846154,4.7,0.125,0.4,3,1,0,0,0,0,0.21,0.42,0.64,0.21,0.64,Matches,e342ad68,0.21951219512195122,0.17391304347826086,0.0,0.13333333333333333,425.0,0.23237179487179488
817,Anass Salah-Eddine,DF,ma Morocco,24-180,1.nl PSV,2002,4,2,0.3062409288824383,2.4,0.0,0.0,0,0,0,0,0,0,0.0,0.0,0.0,0.0,0.0,Matches,0d274394,0.024390243902439025,0.0,0.25,0.0,212.0,0.17374818577648765
818,Nathan Saliba,MF,ca Canada,22-160,1.be Anderlecht,2004,3,2,0.262699564586357,2.0,0.125,0.4,3,1,0,0,1,0,0.49,0.99,1.48,0.49,1.48,Matches,44cfc681,0.07317073170731708,0.043478260869565216,0.2,0.26666666666666666,182.0,0.2504366231253024
819,William Saliba,DF,fr France,25-115,1.eng Arsenal,2001,6,6,0.6937590711175617,5.3,0.0,0.0,0,0,0,0,0,0,0.0,0.0,0.0,0.0,0.0,Matches,972aeb2a,0.024390243902439025,0.0,0.0,0.4,479.0,0.27875181422351236
820,Shurandy Sambo,DF,cw Curaçao,24-332,1.nl Sparta R.,2001,1,0,0.0,0.0,0.0,0.0,0,0,0,0,0,0,0.0,0.0,0.0,0.0,0.0,Matches,4b1d5a70,0.0,0.0,0.0,0.06666666666666667,1.0,0.02333333333333333
821,Antonio Sanabria,FW,py Paraguay,30-135,1.it Cremonese,1996,2,1,0.11901306240928883,0.9,0.0,0.0,0,0,0,0,0,0,0.0,0.0,0.0,0.0,0.0,Matches,0a447501,0.0,0.0,0.1,0.0,83.0,0.0
822,Davinson Sánchez,DF,co Colombia,30-035,1.tr Galatasaray,1996,5,5,0.6952104499274311,5.3,0.0,0.0,0,0,0,0,1,0,0.0,0.0,0.0,0.0,0.0,Matches,da7b447d,0.14634146341463417,0.08695652173913043,0.1,0.4,480.0,0.3240420899854862
823,Jorge Sánchez,DF,mx Mexico,28-219,1.gr PAOK,1997,4,4,0.5036284470246735,3.9,0.0,0.2,1,0,0,0,1,0,0.0,0.26,0.26,0.0,0.26,Matches,c8d1c3a5,0.024390243902439025,0.043478260869565216,0.2,0.3333333333333333,348.0,0.30739235607160137
824,Alex Sandro,DFMF,br Brazil,35-172,1.br Flamengo,1991,1,0,0.011611030478955007,0.1,0.0,0.0,0,0,0,0,0,0,0.0,0.0,0.0,0.0,0.0,Matches,0d82903c,0.0,0.0,0.0,0.0,9.0,0.0023222060957910017
825,Leroy Sané,MF,de Germany,30-187,1.tr Galatasaray,1996,4,4,0.4716981132075471,3.6,0.125,0.0,1,1,0,0,0,0,0.28,0.0,0.28,0.28,0.28,Matches,2b114be3,0.14634146341463417,0.08695652173913043,0.15000000000000002,0.13333333333333333,326.0,0.12800314465408805
826,Ibrahim Sangaré,MF,ci Côte d'Ivoire,28-227,1.eng Nottingham,1997,4,3,0.3875181422351233,3.0,0.0,0.2,1,0,0,0,0,0,0.0,0.34,0.34,0.0,0.34,Matches,bced0375,0.024390243902439025,0.0,0.25,0.4,268.0,0.18875181422351237
827,Kaishū Sano,MF,jp Japan,25-199,1.de Mainz 05,2000,3,3,0.3904208998548621,3.0,0.125,0.2,2,1,0,0,1,0,0.33,0.33,0.67,0.33,0.67,Matches,7a7a6361,0.024390243902439025,0.043478260869565216,0.1,0.26666666666666666,270.0,0.1832087566521529
828,Danilo Santos,MF,br Brazil,25-079,1.br Botafogo–RJ,2001,4,0,0.06531204644412192,0.5,0.0,0.0,0,0,0,0,0,0,0.0,0.0,0.0,0.0,0.0,Matches,a816dbfb,0.04878048780487805,0.043478260869565216,0.1,0.06666666666666667,46.0,0.03319787131107886
829,Douglas Santos,DF,br Brazil,32-117,1.ru Zenit,1994,5,5,0.6386066763425254,4.9,0.0,0.0,0,0,0,0,1,0,0.0,0.0,0.0,0.0,0.0,Matches,c50e5bba,0.04878048780487805,0.0,0.5,0.4,441.0,0.4927213352685051
830,Bara Sapoko Ndiaye,MF,sn Senegal,18-198,1.de Bayern Munich,2007,1,0,0.036284470246734396,0.3,0.0,0.0,0,0,0,0,0,0,0.0,0.0,0.0,0.0,0.0,Matches,fa080d50,0.024390243902439025,0.043478260869565216,0.0,0.0,26.0,0.00362844702467344
831,Ismaila Sarr,MFFW,sn Senegal,28-142,1.eng Crystal Palace,1998,4,4,0.5268505079825835,4.0,0.5,0.2,5,4,0,0,0,0,0.99,0.25,1.24,0.99,1.24,Matches,bfdb33aa,0.41463414634146345,0.2608695652173913,0.05,0.13333333333333333,364.0,0.2860183841315917
832,Farrukh Sayfiev,DFMF,uz Uzbekistan,35-181,1.uz Neftchi FK,1991,1,0,0.06386066763425255,0.5,0.0,0.0,0,0,0,0,0,0,0.0,0.0,0.0,0.0,0.0,Matches,bad66fb5,0.0,0.0,0.0,0.0,45.0,0.012772133526850511
833,Amine Sbai,FWMF,ma Morocco,25-254,1.fr Angers,2000,1,0,0.007256894049346879,0.1,0.0,0.0,0,0,0,0,0,0,0.0,0.0,0.0,0.0,0.0,Matches,bafbe06a,0.0,0.0,0.0,0.0,6.0,0.000725689404934688
834,Joe Scally,DF,us United States,23-198,1.de Gladbach,2002,2,1,0.12481857764876633,1.0,0.0,0.0,0,0,0,0,0,0,0.0,0.0,0.0,0.0,0.0,Matches,236f02cd,0.0,0.0,0.05,0.06666666666666667,87.0,0.0707970488630866
835,Patrik Schick,FW,cz Czechia,30-174,1.de Leverkusen,1996,3,2,0.2597968069666183,2.0,0.0,0.0,0,0,0,0,0,0,0.0,0.0,0.0,0.0,0.0,Matches,5d4f7d61,0.04878048780487805,0.043478260869565216,0.0,0.0,180.0,0.016277836691410395
836,Andreas Schjelderup,FW,no Norway,22-046,1.pt Benfica,2004,6,2,0.36429608127721336,2.8,0.125,0.6000000000000001,4,1,0,0,0,0,0.36,1.07,1.43,0.36,1.43,Matches,a427724f,0.07317073170731708,0.08695652173913043,0.15000000000000002,0.3333333333333333,252.0,0.20392762460233302
837,Alexander Schlager,GK,at Austria,30-166,1.at RB Salzburg,1996,4,4,0.521044992743106,4.0,0.0,0.0,0,0,0,0,0,0,0.0,0.0,0.0,0.0,0.0,Matches,6fe5c35b,0.0,0.0,0.0,0.0,360.0,0.0
838,Xaver Schlager,MF,at Austria,28-292,1.de RB Leipzig,1997,4,4,0.3439767779390421,2.6,0.0,0.2,1,0,0,0,0,0,0.0,0.38,0.38,0.0,0.38,Matches,8f056768,0.024390243902439025,0.0,0.15000000000000002,0.4666666666666667,238.0,0.17106434446057087
839,Nico Schlotterbeck,DF,de Germany,26-228,1.de Dortmund,1999,2,2,0.19448476052249639,1.5,0.125,0.0,1,1,0,0,0,0,0.67,0.0,0.67,0.67,0.67,Matches,34e12499,0.04878048780487805,0.08695652173913043,0.1,0.2,135.0,0.15389695210449927
840,Romano Schmid,MFFW,at Austria,26-171,1.de Werder Bremen,2000,4,4,0.38026124818577645,2.9,0.125,0.0,1,1,0,0,0,0,0.34,0.0,0.34,0.34,0.34,Matches,220ace7e,0.04878048780487805,0.043478260869565216,0.2,0.0,263.0,0.11552612481857766
841,Kamogelo Sebelebele,DFMF,za South Africa,23-361,1.za Orlando Pirates,2002,1,0,0.008708272859216255,0.1,0.0,0.0,0,0,0,0,0,0,0.0,0.0,0.0,0.0,0.0,Matches,cc014f7d,0.0,0.0,0.0,0.0,7.0,0.0017416545718432512
842,Abdoulaye Seck,DF,sn Senegal,34-043,1.il Maccabi Haifa,1992,1,1,0.08127721335268506,0.6,0.0,0.2,1,0,0,0,1,0,0.0,1.58,1.58,0.0,1.58,Matches,f07a0fe5,0.04878048780487805,0.0,0.0,0.0,57.0,0.016255442670537013
843,Alidu Seidu,DF,gh Ghana,26-043,1.fr Rennes,2000,1,0,0.11175616835994195,0.9,0.0,0.0,0,0,0,0,1,0,0.0,0.0,0.0,0.0,0.0,Matches,cea59f02,0.0,0.0,0.05,0.06666666666666667,78.0,0.06818456700532173
844,Nicolas Seiwald,MF,at Austria,25-074,1.de RB Leipzig,2001,4,4,0.45573294629898403,3.5,0.0,0.0,0,0,0,0,0,0,0.0,0.0,0.0,0.0,0.0,Matches,28c6e925,0.07317073170731708,0.0,0.25,0.26666666666666666,315.0,0.12223996129656509
845,Ayumu Seko,DF,jp Japan,26-040,1.fr Le Havre,2000,2,1,0.12336719883889696,1.0,0.0,0.0,0,0,0,0,0,0,0.0,0.0,0.0,0.0,0.0,Matches,5c6a4059,0.0,0.0,0.05,0.06666666666666667,86.0,0.07050677310111272
846,Egil Selvik,GK,no Norway,28-352,2.eng Watford,1997,1,1,0.12917271407837447,1.0,0.0,0.0,0,0,0,0,0,0,0.0,0.0,0.0,0.0,0.0,Matches,05d89c1c,0.0,0.0,0.0,0.0,90.0,0.0
847,Ken Sema,FWMF,se Sweden,32-290,1.cy Pafos FC,1993,1,0,0.02177068214804064,0.2,0.0,0.0,0,0,0,0,0,0,0.0,0.0,0.0,0.0,0.0,Matches,1770bd68,0.024390243902439025,0.0,0.05,0.0,16.0,0.012177068214804066
848,Nélson Semedo,DFMF,pt Portugal,32-243,1.tr Fenerbahçe,1993,4,0,0.18287373004354138,1.4,0.0,0.0,0,0,0,0,1,0,0.0,0.0,0.0,0.0,0.0,Matches,d04b94db,0.0,0.0,0.0,0.0,127.0,0.036574746008708275
849,Willy Semedo,FW,cv Cabo Verde,32-081,1.cy AC Omonia,1994,3,1,0.18867924528301888,1.5,0.0,0.0,0,0,0,0,0,0,0.0,0.0,0.0,0.0,0.0,Matches,d1edc98f,0.07317073170731708,0.0,0.0,0.2,131.0,0.014634146341463417
850,Antoine Semenyo,MFFW,gh Ghana,26-191,1.eng Manchester City,2000,4,4,0.521044992743106,4.0,0.0,0.0,0,0,0,0,0,0,0.0,0.0,0.0,0.0,0.0,Matches,efd2ec23,0.14634146341463417,0.0,0.1,0.0,360.0,0.0721044992743106
851,Marvin Senaya,DF,gh Ghana,25-170,1.fr Auxerre,2001,4,4,0.4020319303338171,3.1,0.0,0.0,0,0,0,0,0,0,0.0,0.0,0.0,0.0,0.0,Matches,1d383c10,0.04878048780487805,0.0,0.6000000000000001,0.4,278.0,0.49040638606676346
852,Marcos Senesi,DF,ar Argentina,29-068,1.eng Bournemouth,1997,1,1,0.12917271407837447,1.0,0.0,0.0,0,0,0,0,0,0,0.0,0.0,0.0,0.0,0.0,Matches,35141f4c,0.024390243902439025,0.0,0.0,0.13333333333333333,90.0,0.07250120948234155
853,Igor Sergeev,FW,uz Uzbekistan,33-078,1.ir Persepolis,1993,3,0,0.03918722786647315,0.3,0.0,0.0,0,0,0,0,0,0,0.0,0.0,0.0,0.0,0.0,Matches,8df41977,0.0,0.0,0.0,0.0,28.0,0.0
854,Jean Seri,MF,ci Côte d'Ivoire,34-363,1.si NK Maribor,1991,1,0,0.018867924528301886,0.2,0.0,0.0,0,0,0,0,0,0,0.0,0.0,0.0,0.0,0.0,Matches,10efd0e1,0.0,0.0,0.05,0.0,14.0,0.01188679245283019
855,Kim Seung-gyu,GK,kr Korea Republic,35-290,1.jp FC Tokyo,1990,3,3,0.3904208998548621,3.0,0.0,0.0,0,0,0,0,0,0,0.0,0.0,0.0,0.0,0.0,Matches,eabaafa6,0.0,0.0,0.0,0.0,270.0,0.0
856,Paik Seung-ho,MF,kr Korea Republic,29-122,2.eng Birmingham City,1997,3,3,0.2946298984034833,2.3,0.0,0.0,0,0,0,0,1,0,0.0,0.0,0.0,0.0,0.0,Matches,1e1bea09,0.0,0.0,0.0,0.06666666666666667,204.0,0.036129656507014996
857,Joaquin Seys,DF,be Belgium,21-111,1.be Club Brugge,2005,1,0,0.0420899854862119,0.3,0.0,0.0,0,0,0,0,0,0,0.0,0.0,0.0,0.0,0.0,Matches,0beabf0a,0.0,0.0,0.05,0.0,30.0,0.030917997097242383
858,Jacob Shaffelburg,MF,ca Canada,26-233,1.us LAFC,1999,5,0,0.1320754716981132,1.0,0.0,0.0,0,0,0,0,0,0,0.0,0.0,0.0,0.0,0.0,Matches,339a2561,0.07317073170731708,0.0,0.05,0.13333333333333333,92.0,0.03654088050314466
859,Mohammed Abu Al-Shamat,MF,sa Saudi Arabia,23-340,1.sa Al-Qadsiah,2002,3,1,0.19593613933236576,1.5,0.0,0.0,0,0,0,0,0,0,0.0,0.0,0.0,0.0,0.0,Matches,dd65e243,0.024390243902439025,0.043478260869565216,0.15000000000000002,0.06666666666666667,136.0,0.05626028059990325
860,Lawrence Shankland,FW,sct Scotland,30-341,1.sct Hearts,1995,2,2,0.2467343976777939,1.9,0.0,0.0,0,0,0,0,0,0,0.0,0.0,0.0,0.0,0.0,Matches,63b1a176,0.0975609756097561,0.0,0.05,0.0,171.0,0.019512195121951223
861,Sharara,FW,jo Jordan,28-199,1.ma Raja Casablanca,1997,2,0,0.001451378809869376,0.0,0.0,0.0,0,0,0,0,1,0,0.0,0.0,0.0,0.0,0.0,Matches,67e2aed8,0.0,0.0,0.0,0.0,2.0,0.0
862,Aimar Sher,MF,iq Iraq,23-209,1.no Sarpsborg 08,2002,1,0,0.03193033381712627,0.3,0.0,0.0,0,0,0,0,0,0,0.0,0.0,0.0,0.0,0.0,Matches,ef301f96,0.0,0.0,0.0,0.0,23.0,0.003193033381712627
863,Kento Shiogai,FW,jp Japan,21-113,1.de Wolfsburg,2005,1,0,0.008708272859216255,0.1,0.0,0.0,0,0,0,0,0,0,0.0,0.0,0.0,0.0,0.0,Matches,6bc2fef7,0.0,0.0,0.0,0.0,7.0,0.0
864,Mostafa Shobeir,GK,eg Egypt,26-063,1.eg Al Ahly,2000,5,5,0.6952104499274311,5.3,0.0,0.0,0,0,0,0,1,0,0.0,0.0,0.0,0.0,0.0,Matches,0cb1d2ba,0.0,0.0,0.0,0.0,480.0,0.0
865,Eldor Shomurodov,FW,uz Uzbekistan,31-018,1.tr Başakşehir,1995,3,3,0.3889695210449927,3.0,0.125,0.0,1,1,0,0,0,0,0.33,0.0,0.33,0.33,0.33,Matches,57469b2d,0.0975609756097561,0.08695652173913043,0.2,0.0,269.0,0.08880567338282079
866,Otabek Shukurov,MF,uz Uzbekistan,30-025,1.ae Baniyas FC,1996,3,3,0.3425253991291727,2.6,0.0,0.0,0,0,0,0,0,0,0.0,0.0,0.0,0.0,0.0,Matches,62032a56,0.04878048780487805,0.0,0.1,0.0,237.0,0.05425253991291727
867,Nkosinathi Sibisi,DF,za South Africa,30-298,1.za Orlando Pirates,1995,1,1,0.12917271407837447,1.0,0.0,0.0,0,0,0,0,1,0,0.0,0.0,0.0,0.0,0.0,Matches,932f8e2b,0.0,0.0,0.0,0.06666666666666667,90.0,0.04916787614900822
868,Kwasi Sibo,MF,gh Ghana,28-023,1.es Oviedo,1998,4,3,0.3584905660377358,2.8,0.0,0.0,0,0,0,0,0,0,0.0,0.0,0.0,0.0,0.0,Matches,be834ad7,0.0,0.0,0.0,0.13333333333333333,248.0,0.04918238993710692
869,Niko Sigur,MF,ca Canada,22-311,1.hr Hajduk Split,2003,3,1,0.181422351233672,1.4,0.0,0.0,0,0,0,0,1,0,0.0,0.0,0.0,0.0,0.0,Matches,5c56986b,0.024390243902439025,0.0,0.05,0.0,126.0,0.028142235123367203
870,Bernardo Silva,MF,pt Portugal,31-341,1.eng Manchester City,1994,4,1,0.13933236574746008,1.1,0.0,0.0,0,0,0,0,2,0,0.0,0.0,0.0,0.0,0.0,Matches,3eb22ec9,0.024390243902439025,0.0,0.0,0.06666666666666667,97.0,0.020599903241412677
871,Éderson Silva,MF,br Brazil,27-010,1.it Atalanta,1999,2,0,0.03047895500725689,0.2,0.0,0.0,0,0,0,0,0,0,0.0,0.0,0.0,0.0,0.0,Matches,a9202def,0.04878048780487805,0.0,0.0,0.06666666666666667,22.0,0.009714562167392356
872,Giuliano Simeone,FW,ar Argentina,23-211,1.es Atlético Madrid,2002,2,2,0.20319303338171263,1.6,0.0,0.0,0,0,0,0,0,0,0.0,0.0,0.0,0.0,0.0,Matches,a6536561,0.024390243902439025,0.0,0.15000000000000002,0.06666666666666667,141.0,0.004878048780487806
873,Dominique Simon,MF,ht Haiti,25-353,1.sk 1. FC Tatran Prešov B,2000,2,0,0.07982583454281568,0.6,0.0,0.0,0,0,0,0,0,0,0.0,0.0,0.0,0.0,0.0,Matches,ffd8e8c5,0.024390243902439025,0.043478260869565216,0.05,0.06666666666666667,56.0,0.02464925012094824
874,Unai Simón,GK,es Spain,29-036,1.es Athletic Club,1997,7,7,0.9129172714078375,7.0,0.0,0.0,0,0,0,0,0,0,0.0,0.0,0.0,0.0,0.0,Matches,5dcf3e90,0.0,0.0,0.0,0.0,630.0,0.0
875,Sarpreet Singh,MF,nz New Zealand,27-147,1.au Wellington,1999,3,3,0.3018867924528302,2.3,0.0,0.0,0,0,0,0,1,0,0.0,0.0,0.0,0.0,0.0,Matches,4ba886c6,0.0975609756097561,0.08695652173913043,0.05,0.0,209.0,0.04018867924528302
876,Wilfried Singo,DF,ci Côte d'Ivoire,25-204,1.tr Galatasaray,2000,2,2,0.2467343976777939,1.9,0.0,0.2,1,0,0,0,0,0,0.0,0.53,0.53,0.0,0.53,Matches,8b609c34,0.04878048780487805,0.0,0.0,0.26666666666666666,171.0,0.1426802128688921
877,Sphephelo Sithole,MF,za South Africa,27-136,1.pt Tondela,1999,3,3,0.33091436865021767,2.5,0.0,0.0,0,0,0,0,0,1,0.0,0.0,0.0,0.0,0.0,Matches,33bcd4b3,0.0,0.0,0.25,0.3333333333333333,229.0,0.11642477019835512
878,Ellyes Skhiri,MFDF,tn Tunisia,31-068,1.de Frankfurt,1995,3,3,0.36139332365747456,2.8,0.0,0.0,0,0,0,0,0,0,0.0,0.0,0.0,0.0,0.0,Matches,c2211709,0.0,0.0,0.05,0.13333333333333333,250.0,0.14144533139816157
879,Alexandr Sojka,MFDF,cz Czechia,23-106,1.cz Viktoria Plzeň,2003,3,2,0.20319303338171263,1.6,0.0,0.2,1,0,0,0,0,0,0.0,0.64,0.64,0.0,0.64,Matches,765b7bfc,0.0,0.0,0.05,0.13333333333333333,141.0,0.1098052733430092
880,Ramón Sosa,FWMF,py Paraguay,26-320,1.br Palmeiras,1999,1,0,0.015965166908563134,0.1,0.0,0.0,0,0,0,0,0,0,0.0,0.0,0.0,0.0,0.0,Matches,2d3417a1,0.0,0.0,0.0,0.0,12.0,0.0015965166908563134
881,Tomáš Souček,MF,cz Czechia,31-140,1.eng West Ham,1995,3,1,0.19738751814223512,1.5,0.0,0.0,0,0,0,0,0,0,0.0,0.0,0.0,0.0,0.0,Matches,6613c819,0.024390243902439025,0.0,0.0,0.06666666666666667,137.0,0.026405418480890182
882,Harry Souttar,DF,au Australia,27-268,2.eng Leicester City,1998,4,4,0.5645863570391872,4.3,0.0,0.0,0,0,0,0,1,0,0.0,0.0,0.0,0.0,0.0,Matches,0a6cb1b1,0.024390243902439025,0.043478260869565216,0.0,0.26666666666666666,390.0,0.2062506047411708
883,Djibril Sow,MF,ch Switzerland,29-161,1.es Sevilla,1997,4,2,0.3657474600870827,2.8,0.0,0.0,0,0,0,0,0,0,0.0,0.0,0.0,0.0,0.0,Matches,4c6facae,0.04878048780487805,0.043478260869565216,0.05,0.13333333333333333,253.0,0.059908079342041606
884,Çağlar Söyüncü,DF,tr Türkiye,30-055,1.tr Fenerbahçe,1996,1,0,0.008708272859216255,0.1,0.0,0.0,0,0,0,0,0,0,0.0,0.0,0.0,0.0,0.0,Matches,21166ff4,0.0,0.0,0.0,0.0,7.0,0.0017416545718432512
885,Djed Spence,DF,eng England,25-342,1.eng Tottenham,2000,7,3,0.45428156748911463,3.5,0.0,0.0,0,0,0,0,0,0,0.0,0.0,0.0,0.0,0.0,Matches,9bc9a519,0.04878048780487805,0.08695652173913043,0.5,0.3333333333333333,314.0,0.4325229801644896
886,Marko Stamenic,MF,nz New Zealand,24-148,2.eng Swansea City,2002,3,3,0.3889695210449927,3.0,0.0,0.0,0,0,0,0,1,0,0.0,0.0,0.0,0.0,0.0,Matches,690d1049,0.07317073170731708,0.0,0.05,0.26666666666666666,269.0,0.07556361877116594
887,Josip Stanišić,DFMF,hr Croatia,26-106,1.de Bayern Munich,2000,4,4,0.521044992743106,4.0,0.0,0.2,1,0,0,0,0,0,0.0,0.25,0.25,0.0,0.25,Matches,7ed08d5c,0.0,0.0,0.1,0.3333333333333333,360.0,0.2658756652152878
888,Carl Starfelt,DF,se Sweden,31-046,1.es Celta Vigo,1995,1,0,0.0043541364296081275,0.0,0.0,0.0,0,0,0,0,0,0,0.0,0.0,0.0,0.0,0.0,Matches,5cfec13d,0.0,0.0,0.0,0.0,4.0,0.0008708272859216256
889,Ross Stewart,FW,sct Scotland,30-006,2.eng Southampton,1996,1,0,0.001451378809869376,0.0,0.0,0.0,0,0,0,0,0,0,0.0,0.0,0.0,0.0,0.0,Matches,18986367,0.0,0.0,0.0,0.0,2.0,0.0
890,Angelo Stiller,MF,de Germany,25-104,1.de Stuttgart,2001,1,0,0.06386066763425255,0.5,0.0,0.0,0,0,0,0,0,0,0.0,0.0,0.0,0.0,0.0,Matches,3b1ed320,0.0,0.0,0.05,0.06666666666666667,45.0,0.023052733430091926
891,John Stones,DF,eng England,32-050,1.eng Manchester City,1994,5,3,0.47750362844702465,3.7,0.0,0.0,0,0,0,0,0,0,0.0,0.0,0.0,0.0,0.0,Matches,5eecec3d,0.024390243902439025,0.0,0.0,0.0,330.0,0.09550072568940493
892,Jørgen Strand Larsen,FW,no Norway,26-161,1.eng Crystal Palace,2000,2,1,0.1509433962264151,1.2,0.0,0.0,0,0,0,1,0,0,0.0,0.0,0.0,0.0,0.0,Matches,f553b2b3,0.04878048780487805,0.043478260869565216,0.0,0.0,105.0,0.016277836691410395
893,Elliot Stroud,MF,se Sweden,24-025,1.se Mjällby,2002,4,2,0.23947750362844702,1.8,0.0,0.0,0,0,0,0,0,0,0.0,0.0,0.0,0.0,0.0,Matches,ff11bdec,0.024390243902439025,0.0,0.0,0.2,166.0,0.043947750362844706
894,Luis Suárez,FW,co Colombia,28-227,1.pt Sporting CP,1997,5,3,0.47895500725689405,3.7,0.0,0.2,1,0,0,0,1,0,0.0,0.27,0.27,0.0,0.27,Matches,eeba07f8,0.21951219512195122,0.0,0.2,0.0,331.0,0.08390243902439026
895,Luka Sučić,FWMF,hr Croatia,23-312,1.es Real Sociedad,2002,1,0,0.026124818577648767,0.2,0.0,0.0,0,0,0,0,0,0,0.0,0.0,0.0,0.0,0.0,Matches,1e1378e1,0.024390243902439025,0.0,0.0,0.0,19.0,0.0026124818577648768
896,Petar Sučić,MFFW,hr Croatia,22-265,1.it Inter,2003,4,3,0.4179970972423802,3.2,0.125,0.2,2,1,0,0,1,0,0.31,0.31,0.62,0.31,0.62,Matches,23fb46ea,0.07317073170731708,0.08695652173913043,0.1,0.06666666666666667,289.0,0.1659663763909047
897,Yukinari Sugawara,MF,jp Japan,26-019,1.de Werder Bremen,2000,4,1,0.21335268505079827,1.6,0.0,0.0,0,0,0,0,0,0,0.0,0.0,0.0,0.0,0.0,Matches,580bcd18,0.04878048780487805,0.08695652173913043,0.15000000000000002,0.0,148.0,0.051335268505079835
898,Rebin Sulaka,DF,iq Iraq,34-096,1.th Port FC,1992,2,1,0.06095791001451379,0.5,0.0,0.0,0,0,0,0,0,1,0.0,0.0,0.0,0.0,0.0,Matches,928bec06,0.024390243902439025,0.0,0.0,0.06666666666666667,43.0,0.03552491533623609
899,Pavel Šulc,FW,cz Czechia,25-200,1.fr Lyon,2000,3,2,0.2728592162554426,2.1,0.0,0.0,0,0,0,0,0,0,0.0,0.0,0.0,0.0,0.0,Matches,e9b893af,0.04878048780487805,0.0,0.1,0.0,189.0,0.009756097560975611
900,Kamaldeen Sulemana,MFFW,gh Ghana,24-152,1.us Atlanta Utd,2002,2,2,0.18287373004354138,1.4,0.0,0.0,0,0,0,0,0,0,0.0,0.0,0.0,0.0,0.0,Matches,a62f8bf1,0.024390243902439025,0.0,0.1,0.06666666666666667,127.0,0.04495403967102081
901,Crysencio Summerville,FW,nl Netherlands,24-260,1.eng West Ham,2001,4,2,0.3657474600870827,2.8,0.25,0.4,4,2,0,0,1,0,0.71,0.71,1.42,0.71,1.42,Matches,df04eb4b,0.04878048780487805,0.08695652173913043,0.1,0.13333333333333333,253.0,0.2152995758218452
902,Ivan Šunjić,MF,ba Bosnia–Herz,29-281,1.cy Pafos FC,1996,4,3,0.2830188679245283,2.2,0.0,0.0,0,0,0,0,0,0,0.0,0.0,0.0,0.0,0.0,Matches,e18098de,0.024390243902439025,0.043478260869565216,0.15000000000000002,0.0,196.0,0.05830188679245284
903,Finn Surman,DF,nz New Zealand,22-297,1.us Portland Timbers,2003,3,3,0.3904208998548621,3.0,0.125,0.0,1,1,0,0,0,0,0.33,0.0,0.33,0.33,0.33,Matches,016e419b,0.04878048780487805,0.043478260869565216,0.05,0.26666666666666666,270.0,0.19391751330430576
904,Josip Šutalo,DF,hr Croatia,26-139,1.nl Ajax,2000,4,4,0.521044992743106,4.0,0.0,0.0,0,0,0,0,0,0,0.0,0.0,0.0,0.0,0.0,Matches,33a6a650,0.024390243902439025,0.0,0.2,0.4,360.0,0.3342089985486212
905,Junnosuke Suzuki,DF,jp Japan,23-005,1.dk FC Copenhagen,2003,2,0,0.06095791001451379,0.5,0.0,0.0,0,0,0,0,1,0,0.0,0.0,0.0,0.0,0.0,Matches,77428b1e,0.0,0.0,0.0,0.06666666666666667,43.0,0.03552491533623609
906,Yuito Suzuki,FWMF,jp Japan,24-265,1.de Freiburg,2001,1,0,0.015965166908563134,0.1,0.0,0.0,0,0,0,0,0,0,0.0,0.0,0.0,0.0,0.0,Matches,c25a7a2a,0.0,0.0,0.05,0.0,12.0,0.011596516690856316
907,Zion Suzuki,GK,jp Japan,23-330,1.it Parma,2002,4,4,0.521044992743106,4.0,0.0,0.0,0,0,0,0,0,0,0.0,0.0,0.0,0.0,0.0,Matches,51e1f4f5,0.0,0.0,0.0,0.0,360.0,0.0
908,Mattias Svanberg,MF,se Sweden,27-193,1.de Wolfsburg,1999,2,0,0.02177068214804064,0.2,0.125,0.0,1,1,0,0,0,0,5.63,0.0,5.63,5.63,5.63,Matches,92d83c27,0.07317073170731708,0.08695652173913043,0.05,0.06666666666666667,16.0,0.05634373488147073
909,Daniel Svensson,DF,se Sweden,24-155,1.de Dortmund,2002,3,1,0.14078374455732948,1.1,0.0,0.0,0,0,0,0,0,0,0.0,0.0,0.0,0.0,0.0,Matches,124c9382,0.024390243902439025,0.0,0.1,0.06666666666666667,98.0,0.09649008224479923
910,Alexander Sørloth,FW,no Norway,30-224,1.es Atlético Madrid,1995,5,5,0.48766328011611026,3.7,0.0,0.0,0,0,0,0,0,0,0.0,0.0,0.0,0.0,0.0,Matches,e92cd3f7,0.12195121951219512,0.0,0.05,0.0,337.0,0.024390243902439025
911,Musa Al-Taamari,FW,jo Jordan,29-037,1.fr Rennes,1997,3,2,0.31059506531204645,2.4,0.125,0.2,2,1,0,0,0,0,0.42,0.42,0.84,0.42,0.84,Matches,f15f8b2b,0.1951219512195122,0.13043478260869565,0.0,0.0,215.0,0.1548396076352068
912,Haris Tabaković,FW,ba Bosnia–Herz,32-027,2.de Schalke 04,1994,1,0,0.02177068214804064,0.2,0.0,0.0,0,0,0,0,0,0,0.0,0.0,0.0,0.0,0.0,Matches,723b19c7,0.0,0.0,0.0,0.0,16.0,0.0
913,Lee Tae-seok,MF,kr Korea Republic,23-354,1.at Austria Wien,2002,2,2,0.1625544267053701,1.3,0.0,0.0,0,0,0,0,0,0,0.0,0.0,0.0,0.0,0.0,Matches,32257cce,0.0,0.0,0.15000000000000002,0.0,113.0,0.046255442670537016
914,Nicolás Tagliafico,DF,ar Argentina,33-320,1.fr Lyon,1992,6,4,0.5152394775036285,4.0,0.0,0.0,0,0,0,0,0,0,0.0,0.0,0.0,0.0,0.0,Matches,f0661424,0.0,0.0,0.2,0.4,356.0,0.33304789550072567
915,Jonathan Tah,DF,de Germany,30-156,1.de Bayern Munich,1996,4,4,0.5384615384615385,4.1,0.0,0.0,0,0,0,0,0,0,0.0,0.0,0.0,0.0,0.0,Matches,bd142efb,0.024390243902439025,0.043478260869565216,0.15000000000000002,0.06666666666666667,372.0,0.19852564102564108
916,Benjamin Tahirovic,MF,ba Bosnia–Herz,23-136,1.dk Brøndby,2003,4,2,0.3425253991291727,2.6,0.0,0.0,0,0,0,0,0,0,0.0,0.0,0.0,0.0,0.0,Matches,eb3022c3,0.024390243902439025,0.0,0.2,0.26666666666666666,237.0,0.10091920657958395
917,Zaid Tahseen,DF,iq Iraq,25-169,1.uz Pakhtakor Tashkent FK,2001,2,2,0.21480406386066764,1.7,0.0,0.0,0,0,0,0,1,0,0.0,0.0,0.0,0.0,0.0,Matches,f3380f7e,0.04878048780487805,0.0,0.05,0.0,149.0,0.06546081277213353
918,Chemsdine Talbi,MF,ma Morocco,21-069,1.eng Sunderland,2005,5,1,0.2583454281567489,2.0,0.0,0.2,1,0,0,0,0,0,0.0,0.5,0.5,0.0,0.5,Matches,47ce793b,0.04878048780487805,0.0,0.1,0.13333333333333333,179.0,0.11916787614900823
919,Montassar Talbi,DF,tn Tunisia,28-052,1.fr Lorient,1998,3,3,0.3904208998548621,3.0,0.0,0.0,0,0,0,0,0,0,0.0,0.0,0.0,0.0,0.0,Matches,a4a44eb0,0.024390243902439025,0.0,0.1,0.3333333333333333,270.0,0.23975084663763907
920,Hassan Al Tambakti,DF,sa Saudi Arabia,27-158,1.sa Al-Hilal,1999,3,3,0.3062409288824383,2.4,0.0,0.0,0,0,0,0,0,0,0.0,0.0,0.0,0.0,0.0,Matches,6d78c320,0.0,0.0,0.15000000000000002,0.2,212.0,0.19874818577648767
921,Ao Tanaka,MF,jp Japan,27-310,1.eng Leeds United,1998,3,2,0.27866473149492016,2.1,0.0,0.0,0,0,0,0,0,0,0.0,0.0,0.0,0.0,0.0,Matches,1d36d6b6,0.04878048780487805,0.0,0.30000000000000004,0.06666666666666667,193.0,0.0945331398161587
922,Shogo Taniguchi,DF,jp Japan,35-002,1.be Sint-Truiden,1991,3,2,0.3352685050798258,2.6,0.0,0.0,0,0,0,0,1,0,0.0,0.0,0.0,0.0,0.0,Matches,828a9c47,0.0,0.0,0.0,0.06666666666666667,232.0,0.0903870343492985
923,Mehdi Taremi,FW,ir IR Iran,33-364,1.gr Olympiacos,1992,3,3,0.37445573294629897,2.9,0.0,0.0,0,0,0,1,0,0,0.0,0.0,0.0,0.0,0.0,Matches,4c2a5d34,0.12195121951219512,0.08695652173913043,0.1,0.13333333333333333,259.0,0.03743372216330859
924,Aurélien Tchouaméni,MF,fr France,26-171,1.es Real Madrid,2000,4,4,0.521044992743106,4.0,0.0,0.2,1,0,0,0,1,0,0.0,0.25,0.25,0.0,0.25,Matches,4f255115,0.07317073170731708,0.0,0.7000000000000001,0.4,360.0,0.2921044992743106
925,Arthur Theate,DF,be Belgium,26-053,1.de Frankfurt,2000,3,2,0.32946298984034833,2.5,0.0,0.0,0,0,0,0,0,0,0.0,0.0,0.0,0.0,0.0,Matches,df8d6029,0.12195121951219512,0.043478260869565216,0.0,0.2,228.0,0.13589259796806966
926,Igor Thiago,FW,br Brazil,25-021,1.eng Brentford,2001,1,1,0.08708272859216257,0.7,0.0,0.0,0,0,0,0,0,0,0.0,0.0,0.0,0.0,0.0,Matches,dc45ac24,0.04878048780487805,0.043478260869565216,0.05,0.0,61.0,0.016277836691410395
927,Malick Thiaw,DFMF,de Germany,24-343,1.eng Newcastle,2001,2,0,0.059506531204644414,0.5,0.0,0.0,0,0,0,0,0,0,0.0,0.0,0.0,0.0,0.0,Matches,ff5ea0bf,0.0,0.0,0.1,0.0,42.0,0.05690130624092889
928,Ryan Thomas,MF,nz New Zealand,31-209,1.nl Zwolle,1994,3,1,0.11901306240928883,0.9,0.0,0.0,0,0,0,0,0,0,0.0,0.0,0.0,0.0,0.0,Matches,95efdac2,0.0,0.0,0.1,0.0,83.0,0.031901306240928885
929,Brandon Thomas-Asante,FWMF,gh Ghana,27-200,2.eng Coventry City,1998,2,0,0.07547169811320756,0.6,0.0,0.0,0,0,0,0,0,0,0.0,0.0,0.0,0.0,0.0,Matches,fb152f96,0.024390243902439025,0.0,0.0,0.0,53.0,0.0075471698113207565
930,Morten Thorsby,MF,no Norway,30-073,1.it Cremonese,1996,1,0,0.06386066763425255,0.5,0.0,0.0,0,0,0,0,0,0,0.0,0.0,0.0,0.0,0.0,Matches,d1b49282,0.0,0.0,0.05,0.06666666666666667,45.0,0.023052733430091926
931,Kristian Thorstvedt,MF,no Norway,27-126,1.it Sassuolo,1999,2,1,0.08998548621190132,0.7,0.0,0.0,0,0,0,0,0,0,0.0,0.0,0.0,0.0,0.0,Matches,76ff8d0d,0.07317073170731708,0.043478260869565216,0.05,0.0,63.0,0.018998548621190135
932,Marcus Thuram,FWMF,fr France,28-345,1.it Inter,1997,1,0,0.0,0.0,0.0,0.0,0,0,0,0,0,0,0.0,0.0,0.0,0.0,0.0,Matches,6f8cd6d0,0.0,0.0,0.0,0.0,1.0,0.0
933,Youri Tielemans,MF,be Belgium,29-071,1.eng Aston Villa,1997,5,5,0.6865021770682148,5.3,0.25,0.0,2,1,1,1,0,0,0.38,0.0,0.38,0.19,0.19,Matches,56f7a928,0.2682926829268293,0.13043478260869565,0.30000000000000004,0.13333333333333333,474.0,0.21698355104015482
934,Kieran Tierney,MF,sct Scotland,29-042,1.sct Celtic,1997,2,1,0.14949201741654572,1.2,0.0,0.0,0,0,0,0,0,0,0.0,0.0,0.0,0.0,0.0,Matches,fce2302c,0.04878048780487805,0.0,0.05,0.13333333333333333,104.0,0.03828253507498791
935,Guus Til,FWMF,nl Netherlands,28-207,1.nl PSV,1997,1,0,0.04499274310595065,0.4,0.0,0.0,0,0,0,0,0,0,0.0,0.0,0.0,0.0,0.0,Matches,6e44569a,0.0,0.0,0.0,0.0,32.0,0.0044992743105950654
936,Malik Tillman,MF,us United States,24-050,1.de Leverkusen,2002,5,4,0.5152394775036285,4.0,0.25,0.2,3,2,0,0,1,0,0.51,0.25,0.76,0.51,0.76,Matches,a5420709,0.1951219512195122,0.17391304347826086,0.35000000000000003,0.3333333333333333,356.0,0.2898572810836962
937,Quinten Timber,MF,nl Netherlands,25-030,1.fr Marseille,2001,2,0,0.07837445573294631,0.6,0.0,0.0,0,0,0,0,0,0,0.0,0.0,0.0,0.0,0.0,Matches,803e7aca,0.0,0.0,0.0,0.06666666666666667,55.0,0.014504112239961297
938,Takehiro Tomiyasu,DF,jp Japan,27-254,1.nl Ajax,1998,3,2,0.26560232220609575,2.0,0.0,0.0,0,0,0,0,0,0,0.0,0.0,0.0,0.0,0.0,Matches,b3af9be1,0.024390243902439025,0.0,0.05,0.13333333333333333,184.0,0.12228713110788582
939,Ivan Toney,FW,eng England,30-123,1.sa Al-Ahli,1996,1,0,0.0,0.0,0.0,0.0,0,0,0,0,0,0,0.0,0.0,0.0,0.0,0.0,Matches,e09f279b,0.04878048780487805,0.043478260869565216,0.0,0.0,1.0,0.016277836691410395
940,Mehdi Torabi,MF,ir IR Iran,31-310,1.ir Tractor,1994,1,0,0.03483309143686502,0.3,0.0,0.0,0,0,0,0,0,0,0.0,0.0,0.0,0.0,0.0,Matches,74567feb,0.0,0.0,0.0,0.06666666666666667,25.0,0.010149975810353169
941,Félix Torres Caicedo,DF,ec Ecuador,29-187,1.br Internacional,1997,1,0,0.007256894049346879,0.1,0.0,0.0,0,0,0,0,0,0,0.0,0.0,0.0,0.0,0.0,Matches,c0a8860f,0.0,0.0,0.0,0.0,6.0,0.001451378809869376
942,Ferrán Torres,FW,es Spain,26-138,1.es Barcelona,2000,7,1,0.33091436865021767,2.5,0.0,0.2,1,0,0,0,1,0,0.0,0.39,0.39,0.0,0.39,Matches,9e1035f8,0.0,0.0,0.0,0.0,229.0,0.04000000000000001
943,Sebastian Tounekti,FW,tn Tunisia,24-004,1.sct Celtic,2002,3,1,0.12046444121915821,0.9,0.0,0.0,0,0,0,0,0,0,0.0,0.0,0.0,0.0,0.0,Matches,584fee1f,0.0,0.0,0.0,0.0,84.0,0.0
944,Bazoumana Touré,MF,ci Côte d'Ivoire,20-137,1.de Hoffenheim,2006,3,1,0.1146589259796807,0.9,0.0,0.0,0,0,0,0,0,0,0.0,0.0,0.0,0.0,0.0,Matches,93945a50,0.0,0.0,0.05,0.0,80.0,0.02146589259796807
945,Mo Touré,FW,au Australia,22-113,2.eng Norwich City,2004,3,2,0.23802612481857766,1.8,0.0,0.0,0,0,0,0,0,0,0.0,0.0,0.0,0.0,0.0,Matches,8ac64b4e,0.0975609756097561,0.043478260869565216,0.05,0.0,165.0,0.026033934252386006
946,Kai Trewin,DFMF,au Australia,25-060,1.us NYCFC,2001,1,0,0.10740203193033382,0.8,0.0,0.0,0,0,0,0,0,0,0.0,0.0,0.0,0.0,0.0,Matches,1ab3d134,0.024390243902439025,0.0,0.0,0.13333333333333333,75.0,0.06814707305273343
947,Trézéguet,MF,eg Egypt,31-289,1.eg Al Ahly,1994,4,1,0.2365747460087083,1.8,0.125,0.2,2,1,0,0,0,0,0.55,0.55,1.1,0.55,1.1,Matches,3ae14ed1,0.1951219512195122,0.13043478260869565,0.0,0.06666666666666667,164.0,0.1278241412675375
948,Francisco Trincão,FWMF,pt Portugal,26-200,1.pt Sporting CP,1999,1,0,0.03918722786647315,0.3,0.0,0.0,0,0,0,0,0,0,0.0,0.0,0.0,0.0,0.0,Matches,77e39b04,0.024390243902439025,0.0,0.05,0.0,28.0,0.013918722786647318
949,Leandro Trossard,MFFW,be Belgium,31-225,1.eng Arsenal,1994,6,6,0.7329462989840348,5.6,0.25,0.4,4,2,0,0,0,0,0.36,0.36,0.71,0.36,0.71,Matches,38ceb24a,0.41463414634146345,0.13043478260869565,0.05,0.26666666666666666,506.0,0.3049612965650702
950,Auston Trusty,DF,us United States,27-339,1.sct Celtic,1998,2,1,0.14513788098693758,1.1,0.125,0.0,1,1,0,0,0,0,0.89,0.0,0.89,0.89,0.89,Matches,cddf767b,0.07317073170731708,0.08695652173913043,0.05,0.26666666666666666,101.0,0.14486090953072084
951,Axel Tuanzebe,DF,cd Congo DR,28-245,1.eng Burnley,1997,4,4,0.521044992743106,4.0,0.0,0.0,0,0,0,0,0,0,0.0,0.0,0.0,0.0,0.0,Matches,2baec6ce,0.0,0.0,0.1,0.06666666666666667,360.0,0.17254233188195453
952,Matt Turner,GK,us United States,32-023,1.us NE Revolution,1994,1,1,0.12917271407837447,1.0,0.0,0.0,0,0,0,0,0,0,0.0,0.0,0.0,0.0,0.0,Matches,4a51ba65,0.0,0.0,0.0,0.0,90.0,0.0
953,Ayase Ueda,FW,jp Japan,27-310,1.nl Feyenoord,1998,4,4,0.46444121915820025,3.6,0.25,0.2,3,2,0,0,0,0,0.56,0.28,0.84,0.56,0.84,Matches,c0295327,0.21951219512195122,0.17391304347826086,0.05,0.0,321.0,0.2224893955461294
954,Manuel Ugarte,MF,uy Uruguay,25-097,1.eng Manchester Utd,2001,3,3,0.26560232220609575,2.0,0.0,0.0,0,0,0,0,0,0,0.0,0.0,0.0,0.0,0.0,Matches,c9817014,0.07317073170731708,0.043478260869565216,0.05,0.2,184.0,0.05656023222060958
955,Deniz Undav,FW,de Germany,29-363,1.de Stuttgart,1996,4,1,0.2177068214804064,1.7,0.375,0.4,5,3,0,0,0,0,1.79,1.19,2.98,1.79,2.98,Matches,dd549382,0.14634146341463417,0.17391304347826086,0.0,0.0,151.0,0.30410524920466603
956,Dayot Upamecano,DF,fr France,27-263,1.de Bayern Munich,1998,7,7,0.8911465892597968,6.8,0.0,0.0,0,0,0,0,0,0,0.0,0.0,0.0,0.0,0.0,Matches,d248cd8f,0.0975609756097561,0.08695652173913043,0.6000000000000001,1.0,615.0,0.7982293178519595
957,Jakhongir Urozov,DF,uz Uzbekistan,22-180,1.uz FK Dinamo Samarqand,2004,2,1,0.13642960812772134,1.1,0.0,0.0,0,0,0,0,0,0,0.0,0.0,0.0,0.0,0.0,Matches,71210bed,0.0,0.0,0.0,0.06666666666666667,95.0,0.050619254958877605
958,Oston Urunov,MF,uz Uzbekistan,25-210,1.ir Persepolis,2000,2,1,0.08998548621190132,0.7,0.0,0.0,0,0,0,0,0,0,0.0,0.0,0.0,0.0,0.0,Matches,56521adf,0.0,0.0,0.0,0.06666666666666667,63.0,0.0156652152878568
959,Can Uzun,MF,tr Türkiye,20-248,1.de Frankfurt,2005,2,0,0.05370101596516691,0.4,0.0,0.2,1,0,0,0,0,0,0.0,2.37,2.37,0.0,2.37,Matches,1d0b134a,0.0975609756097561,0.043478260869565216,0.0,0.0,38.0,0.06537010159651668
960,Enner Valencia,FW,ec Ecuador,36-255,1.mx Pachuca,1989,4,4,0.4150943396226415,3.2,0.0,0.0,0,0,0,0,0,0,0.0,0.0,0.0,0.0,0.0,Matches,fb485406,0.24390243902439024,0.2608695652173913,0.05,0.0,287.0,0.08791092258748674
961,Yan Valery,DF,tn Tunisia,27-145,1.ch Young Boys,1999,3,3,0.36284470246734396,2.8,0.0,0.0,0,0,0,0,0,0,0.0,0.0,0.0,0.0,0.0,Matches,531a4aa8,0.0,0.0,0.05,0.26666666666666666,251.0,0.18840227382680214
962,Federico Valverde,MF,uy Uruguay,27-360,1.es Real Madrid,1998,3,3,0.34107402031930334,2.6,0.0,0.0,0,0,0,0,0,0,0.0,0.0,0.0,0.0,0.0,Matches,0959c2a2,0.24390243902439024,0.08695652173913043,0.1,0.2,236.0,0.07410740203193034
963,Virgil van Dijk,DF,nl Netherlands,35-009,1.eng Liverpool,1991,4,4,0.5645863570391872,4.3,0.125,0.2,2,1,0,0,0,0,0.23,0.23,0.46,0.23,0.46,Matches,e06683ca,0.04878048780487805,0.08695652173913043,0.05,0.2,390.0,0.20541727140783744
964,Hans Vanaken,MF,be Belgium,33-327,1.be Club Brugge,1992,6,3,0.4615384615384615,3.5,0.125,0.4,3,1,0,0,0,0,0.28,0.56,0.85,0.28,0.85,Matches,392a7aea,0.12195121951219512,0.043478260869565216,0.05,0.06666666666666667,319.0,0.22032051282051282
965,Guillermo Varela,DF,uy Uruguay,33-115,1.br Flamengo,1993,3,3,0.3904208998548621,3.0,0.0,0.0,0,0,0,0,1,0,0.0,0.0,0.0,0.0,0.0,Matches,5c961282,0.04878048780487805,0.0,0.05,0.4666666666666667,270.0,0.26391751330430574
966,Hélio Varela,FW,cv Cabo Verde,24-075,1.il Maccabi Tel Aviv,2002,3,0,0.14949201741654572,1.2,0.125,0.0,1,1,0,0,0,0,0.87,0.0,0.87,0.87,0.87,Matches,91c99fec,0.07317073170731708,0.043478260869565216,0.0,0.0,104.0,0.07740588547189821
967,Camilo Vargas,GK,co Colombia,37-130,1.mx Atlas,1989,5,5,0.6952104499274311,5.3,0.0,0.0,0,0,0,0,0,0,0.0,0.0,0.0,0.0,0.0,Matches,004e3d0f,0.0,0.0,0.0,0.0,480.0,0.0
968,Obed Vargas,MF,mx Mexico,20-346,1.es Atlético Madrid,2005,3,0,0.09433962264150944,0.7,0.0,0.0,0,0,0,0,0,0,0.0,0.0,0.0,0.0,0.0,Matches,9cc1fde4,0.024390243902439025,0.043478260869565216,0.1,0.06666666666666667,66.0,0.03610062893081761
969,Ruben Vargas,MF,ch Switzerland,27-346,1.es Sevilla,1998,6,3,0.41074020319303334,3.2,0.25,0.2,3,2,0,0,0,0,0.63,0.32,0.95,0.63,0.95,Matches,6ecbddf6,0.14634146341463417,0.17391304347826086,0.1,0.13333333333333333,284.0,0.20940735365263669
970,Nikola Vasilj,GK,ba Bosnia–Herz,30-227,1.de St Pauli,1995,4,4,0.521044992743106,4.0,0.0,0.0,0,0,0,0,0,0,0.0,0.0,0.0,0.0,0.0,Matches,f038585f,0.0,0.0,0.0,0.0,360.0,0.0
971,Johan Vásquez,DF,mx Mexico,27-268,1.it Genoa,1998,4,4,0.521044992743106,4.0,0.0,0.0,0,0,0,0,1,0,0.0,0.0,0.0,0.0,0.0,Matches,5eaed77a,0.024390243902439025,0.0,0.05,0.13333333333333333,360.0,0.17337566521528786
972,Alexis Vega,FWMF,mx Mexico,28-234,1.mx Toluca,1997,1,0,0.015965166908563134,0.1,0.0,0.0,0,0,0,0,0,0,0.0,0.0,0.0,0.0,0.0,Matches,f40f4c38,0.0,0.0,0.0,0.0,12.0,0.0015965166908563134
973,Renato Veiga,DF,pt Portugal,22-353,1.es Villarreal,2003,5,5,0.6516690856313498,5.0,0.0,0.0,0,0,0,0,2,0,0.0,0.0,0.0,0.0,0.0,Matches,fc8fcbd1,0.04878048780487805,0.0,0.05,0.4,450.0,0.29283381712627
974,Gustavo Velásquez,DF,py Paraguay,35-091,1.py Cerro Porteño,1991,5,2,0.3555878084179971,2.7,0.0,0.0,0,0,0,0,0,0,0.0,0.0,0.0,0.0,0.0,Matches,b99b4cf5,0.0,0.0,0.05,0.06666666666666667,246.0,0.11695089501693276
975,Nishan Velupillay,MF,au Australia,25-071,1.au Melb. Victory,2001,2,1,0.10740203193033382,0.8,0.0,0.0,0,0,0,0,0,0,0.0,0.0,0.0,0.0,0.0,Matches,40cb6b33,0.0,0.0,0.05,0.0,75.0,0.020740203193033387
976,Micky van de Ven,DFMF,nl Netherlands,25-089,1.eng Tottenham,2001,3,3,0.38316400580551524,2.9,0.0,0.0,0,0,0,0,1,0,0.0,0.0,0.0,0.0,0.0,Matches,8fe2a392,0.07317073170731708,0.043478260869565216,0.15000000000000002,0.13333333333333333,265.0,0.19079946782776974
977,Bart Verbruggen,GK,nl Netherlands,23-333,1.eng Brighton,2002,4,4,0.5645863570391872,4.3,0.0,0.0,0,0,0,0,0,0,0.0,0.0,0.0,0.0,0.0,Matches,cf134113,0.0,0.0,0.0,0.0,390.0,0.0
978,Matías Viña,DF,uy Uruguay,28-250,1.br Flamengo,1997,1,1,0.06386066763425255,0.5,0.0,0.0,0,0,0,0,0,0,0.0,0.0,0.0,0.0,0.0,Matches,08eb3b58,0.0,0.0,0.0,0.0,45.0,0.012772133526850511
979,Federico Viñas,FW,uy Uruguay,28-017,1.es Oviedo,1998,3,2,0.27721335268505076,2.1,0.0,0.0,0,0,0,0,0,0,0.0,0.0,0.0,0.0,0.0,Matches,d30c7094,0.14634146341463417,0.13043478260869565,0.1,0.06666666666666667,192.0,0.04883351007423118
980,Denis Višinský,FW,cz Czechia,23-118,1.cz Viktoria Plzeň,2003,1,1,0.07837445573294631,0.6,0.0,0.0,0,0,0,0,0,0,0.0,0.0,0.0,0.0,0.0,Matches,d5aac0e9,0.07317073170731708,0.0,0.0,0.0,55.0,0.014634146341463417
981,Pedro Vite,MF,ec Ecuador,24-130,1.mx UNAM,2002,4,4,0.521044992743106,4.0,0.0,0.2,1,0,0,0,0,0,0.0,0.25,0.25,0.0,0.25,Matches,9c146b36,0.0975609756097561,0.043478260869565216,0.55,0.3333333333333333,360.0,0.25543783260764397
982,Vitinha,MF,pt Portugal,26-154,1.fr PSG,2000,5,5,0.544267053701016,4.2,0.0,0.0,0,0,0,0,0,0,0.0,0.0,0.0,0.0,0.0,Matches,3b029691,0.0975609756097561,0.0,0.0,0.13333333333333333,376.0,0.06776003870343494
983,Nikola Vlašić,MF,hr Croatia,28-286,1.it Torino,1997,3,2,0.2728592162554426,2.1,0.125,0.0,1,1,0,0,0,0,0.48,0.0,0.48,0.48,0.48,Matches,aa8e289e,0.07317073170731708,0.043478260869565216,0.1,0.06666666666666667,189.0,0.09145258829221092
984,Cristian Volpato,MF,au Australia,22-244,1.it Sassuolo,2003,3,2,0.23076923076923078,1.8,0.0,0.0,0,0,0,0,0,0,0.0,0.0,0.0,0.0,0.0,Matches,72f87f25,0.0975609756097561,0.043478260869565216,0.05,0.0,160.0,0.03307692307692308
985,Vozinha,GK,cv Cabo Verde,40-044,2.pt Chaves,1986,4,4,0.5645863570391872,4.3,0.0,0.0,0,0,0,0,0,0,0.0,0.0,0.0,0.0,0.0,Matches,dc04ac24,0.0,0.0,0.0,0.0,390.0,0.0
986,Francis de Vries,DF,nz New Zealand,31-231,1.au Auckland FC,1994,2,0,0.02467343976777939,0.2,0.0,0.0,0,0,0,0,0,0,0.0,0.0,0.0,0.0,0.0,Matches,90a63dda,0.0,0.0,0.0,0.06666666666666667,18.0,0.02826802128688921
987,Luka Vušković,DF,hr Croatia,19-143,1.de Hamburger SV,2007,1,1,0.09288824383164006,0.7,0.0,0.0,0,0,0,0,0,0,0.0,0.0,0.0,0.0,0.0,Matches,fd6bdbce,0.0,0.0,0.0,0.06666666666666667,65.0,0.04191098209966135
988,Elye Wahi,FW,ci Côte d'Ivoire,23-196,1.fr Nice,2003,3,1,0.158200290275762,1.2,0.0,0.0,0,0,0,0,0,0,0.0,0.0,0.0,0.0,0.0,Matches,0d7b6576,0.07317073170731708,0.08695652173913043,0.05,0.0,110.0,0.02767762460233298
989,Aaron Wan-Bissaka,DF,cd Congo DR,28-233,1.eng West Ham,1997,4,4,0.5123367198838897,3.9,0.0,0.0,0,0,0,0,0,0,0.0,0.0,0.0,0.0,0.0,Matches,9e525177,0.0,0.0,0.2,0.4666666666666667,354.0,0.35580067731011134
990,Paul Wanner,MF,at Austria,20-206,1.nl PSV,2005,4,2,0.33817126269956455,2.6,0.0,0.0,0,0,0,0,0,0,0.0,0.0,0.0,0.0,0.0,Matches,cb64672e,0.024390243902439025,0.0,0.05,0.13333333333333333,234.0,0.057150459603289794
991,Tsuyoshi Watanabe,DF,jp Japan,29-162,1.nl Feyenoord,1997,2,1,0.12917271407837447,1.0,0.0,0.0,0,0,0,0,0,0,0.0,0.0,0.0,0.0,0.0,Matches,d5f5955a,0.0,0.0,0.1,0.0,90.0,0.0708345428156749
992,Cecilio Waterman,FW,pa Panama,35-095,1.cl U Concepción,1991,2,1,0.1088534107402032,0.8,0.0,0.0,0,0,0,0,0,0,0.0,0.0,0.0,0.0,0.0,Matches,ddd5637f,0.04878048780487805,0.043478260869565216,0.0,0.0,76.0,0.016277836691410395
993,Ollie Watkins,FWMF,eng England,30-199,1.eng Aston Villa,1995,1,0,0.008708272859216255,0.1,0.0,0.0,0,0,0,0,0,0,0.0,0.0,0.0,0.0,0.0,Matches,aed3a70f,0.024390243902439025,0.0,0.05,0.0,7.0,0.010870827285921628
994,Timothy Weah,MF,us United States,26-145,1.fr Marseille,2000,2,1,0.1088534107402032,0.8,0.0,0.0,0,0,0,0,0,0,0.0,0.0,0.0,0.0,0.0,Matches,8eec784d,0.04878048780487805,0.0,0.0,0.0,76.0,0.010885341074020321
995,Wout Weghorst,FW,nl Netherlands,33-344,1.nl Ajax,1992,1,0,0.07111756168359942,0.6,0.0,0.0,0,0,0,0,0,0,0.0,0.0,0.0,0.0,0.0,Matches,c4e87b8b,0.0,0.0,0.05,0.0,50.0,0.0
996,Jacob Widell Zetterström,GK,se Sweden,28-006,2.eng Derby County,1998,2,2,0.2597968069666183,2.0,0.0,0.0,0,0,0,0,0,0,0.0,0.0,0.0,0.0,0.0,Matches,ac5120d8,0.0,0.0,0.0,0.0,180.0,0.0
997,Silvan Widmer,DF,ch Switzerland,33-134,1.de Mainz 05,1993,5,1,0.2525399129172714,1.9,0.0,0.0,0,0,0,0,0,0,0.0,0.0,0.0,0.0,0.0,Matches,f68b64fc,0.0,0.0,0.2,0.06666666666666667,175.0,0.16384131591678763
998,Iñaki Williams,MFFW,gh Ghana,32-032,1.es Athletic Club,1994,2,2,0.181422351233672,1.4,0.0,0.0,0,0,0,0,1,0,0.0,0.0,0.0,0.0,0.0,Matches,6a99e0b1,0.07317073170731708,0.0,0.0,0.06666666666666667,126.0,0.02480890179003387
999,Nico Williams,MF,es Spain,24-005,1.es Athletic Club,2002,5,0,0.09579100145137881,0.7,0.0,0.0,0,0,0,0,0,0,0.0,0.0,0.0,0.0,0.0,Matches,afdc14d7,0.0975609756097561,0.08695652173913043,0.05,0.06666666666666667,67.0,0.02624576681180455
1000,Ronwen Williams,GK,za South Africa,34-177,1.za Sundowns,1992,4,4,0.521044992743106,4.0,0.0,0.0,0,0,0,0,0,0,0.0,0.0,0.0,0.0,0.0,Matches,a66cc153,0.0,0.0,0.0,0.06666666666666667,360.0,0.0
1001,Patrick Wimmer,FWMF,at Austria,25-048,1.de Wolfsburg,2001,2,0,0.02902757619738752,0.2,0.0,0.0,0,0,0,0,0,0,0.0,0.0,0.0,0.0,0.0,Matches,cb11b429,0.024390243902439025,0.0,0.0,0.13333333333333333,21.0,0.016236090953072088
1002,Florian Wirtz,MF,de Germany,23-075,1.eng Liverpool,2003,4,4,0.5224963715529753,4.0,0.0,0.6000000000000001,3,0,0,0,0,0,0.0,0.75,0.75,0.0,0.75,Matches,e7fcf289,0.24390243902439024,0.043478260869565216,0.30000000000000004,0.13333333333333333,361.0,0.3055829704886309
1003,Yoane Wissa,FW,cd Congo DR,29-317,1.eng Newcastle,1996,4,4,0.521044992743106,4.0,0.375,0.0,3,2,1,1,0,0,0.75,0.0,0.75,0.5,0.5,Matches,2500cef9,0.2682926829268293,0.13043478260869565,0.05,0.0,360.0,0.2419737539766702
1004,Axel Witsel,DFMF,be Belgium,37-186,1.es Girona,1989,2,0,0.04644412191582003,0.4,0.0,0.0,0,0,0,0,1,0,0.0,0.0,0.0,0.0,0.0,Matches,5dfc6ad5,0.0,0.0,0.0,0.0,33.0,0.009288824383164007
1005,Nick Woltemade,FWMF,de Germany,24-153,1.eng Newcastle,2002,1,0,0.04644412191582003,0.4,0.0,0.0,0,0,0,0,0,0,0.0,0.0,0.0,0.0,0.0,Matches,7ca196eb,0.04878048780487805,0.0,0.05,0.0,33.0,0.014644412191582006
1006,Chris Wood,FW,nz New Zealand,34-222,1.eng Nottingham,1991,3,3,0.3904208998548621,3.0,0.0,0.4,2,0,0,0,0,0,0.0,0.67,0.67,0.0,0.67,Matches,4e9a0555,0.12195121951219512,0.08695652173913043,0.05,0.0,270.0,0.1174337221633086
1007,Haji Wright,FWMF,us United States,28-112,2.eng Coventry City,1998,2,0,0.001451378809869376,0.0,0.0,0.0,0,0,0,0,0,0,0.0,0.0,0.0,0.0,0.0,Matches,91cd37b7,0.0,0.0,0.0,0.0,2.0,0.0001451378809869376
1008,Granit Xhaka,MF,ch Switzerland,33-293,1.eng Sunderland,1992,6,6,0.8693759071117562,6.7,0.125,0.0,1,0,1,1,2,0,0.15,0.0,0.15,0.0,0.0,Matches,e61b8aee,0.21951219512195122,0.08695652173913043,0.2,0.26666666666666666,600.0,0.1911042573778423
1009,Kevin Yakob,MF,iq Iraq,25-280,1.dk AGF,2000,1,0,0.033381712626995644,0.3,0.0,0.0,0,0,0,0,0,0,0.0,0.0,0.0,0.0,0.0,Matches,18d3b8df,0.024390243902439025,0.0,0.0,0.06666666666666667,24.0,0.010004837929366232
1010,Lamine Yamal,MFFW,es Spain,19-004,1.es Barcelona,2007,7,6,0.7155297532656023,5.5,0.125,0.0,1,1,0,0,0,0,0.18,0.0,0.18,0.18,0.18,Matches,82ec26c1,0.6585365853658537,0.5217391304347826,0.45,0.13333333333333333,494.0,0.21238630865989355
1011,Yannick,MF,cv Cabo Verde,30-200,2.pt Farense,1995,2,0,0.04499274310595065,0.4,0.0,0.2,1,0,0,0,0,0,0.0,2.81,2.81,0.0,2.81,Matches,6246aa55,0.024390243902439025,0.0,0.05,0.13333333333333333,32.0,0.0878326076439284
1012,Gessime Yassine,MF,ma Morocco,20-237,1.fr Strasbourg,2005,3,0,0.1146589259796807,0.9,0.125,0.0,1,1,0,0,0,0,1.13,0.0,1.13,1.13,1.13,Matches,f5ccae19,0.04878048780487805,0.043478260869565216,0.1,0.06666666666666667,80.0,0.07563255926463473
1013,John Yeboah,MF,ec Ecuador,26-024,2.it Venezia,2000,4,4,0.4499274310595065,3.5,0.0,0.0,0,0,0,0,0,0,0.0,0.0,0.0,0.0,0.0,Matches,8dfdc6c3,0.1951219512195122,0.13043478260869565,0.15000000000000002,0.2,311.0,0.09499274310595066
1014,Tete Yengi,FW,au Australia,25-231,1.jp Machida Zelvia,2000,2,0,0.033381712626995644,0.3,0.0,0.0,0,0,0,0,0,0,0.0,0.0,0.0,0.0,0.0,Matches,1c215c70,0.024390243902439025,0.043478260869565216,0.1,0.0,24.0,0.011399787910922589
1015,Kenan Yıldız,MF,tr Türkiye,21-074,1.it Juventus,2005,3,2,0.3149492017416545,2.4,0.0,0.0,0,0,0,0,0,0,0.0,0.0,0.0,0.0,0.0,Matches,d8cda243,0.34146341463414637,0.043478260869565216,0.1,0.06666666666666667,218.0,0.05816158684083213
1016,Caleb Yirenkyi,MF,gh Ghana,20-183,1.dk Nordsjælland,2006,4,3,0.38171262699564584,2.9,0.125,0.0,1,1,0,0,2,0,0.34,0.0,0.34,0.34,0.34,Matches,d40ce7b0,0.04878048780487805,0.043478260869565216,0.05,0.2,264.0,0.10567126269956459
1017,Seol Young-woo,MF,kr Korea Republic,27-224,1.rs Red Star,1998,3,3,0.36139332365747456,2.8,0.0,0.0,0,0,0,0,0,0,0.0,0.0,0.0,0.0,0.0,Matches,8e577e1d,0.04878048780487805,0.0,0.0,0.06666666666666667,250.0,0.042805999032414124
1018,Manaf Younis,DF,iq Iraq,29-243,1.iq Al-Shorta,1996,1,0,0.10740203193033382,0.8,0.0,0.0,0,0,0,0,0,0,0.0,0.0,0.0,0.0,0.0,Matches,b798826e,0.0,0.0,0.05,0.06666666666666667,75.0,0.0673137397194001
1019,Aria Yousefi,MF,ir IR Iran,24-086,1.ir Sepahan,2002,1,1,0.06386066763425255,0.5,0.0,0.0,0,0,0,0,0,0,0.0,0.0,0.0,0.0,0.0,Matches,fd069512,0.024390243902439025,0.043478260869565216,0.0,0.06666666666666667,45.0,0.013052733430091923
1020,Ali Yousif,FW,iq Iraq,30-179,1.iq Al-Talaba,1996,1,0,0.04644412191582003,0.4,0.0,0.0,0,0,0,0,0,0,0.0,0.0,0.0,0.0,0.0,Matches,943fd50a,0.0,0.0,0.05,0.0,33.0,0.0
1021,İsmail Yüksek,MF,tr Türkiye,27-172,1.tr Fenerbahçe,1999,2,2,0.2002902757619739,1.5,0.0,0.0,0,0,0,0,0,0,0.0,0.0,0.0,0.0,0.0,Matches,6c5af908,0.12195121951219512,0.0,0.25,0.13333333333333333,139.0,0.08336236090953072
1022,Utkir Yusupov,GK,uz Uzbekistan,35-194,1.uz Navbahor,1991,1,1,0.12917271407837447,1.0,0.0,0.0,0,0,0,0,0,0,0.0,0.0,0.0,0.0,0.0,Matches,31caffaf,0.0,0.0,0.0,0.0,90.0,0.0
1023,Warren Zaïre-Emery,DFMF,fr France,20-131,1.fr PSG,2006,1,0,0.027576197387518143,0.2,0.0,0.0,0,0,0,0,0,0,0.0,0.0,0.0,0.0,0.0,Matches,6b9960cf,0.024390243902439025,0.0,0.0,0.06666666666666667,20.0,0.02884857281083696
1024,Denis Zakaria,DF,ch Switzerland,29-239,1.fr Monaco,1996,4,4,0.5166908563134979,4.0,0.0,0.0,0,0,0,0,2,0,0.0,0.0,0.0,0.0,0.0,Matches,384d58d9,0.12195121951219512,0.08695652173913043,0.25,0.6,357.0,0.42583817126269957
1025,Jaroslav Zelený,MF,cz Czechia,33-331,1.cz Sparta Prague,1992,2,1,0.181422351233672,1.4,0.0,0.0,0,0,0,0,0,0,0.0,0.0,0.0,0.0,0.0,Matches,bc647827,0.024390243902439025,0.0,0.0,0.0,126.0,0.0181422351233672
1026,Alejandro Zendejas,FWMF,us United States,28-160,1.mx América,1998,1,0,0.018867924528301886,0.2,0.0,0.0,0,0,0,0,0,0,0.0,0.0,0.0,0.0,0.0,Matches,d717b80e,0.024390243902439025,0.0,0.05,0.0,14.0,0.01188679245283019
1027,Besfort Zeneli,MF,se Sweden,23-238,1.be Union SG,2002,2,0,0.08563134978229318,0.7,0.0,0.0,0,0,0,0,0,0,0.0,0.0,0.0,0.0,0.0,Matches,6be253bf,0.024390243902439025,0.043478260869565216,0.0,0.06666666666666667,60.0,0.015229801644895985
1028,Ramiz Zerrouki,MF,dz Algeria,28-052,1.nl Twente,1998,3,2,0.15965166908563136,1.2,0.0,0.0,0,0,0,0,1,0,0.0,0.0,0.0,0.0,0.0,Matches,c762b1a6,0.0,0.0,0.05,0.13333333333333333,111.0,0.039298500241896475
1029,Luca Zidane,GK,dz Algeria,28-065,2.es Granada,1998,3,3,0.3904208998548621,3.0,0.0,0.0,0,0,0,0,0,0,0.0,0.0,0.0,0.0,0.0,Matches,c818c4d9,0.0,0.0,0.0,0.0,270.0,0.0
1030,Mostafa Ziko,FWMF,eg Egypt,29-081,1.eg Pyramids FC,1997,5,5,0.5355587808417998,4.1,0.25,0.2,3,2,0,0,0,0,0.49,0.24,0.73,0.49,0.73,Matches,68ff8437,0.1951219512195122,0.13043478260869565,0.2,0.13333333333333333,370.0,0.24188921141751332
1031,David Zima,DF,cz Czechia,25-251,1.cz Slavia Prague,2000,1,0,0.01741654571843251,0.1,0.0,0.0,0,0,0,0,0,0,0.0,0.0,0.0,0.0,0.0,Matches,acf7e795,0.0,0.0,0.0,0.0,13.0,0.0034833091436865023
1032,Zizo,MF,eg Egypt,30-188,1.eg Al Ahly,1996,4,0,0.07982583454281568,0.6,0.0,0.0,0,0,0,0,0,0,0.0,0.0,0.0,0.0,0.0,Matches,c6415ba9,0.07317073170731708,0.043478260869565216,0.05,0.0,56.0,0.01798258345428157
1033,Themba Zwane,FWMF,za South Africa,36-348,1.za Sundowns,1989,1,0,0.03193033381712627,0.3,0.0,0.0,0,0,0,0,0,1,0.0,0.0,0.0,0.0,0.0,Matches,c6f21aa8,0.0,0.0,0.0,0.0,23.0,0.003193033381712627
1034,Martin Ødegaard,MF,no Norway,27-212,1.eng Arsenal,1998,5,5,0.6806966618287373,5.2,0.0,0.8,4,0,0,0,0,0,0.0,0.77,0.77,0.0,0.77,Matches,79300479,0.21951219512195122,0.13043478260869565,0.2,0.2,470.0,0.3680696661828738
1035,Leo Østigård,DF,no Norway,26-231,1.it Genoa,1999,5,1,0.2104499274310595,1.6,0.125,0.0,1,1,0,0,0,0,0.62,0.0,0.62,0.62,0.62,Matches,b35a7399,0.07317073170731708,0.043478260869565216,0.15000000000000002,0.06666666666666667,146.0,0.13292331881954525
